<?xml version="1.0" encoding="UTF-8"?>
<kml xmlns="http://www.opengis.net/kml/2.2">
  <Document id="root_doc">
    <Schema id="mthood.schema">
      <SimpleField name="grid_id" type="float"/>
      <SimpleField name="n_obs" type="int"/>
      <SimpleField name="cluster" type="string"/>
      <SimpleField name="cluster_ordered" type="string"/>
      <SimpleField name="top_species" type="string"/>
      <SimpleField name="standouts" type="string"/>
      <SimpleField name="OGR_STYLE" type="string"/>
    </Schema>
    <Document id="mthood">
      <name>mthood</name>
      <Placemark id="mthood.1">
        <name>Area1: 137 obs</name>
        <description>13 Olsynium douglasii
10 Lomatium klickitatense
8 Lithophragma glabrum
7 Dichelostemma congestum
7 Trifolium macrocephalum
7 Triteleia grandiflora
6 Marah oregana
5 Fritillaria pudica
5 Lithophragma parviflorum
4 Centaurea cyanus

Cluster 4 standouts:
2.19 Valeriana congesta
2.14 Lomatium klickitatense
2.02 Lithophragma glabrum
1.97 Crocidium multicaule
1.86 Olsynium douglasii</description>
        <Style>
          <LineStyle>
            <width>2</width>
          </LineStyle>
          <PolyStyle>
            <color>ffc38ae7</color>
          </PolyStyle>
        </Style>
        <ExtendedData>
          <SchemaData schemaUrl="#mthood.schema">
            <SimpleData name="grid_id">1</SimpleData>
            <SimpleData name="n_obs">137</SimpleData>
            <SimpleData name="cluster">4</SimpleData>
            <SimpleData name="cluster_ordered">8</SimpleData>
            <SimpleData name="top_species">13 Olsynium douglasii
10 Lomatium klickitatense
8 Lithophragma glabrum
7 Dichelostemma congestum
7 Trifolium macrocephalum
7 Triteleia grandiflora
6 Marah oregana
5 Fritillaria pudica
5 Lithophragma parviflorum
4 Centaurea cyanus</SimpleData>
            <SimpleData name="standouts">2.19 Valeriana congesta
2.14 Lomatium klickitatense
2.02 Lithophragma glabrum
1.97 Crocidium multicaule
1.86 Olsynium douglasii</SimpleData>
            <SimpleData name="OGR_STYLE">PEN(fc:#FF666666,w:2px);BRUSH(fc:#E78AC3FF)</SimpleData>
          </SchemaData>
        </ExtendedData>
        <Polygon>
          <outerBoundaryIs>
            <LinearRing>
              <coordinates>
                -121.396302,45.717058,0
                -121.405013,45.718462,0
                -121.4054553,45.7183414,0
                -121.3958465,45.6996307,0
                -121.395613,45.699658,0
                -121.3952739,45.7008414,0
                -121.394683,45.703472,0
                -121.394172,45.704697,0
                -121.3941687,45.7046975,0
                -121.393708,45.706305,0
                -121.393881,45.708058,0
                -121.396302,45.717058,0
              </coordinates>
            </LinearRing>
          </outerBoundaryIs>
        </Polygon>
      </Placemark>
      <Placemark id="mthood.2">
        <name>Area2: 248 obs</name>
        <description>20 Lysimachia latifolia
14 Pteridium aquilinum
10 Gaultheria shallon
10 Maianthemum racemosum
7 Geranium lucidum
7 Holodiscus discolor
6 Linnaea borealis
6 Mahonia nervosa
6 Rubus parviflorus
6 Toxicodendron diversilobum

Cluster 3 standouts:
2.10 Digitalis purpurea
1.98 Prunella vulgaris
1.96 Corydalis scouleri
1.88 Gaultheria shallon
1.83 Vaccinium parvifolium</description>
        <Style>
          <LineStyle>
            <width>2</width>
          </LineStyle>
          <PolyStyle>
            <color>ffcba08d</color>
          </PolyStyle>
        </Style>
        <ExtendedData>
          <SchemaData schemaUrl="#mthood.schema">
            <SimpleData name="grid_id">2</SimpleData>
            <SimpleData name="n_obs">248</SimpleData>
            <SimpleData name="cluster">3</SimpleData>
            <SimpleData name="cluster_ordered">4</SimpleData>
            <SimpleData name="top_species">20 Lysimachia latifolia
14 Pteridium aquilinum
10 Gaultheria shallon
10 Maianthemum racemosum
7 Geranium lucidum
7 Holodiscus discolor
6 Linnaea borealis
6 Mahonia nervosa
6 Rubus parviflorus
6 Toxicodendron diversilobum</SimpleData>
            <SimpleData name="standouts">2.10 Digitalis purpurea
1.98 Prunella vulgaris
1.96 Corydalis scouleri
1.88 Gaultheria shallon
1.83 Vaccinium parvifolium</SimpleData>
            <SimpleData name="OGR_STYLE">PEN(fc:#FF666666,w:2px);BRUSH(fc:#8DA0CBFF)</SimpleData>
          </SchemaData>
        </ExtendedData>
        <Polygon>
          <outerBoundaryIs>
            <LinearRing>
              <coordinates>
                -122.351036,45.29742,0
                -122.351085,45.295205,0
                -122.3428433,45.2888215,0
                -122.329833,45.280647,0
                -122.3156342,45.2677468,0
                -122.311219,45.264327,0
                -122.310468,45.264981,0
                -122.3101953,45.2657605,0
                -122.3218753,45.3337426,0
                -122.34842,45.313719,0
                -122.351036,45.29742,0
              </coordinates>
            </LinearRing>
          </outerBoundaryIs>
        </Polygon>
      </Placemark>
      <Placemark id="mthood.3">
        <name>Area3: 142 obs</name>
        <description>20 Anaphalis margaritacea
14 Geranium robertianum
8 Holodiscus discolor
8 Toxicodendron diversilobum
6 Achillea millefolium
5 Penstemon serrulatus
5 Tellima grandiflora
4 Aquilegia formosa
4 Pandion haliaetus
4 Ribes sanguineum

Cluster 8 standouts:
2.07 Tellima grandiflora
2.00 Adiantum aleuticum
1.92 Geranium robertianum
1.90 Sedum spathulifolium
1.87 Heracleum maximum</description>
        <Style>
          <LineStyle>
            <width>2</width>
          </LineStyle>
          <PolyStyle>
            <color>ffb3b3b3</color>
          </PolyStyle>
        </Style>
        <ExtendedData>
          <SchemaData schemaUrl="#mthood.schema">
            <SimpleData name="grid_id">3</SimpleData>
            <SimpleData name="n_obs">142</SimpleData>
            <SimpleData name="cluster">8</SimpleData>
            <SimpleData name="cluster_ordered">3</SimpleData>
            <SimpleData name="top_species">20 Anaphalis margaritacea
14 Geranium robertianum
8 Holodiscus discolor
8 Toxicodendron diversilobum
6 Achillea millefolium
5 Penstemon serrulatus
5 Tellima grandiflora
4 Aquilegia formosa
4 Pandion haliaetus
4 Ribes sanguineum</SimpleData>
            <SimpleData name="standouts">2.07 Tellima grandiflora
2.00 Adiantum aleuticum
1.92 Geranium robertianum
1.90 Sedum spathulifolium
1.87 Heracleum maximum</SimpleData>
            <SimpleData name="OGR_STYLE">PEN(fc:#FF666666,w:2px);BRUSH(fc:#B3B3B3FF)</SimpleData>
          </SchemaData>
        </ExtendedData>
        <Polygon>
          <outerBoundaryIs>
            <LinearRing>
              <coordinates>
                -122.1145532,45.5759995,0
                -122.110356,45.5783298,0
                -122.110093,45.578853,0
                -122.110036,45.579548,0
                -122.113953,45.57995,0
                -122.1141371,45.5787385,0
                -122.113994,45.57858,0
                -122.113464,45.577977,0
                -122.113511,45.577418,0
                -122.113766,45.576805,0
                -122.114455,45.57612,0
                -122.1145415,45.5760763,0
                -122.1145532,45.5759995,0
              </coordinates>
            </LinearRing>
          </outerBoundaryIs>
        </Polygon>
      </Placemark>
      <Placemark id="mthood.4">
        <name>Area4: 257 obs</name>
        <description>19 Aquilegia formosa
13 Heracleum maximum
12 Adiantum aleuticum
11 Holodiscus discolor
10 Valeriana congesta
8 Ariolimax columbianus
8 Rubus parviflorus
8 Valeriana sitchensis
7 Geranium robertianum
7 Oemleria cerasiformis

Cluster 8 standouts:
2.07 Tellima grandiflora
2.00 Adiantum aleuticum
1.92 Geranium robertianum
1.90 Sedum spathulifolium
1.87 Heracleum maximum</description>
        <Style>
          <LineStyle>
            <width>2</width>
          </LineStyle>
          <PolyStyle>
            <color>ffb3b3b3</color>
          </PolyStyle>
        </Style>
        <ExtendedData>
          <SchemaData schemaUrl="#mthood.schema">
            <SimpleData name="grid_id">4</SimpleData>
            <SimpleData name="n_obs">257</SimpleData>
            <SimpleData name="cluster">8</SimpleData>
            <SimpleData name="cluster_ordered">3</SimpleData>
            <SimpleData name="top_species">19 Aquilegia formosa
13 Heracleum maximum
12 Adiantum aleuticum
11 Holodiscus discolor
10 Valeriana congesta
8 Ariolimax columbianus
8 Rubus parviflorus
8 Valeriana sitchensis
7 Geranium robertianum
7 Oemleria cerasiformis</SimpleData>
            <SimpleData name="standouts">2.07 Tellima grandiflora
2.00 Adiantum aleuticum
1.92 Geranium robertianum
1.90 Sedum spathulifolium
1.87 Heracleum maximum</SimpleData>
            <SimpleData name="OGR_STYLE">PEN(fc:#FF666666,w:2px);BRUSH(fc:#B3B3B3FF)</SimpleData>
          </SchemaData>
        </ExtendedData>
        <Polygon>
          <outerBoundaryIs>
            <LinearRing>
              <coordinates>
                -122.12803,45.575199,0
                -122.128028,45.574531,0
                -122.127678,45.574253,0
                -122.127055,45.573774,0
                -122.1266167,45.5739132,0
                -122.1259441,45.5764104,0
                -122.127886,45.576364,0
                -122.128009,45.575714,0
                -122.128028,45.575267,0
                -122.12803,45.575199,0
              </coordinates>
            </LinearRing>
          </outerBoundaryIs>
        </Polygon>
      </Placemark>
      <Placemark id="mthood.5">
        <name>Area5: 345 obs</name>
        <description>15 Adiantum aleuticum
14 Rubus parviflorus
13 Acer circinatum
13 Lilium columbianum
13 Polypodium glycyrrhiza
11 Lonicera ciliosa
11 Trillium ovatum
10 Actaea rubra
10 Dicentra formosa
9 Achlys triphylla

Cluster 8 standouts:
2.07 Tellima grandiflora
2.00 Adiantum aleuticum
1.92 Geranium robertianum
1.90 Sedum spathulifolium
1.87 Heracleum maximum</description>
        <Style>
          <LineStyle>
            <width>2</width>
          </LineStyle>
          <PolyStyle>
            <color>ffb3b3b3</color>
          </PolyStyle>
        </Style>
        <ExtendedData>
          <SchemaData schemaUrl="#mthood.schema">
            <SimpleData name="grid_id">5</SimpleData>
            <SimpleData name="n_obs">345</SimpleData>
            <SimpleData name="cluster">8</SimpleData>
            <SimpleData name="cluster_ordered">3</SimpleData>
            <SimpleData name="top_species">15 Adiantum aleuticum
14 Rubus parviflorus
13 Acer circinatum
13 Lilium columbianum
13 Polypodium glycyrrhiza
11 Lonicera ciliosa
11 Trillium ovatum
10 Actaea rubra
10 Dicentra formosa
9 Achlys triphylla</SimpleData>
            <SimpleData name="standouts">2.07 Tellima grandiflora
2.00 Adiantum aleuticum
1.92 Geranium robertianum
1.90 Sedum spathulifolium
1.87 Heracleum maximum</SimpleData>
            <SimpleData name="OGR_STYLE">PEN(fc:#FF666666,w:2px);BRUSH(fc:#B3B3B3FF)</SimpleData>
          </SchemaData>
        </ExtendedData>
        <Polygon>
          <outerBoundaryIs>
            <LinearRing>
              <coordinates>
                -122.029586,45.641322,0
                -122.022111,45.630713,0
                -122.02165,45.630784,0
                -122.021331,45.630864,0
                -122.0204906,45.6316179,0
                -122.017452,45.6356529,0
                -122.0172445,45.6360214,0
                -122.0161587,45.6427001,0
                -122.016189,45.642828,0
                -122.017078,45.644888,0
                -122.024278,45.643003,0
                -122.02957,45.641424,0
                -122.029586,45.641322,0
              </coordinates>
            </LinearRing>
          </outerBoundaryIs>
        </Polygon>
      </Placemark>
      <Placemark id="mthood.6">
        <name>Area6: 375 obs</name>
        <description>23 Pseudotsuga menziesii
15 Sedum spathulifolium
9 Calypso bulbosa
8 Xerophyllum tenax
7 Anaphalis margaritacea
7 Mahonia nervosa
7 Toxicodendron diversilobum
6 Acer macrophyllum
6 Aquilegia formosa
6 Cryptogramma acrostichoides

Cluster 2 standouts:
2.32 Calypso bulbosa
2.15 Corallorhiza maculata
2.05 Cornus nuttallii
1.84 Moehringia macrophylla
1.83 Lonicera ciliosa</description>
        <Style>
          <LineStyle>
            <width>2</width>
          </LineStyle>
          <PolyStyle>
            <color>ff628dfc</color>
          </PolyStyle>
        </Style>
        <ExtendedData>
          <SchemaData schemaUrl="#mthood.schema">
            <SimpleData name="grid_id">6</SimpleData>
            <SimpleData name="n_obs">375</SimpleData>
            <SimpleData name="cluster">2</SimpleData>
            <SimpleData name="cluster_ordered">5</SimpleData>
            <SimpleData name="top_species">23 Pseudotsuga menziesii
15 Sedum spathulifolium
9 Calypso bulbosa
8 Xerophyllum tenax
7 Anaphalis margaritacea
7 Mahonia nervosa
7 Toxicodendron diversilobum
6 Acer macrophyllum
6 Aquilegia formosa
6 Cryptogramma acrostichoides</SimpleData>
            <SimpleData name="standouts">2.32 Calypso bulbosa
2.15 Corallorhiza maculata
2.05 Cornus nuttallii
1.84 Moehringia macrophylla
1.83 Lonicera ciliosa</SimpleData>
            <SimpleData name="OGR_STYLE">PEN(fc:#FF666666,w:2px);BRUSH(fc:#FC8D62FF)</SimpleData>
          </SchemaData>
        </ExtendedData>
        <Polygon>
          <outerBoundaryIs>
            <LinearRing>
              <coordinates>
                -121.692088,45.659171,0
                -121.7062797,45.6789727,0
                -121.712817,45.674413,0
                -121.72688,45.69054,0
                -121.729249,45.708325,0
                -121.729186,45.708831,0
                -121.728407,45.708983,0
                -121.7276938,45.7088518,0
                -121.729156,45.710892,0
                -121.732772,45.713063,0
                -121.741805,45.717903,0
                -121.745475,45.718455,0
                -121.77037,45.714314,0
                -121.774017,45.712955,0
                -121.825907,45.692327,0
                -121.828195,45.691392,0
                -121.822495,45.679547,0
                -121.81546,45.668389,0
                -121.800299,45.648913,0
                -121.7545,45.628825,0
                -121.723678,45.632145,0
                -121.711261,45.633803,0
                -121.690559,45.652588,0
                -121.692088,45.659171,0
              </coordinates>
            </LinearRing>
          </outerBoundaryIs>
        </Polygon>
      </Placemark>
      <Placemark id="mthood.7">
        <name>Area7: 371 obs</name>
        <description>33 Ardea herodias
33 Falco sparverius
32 Odocoileus hemionus
22 Branta canadensis
21 Tanacetum vulgare
18 Anas platyrhynchos
17 Haliaeetus leucocephalus
11 Pandion haliaetus
9 Colaptes auratus
8 Buteo jamaicensis

Cluster 7 standouts:
2.20 Haliaeetus leucocephalus
2.20 Pandion haliaetus
1.92 Turdus migratorius
1.88 Pseudacris regilla
1.82 Cathartes aura</description>
        <Style>
          <LineStyle>
            <width>2</width>
          </LineStyle>
          <PolyStyle>
            <color>ff94c4e5</color>
          </PolyStyle>
        </Style>
        <ExtendedData>
          <SchemaData schemaUrl="#mthood.schema">
            <SimpleData name="grid_id">7</SimpleData>
            <SimpleData name="n_obs">371</SimpleData>
            <SimpleData name="cluster">7</SimpleData>
            <SimpleData name="cluster_ordered">6</SimpleData>
            <SimpleData name="top_species">33 Ardea herodias
33 Falco sparverius
32 Odocoileus hemionus
22 Branta canadensis
21 Tanacetum vulgare
18 Anas platyrhynchos
17 Haliaeetus leucocephalus
11 Pandion haliaetus
9 Colaptes auratus
8 Buteo jamaicensis</SimpleData>
            <SimpleData name="standouts">2.20 Haliaeetus leucocephalus
2.20 Pandion haliaetus
1.92 Turdus migratorius
1.88 Pseudacris regilla
1.82 Cathartes aura</SimpleData>
            <SimpleData name="OGR_STYLE">PEN(fc:#FF666666,w:2px);BRUSH(fc:#E5C494FF)</SimpleData>
          </SchemaData>
        </ExtendedData>
        <Polygon>
          <outerBoundaryIs>
            <LinearRing>
              <coordinates>
                -122.315407,45.567687,0
                -122.3157269,45.5674437,0
                -122.315756,45.567381,0
                -122.3174559,45.5661286,0
                -122.325608,45.559928,0
                -122.317916,45.558335,0
                -122.306857,45.558982,0
                -122.306237,45.559206,0
                -122.306226,45.561389,0
                -122.3062511,45.5646939,0
                -122.3063635,45.5652595,0
                -122.311773,45.567825,0
                -122.314241,45.568546,0
                -122.315407,45.567687,0
              </coordinates>
            </LinearRing>
          </outerBoundaryIs>
        </Polygon>
      </Placemark>
      <Placemark id="mthood.8">
        <name>Area8: 367 obs</name>
        <description>17 Quercus garryana
12 Ceanothus velutinus
11 Apocynum androsaemifolium
10 Arctostaphylos columbiana
10 Chrysolepis chrysophylla
10 Leucanthemum vulgare
9 Eriophyllum lanatum
9 Xerophyllum tenax
8 Trillium ovatum
7 Acer circinatum

Cluster 2 standouts:
2.32 Calypso bulbosa
2.15 Corallorhiza maculata
2.05 Cornus nuttallii
1.84 Moehringia macrophylla
1.83 Lonicera ciliosa</description>
        <Style>
          <LineStyle>
            <width>2</width>
          </LineStyle>
          <PolyStyle>
            <color>ff628dfc</color>
          </PolyStyle>
        </Style>
        <ExtendedData>
          <SchemaData schemaUrl="#mthood.schema">
            <SimpleData name="grid_id">8</SimpleData>
            <SimpleData name="n_obs">367</SimpleData>
            <SimpleData name="cluster">2</SimpleData>
            <SimpleData name="cluster_ordered">5</SimpleData>
            <SimpleData name="top_species">17 Quercus garryana
12 Ceanothus velutinus
11 Apocynum androsaemifolium
10 Arctostaphylos columbiana
10 Chrysolepis chrysophylla
10 Leucanthemum vulgare
9 Eriophyllum lanatum
9 Xerophyllum tenax
8 Trillium ovatum
7 Acer circinatum</SimpleData>
            <SimpleData name="standouts">2.32 Calypso bulbosa
2.15 Corallorhiza maculata
2.05 Cornus nuttallii
1.84 Moehringia macrophylla
1.83 Lonicera ciliosa</SimpleData>
            <SimpleData name="OGR_STYLE">PEN(fc:#FF666666,w:2px);BRUSH(fc:#FC8D62FF)</SimpleData>
          </SchemaData>
        </ExtendedData>
        <Polygon>
          <outerBoundaryIs>
            <LinearRing>
              <coordinates>
                -121.680244,45.634857,0
                -121.70038,45.634537,0
                -121.762051,45.627192,0
                -121.770457,45.624422,0
                -121.790917,45.613283,0
                -121.791914,45.611731,0
                -121.792678,45.608987,0
                -121.794078,45.600434,0
                -121.793574,45.578245,0
                -121.7935568,45.5780593,0
                -121.7844894,45.5569516,0
                -121.767028,45.517697,0
                -121.752297,45.494145,0
                -121.677117,45.447158,0
                -121.665358,45.444528,0
                -121.663292,45.448803,0
                -121.660371,45.457625,0
                -121.6586942,45.4632485,0
                -121.659508,45.466055,0
                -121.6505409,45.4905918,0
                -121.631202,45.555448,0
                -121.633673,45.603014,0
                -121.680244,45.634857,0
              </coordinates>
            </LinearRing>
          </outerBoundaryIs>
        </Polygon>
      </Placemark>
      <Placemark id="mthood.9">
        <name>Area9: 363 obs</name>
        <description>22 Tsuga mertensiana
19 Xerophyllum tenax
17 Callospermophilus lateralis
17 Calochortus subalpinus
17 Eucephalus ledophyllus
16 Calyptridium umbellatum
13 Anaphalis margaritacea
13 Corvus corax
13 Phlox diffusa
12 Sorbus sitchensis

Cluster 5 standouts:
2.39 Calochortus subalpinus
2.33 Tsuga mertensiana
2.32 Sorbus sitchensis
2.22 Valeriana sitchensis
1.97 Lomatium martindalei</description>
        <Style>
          <LineStyle>
            <width>2</width>
          </LineStyle>
          <PolyStyle>
            <color>ff54d8a6</color>
          </PolyStyle>
        </Style>
        <ExtendedData>
          <SchemaData schemaUrl="#mthood.schema">
            <SimpleData name="grid_id">9</SimpleData>
            <SimpleData name="n_obs">363</SimpleData>
            <SimpleData name="cluster">5</SimpleData>
            <SimpleData name="cluster_ordered">1</SimpleData>
            <SimpleData name="top_species">22 Tsuga mertensiana
19 Xerophyllum tenax
17 Callospermophilus lateralis
17 Calochortus subalpinus
17 Eucephalus ledophyllus
16 Calyptridium umbellatum
13 Anaphalis margaritacea
13 Corvus corax
13 Phlox diffusa
12 Sorbus sitchensis</SimpleData>
            <SimpleData name="standouts">2.39 Calochortus subalpinus
2.33 Tsuga mertensiana
2.32 Sorbus sitchensis
2.22 Valeriana sitchensis
1.97 Lomatium martindalei</SimpleData>
            <SimpleData name="OGR_STYLE">PEN(fc:#FF666666,w:2px);BRUSH(fc:#A6D854FF)</SimpleData>
          </SchemaData>
        </ExtendedData>
        <Polygon>
          <outerBoundaryIs>
            <LinearRing>
              <coordinates>
                -121.744897,45.30315,0
                -121.745003,45.301178,0
                -121.744262,45.300357,0
                -121.713228,45.299295,0
                -121.707833,45.309268,0
                -121.706812,45.31302,0
                -121.705903,45.318041,0
                -121.706208,45.319712,0
                -121.7078019,45.3278313,0
                -121.707855,45.328045,0
                -121.7078722,45.3281893,0
                -121.707997,45.328825,0
                -121.708451,45.330825,0
                -121.709305,45.330938,0
                -121.710556,45.331085,0
                -121.71168,45.331147,0
                -121.717091,45.330938,0
                -121.730924,45.324675,0
                -121.742713,45.311447,0
                -121.744897,45.30315,0
              </coordinates>
            </LinearRing>
          </outerBoundaryIs>
        </Polygon>
      </Placemark>
      <Placemark id="mthood.10">
        <name>Area10: 377 obs</name>
        <description>17 Abies procera
14 Cornus unalaschkensis
12 Rubus spectabilis
11 Dicentra formosa
10 Gaultheria shallon
10 Sedum oreganum
10 Struthiopteris spicant
9 Clintonia uniflora
9 Goodyera oblongifolia
9 Maianthemum dilatatum

Cluster 1 standouts:
2.42 Rhododendron macrophyllum
2.37 Cornus unalaschkensis
2.11 Oplopanax horridus
1.91 Lysichiton americanus
1.84 Tsuga heterophylla</description>
        <Style>
          <LineStyle>
            <width>2</width>
          </LineStyle>
          <PolyStyle>
            <color>ffa5c266</color>
          </PolyStyle>
        </Style>
        <ExtendedData>
          <SchemaData schemaUrl="#mthood.schema">
            <SimpleData name="grid_id">10</SimpleData>
            <SimpleData name="n_obs">377</SimpleData>
            <SimpleData name="cluster">1</SimpleData>
            <SimpleData name="cluster_ordered">2</SimpleData>
            <SimpleData name="top_species">17 Abies procera
14 Cornus unalaschkensis
12 Rubus spectabilis
11 Dicentra formosa
10 Gaultheria shallon
10 Sedum oreganum
10 Struthiopteris spicant
9 Clintonia uniflora
9 Goodyera oblongifolia
9 Maianthemum dilatatum</SimpleData>
            <SimpleData name="standouts">2.42 Rhododendron macrophyllum
2.37 Cornus unalaschkensis
2.11 Oplopanax horridus
1.91 Lysichiton americanus
1.84 Tsuga heterophylla</SimpleData>
            <SimpleData name="OGR_STYLE">PEN(fc:#FF666666,w:2px);BRUSH(fc:#66C2A5FF)</SimpleData>
          </SchemaData>
        </ExtendedData>
        <Polygon>
          <outerBoundaryIs>
            <LinearRing>
              <coordinates>
                -122.1147609,45.5684133,0
                -122.117683,45.56345,0
                -122.1165672,45.5544086,0
                -122.114522,45.546492,0
                -122.114396,45.541774,0
                -122.1146346,45.5387474,0
                -122.114394,45.536798,0
                -122.106239,45.533803,0
                -122.098397,45.534867,0
                -122.095703,45.536786,0
                -122.088919,45.544772,0
                -122.088508,45.545295,0
                -122.088303,45.545638,0
                -122.085102,45.55602,0
                -122.084847,45.569584,0
                -122.090355,45.58445,0
                -122.093517,45.584669,0
                -122.103005,45.584422,0
                -122.107967,45.579953,0
                -122.1084483,45.5791356,0
                -122.108392,45.579145,0
                -122.108254,45.579127,0
                -122.107497,45.5741,0
                -122.107597,45.573662,0
                -122.107834,45.572968,0
                -122.108003,45.572497,0
                -122.108235,45.572099,0
                -122.114098,45.568262,0
                -122.114751,45.56805,0
                -122.1147609,45.5684133,0
              </coordinates>
            </LinearRing>
          </outerBoundaryIs>
        </Polygon>
      </Placemark>
      <Placemark id="mthood.11">
        <name>Area11: 373 obs</name>
        <description>12 Eriophyllum lanatum
12 Pinus ponderosa
12 Trillium ovatum
9 Paxistima myrsinites
8 Acer glabrum
8 Aquilegia formosa
8 Chrysolepis chrysophylla
7 Achlys triphylla
7 Holodiscus discolor
7 Odocoileus hemionus

Cluster 2 standouts:
2.32 Calypso bulbosa
2.15 Corallorhiza maculata
2.05 Cornus nuttallii
1.84 Moehringia macrophylla
1.83 Lonicera ciliosa</description>
        <Style>
          <LineStyle>
            <width>2</width>
          </LineStyle>
          <PolyStyle>
            <color>ff628dfc</color>
          </PolyStyle>
        </Style>
        <ExtendedData>
          <SchemaData schemaUrl="#mthood.schema">
            <SimpleData name="grid_id">11</SimpleData>
            <SimpleData name="n_obs">373</SimpleData>
            <SimpleData name="cluster">2</SimpleData>
            <SimpleData name="cluster_ordered">5</SimpleData>
            <SimpleData name="top_species">12 Eriophyllum lanatum
12 Pinus ponderosa
12 Trillium ovatum
9 Paxistima myrsinites
8 Acer glabrum
8 Aquilegia formosa
8 Chrysolepis chrysophylla
7 Achlys triphylla
7 Holodiscus discolor
7 Odocoileus hemionus</SimpleData>
            <SimpleData name="standouts">2.32 Calypso bulbosa
2.15 Corallorhiza maculata
2.05 Cornus nuttallii
1.84 Moehringia macrophylla
1.83 Lonicera ciliosa</SimpleData>
            <SimpleData name="OGR_STYLE">PEN(fc:#FF666666,w:2px);BRUSH(fc:#FC8D62FF)</SimpleData>
          </SchemaData>
        </ExtendedData>
        <Polygon>
          <outerBoundaryIs>
            <LinearRing>
              <coordinates>
                -121.522719,45.468244,0
                -121.520614,45.422056,0
                -121.520408,45.421331,0
                -121.505692,45.392194,0
                -121.471528,45.364187,0
                -121.4715249,45.36419,0
                -121.45524,45.38499,0
                -121.4403,45.403387,0
                -121.437809,45.406413,0
                -121.4150406,45.4183485,0
                -121.375717,45.456053,0
                -121.398575,45.534637,0
                -121.484629,45.55709,0
                -121.513185,45.508804,0
                -121.522289,45.481945,0
                -121.522719,45.468244,0
              </coordinates>
            </LinearRing>
          </outerBoundaryIs>
        </Polygon>
      </Placemark>
      <Placemark id="mthood.12">
        <name>Area12: 354 obs</name>
        <description>21 Erythronium montanum
21 Xerophyllum tenax
19 Clintonia uniflora
18 Cornus unalaschkensis
15 Corallorhiza mertensiana
12 Maianthemum stellatum
12 Nothochelone nemorosa
10 Abies amabilis
10 Goodyera oblongifolia
10 Trillium ovatum

Cluster 1 standouts:
2.42 Rhododendron macrophyllum
2.37 Cornus unalaschkensis
2.11 Oplopanax horridus
1.91 Lysichiton americanus
1.84 Tsuga heterophylla</description>
        <Style>
          <LineStyle>
            <width>2</width>
          </LineStyle>
          <PolyStyle>
            <color>ffa5c266</color>
          </PolyStyle>
        </Style>
        <ExtendedData>
          <SchemaData schemaUrl="#mthood.schema">
            <SimpleData name="grid_id">12</SimpleData>
            <SimpleData name="n_obs">354</SimpleData>
            <SimpleData name="cluster">1</SimpleData>
            <SimpleData name="cluster_ordered">2</SimpleData>
            <SimpleData name="top_species">21 Erythronium montanum
21 Xerophyllum tenax
19 Clintonia uniflora
18 Cornus unalaschkensis
15 Corallorhiza mertensiana
12 Maianthemum stellatum
12 Nothochelone nemorosa
10 Abies amabilis
10 Goodyera oblongifolia
10 Trillium ovatum</SimpleData>
            <SimpleData name="standouts">2.42 Rhododendron macrophyllum
2.37 Cornus unalaschkensis
2.11 Oplopanax horridus
1.91 Lysichiton americanus
1.84 Tsuga heterophylla</SimpleData>
            <SimpleData name="OGR_STYLE">PEN(fc:#FF666666,w:2px);BRUSH(fc:#66C2A5FF)</SimpleData>
          </SchemaData>
        </ExtendedData>
        <Polygon>
          <outerBoundaryIs>
            <LinearRing>
              <coordinates>
                -122.093921,45.52599,0
                -122.088808,45.526416,0
                -122.087983,45.528978,0
                -122.0879697,45.5295993,0
                -122.0884424,45.5323946,0
                -122.090097,45.535461,0
                -122.095528,45.536863,0
                -122.095617,45.536853,0
                -122.098192,45.530413,0
                -122.098464,45.529322,0
                -122.093921,45.52599,0
              </coordinates>
            </LinearRing>
          </outerBoundaryIs>
        </Polygon>
      </Placemark>
      <Placemark id="mthood.13">
        <name>Area13: 307 obs</name>
        <description>14 Paranemone deltoidea
13 Lilium washingtonianum
12 Aquilegia formosa
11 Campanula scouleri
11 Holodiscus discolor
10 Chrysolepis chrysophylla
8 Calypso bulbosa
8 Ceanothus velutinus
8 Corallorhiza maculata
8 Cornus unalaschkensis

Cluster 2 standouts:
2.32 Calypso bulbosa
2.15 Corallorhiza maculata
2.05 Cornus nuttallii
1.84 Moehringia macrophylla
1.83 Lonicera ciliosa</description>
        <Style>
          <LineStyle>
            <width>2</width>
          </LineStyle>
          <PolyStyle>
            <color>ff628dfc</color>
          </PolyStyle>
        </Style>
        <ExtendedData>
          <SchemaData schemaUrl="#mthood.schema">
            <SimpleData name="grid_id">13</SimpleData>
            <SimpleData name="n_obs">307</SimpleData>
            <SimpleData name="cluster">2</SimpleData>
            <SimpleData name="cluster_ordered">5</SimpleData>
            <SimpleData name="top_species">14 Paranemone deltoidea
13 Lilium washingtonianum
12 Aquilegia formosa
11 Campanula scouleri
11 Holodiscus discolor
10 Chrysolepis chrysophylla
8 Calypso bulbosa
8 Ceanothus velutinus
8 Corallorhiza maculata
8 Cornus unalaschkensis</SimpleData>
            <SimpleData name="standouts">2.32 Calypso bulbosa
2.15 Corallorhiza maculata
2.05 Cornus nuttallii
1.84 Moehringia macrophylla
1.83 Lonicera ciliosa</SimpleData>
            <SimpleData name="OGR_STYLE">PEN(fc:#FF666666,w:2px);BRUSH(fc:#FC8D62FF)</SimpleData>
          </SchemaData>
        </ExtendedData>
        <Polygon>
          <outerBoundaryIs>
            <LinearRing>
              <coordinates>
                -121.5600489,45.3864759,0
                -121.555586,45.395779,0
                -121.552293,45.400148,0
                -121.545127,45.407542,0
                -121.524872,45.4219836,0
                -121.523344,45.423526,0
                -121.522542,45.481873,0
                -121.522626,45.483176,0
                -121.524094,45.483122,0
                -121.528131,45.482553,0
                -121.5636065,45.467495,0
                -121.5776267,45.3987611,0
                -121.570175,45.386392,0
                -121.568099,45.383711,0
                -121.562042,45.384464,0
                -121.5600489,45.3864759,0
              </coordinates>
            </LinearRing>
          </outerBoundaryIs>
        </Polygon>
      </Placemark>
      <Placemark id="mthood.14">
        <name>Area14: 363 obs</name>
        <description>38 Lomatium columbianum
30 Olsynium douglasii
27 Eriogonum compositum
18 Centaurea cyanus
18 Crocidium multicaule
15 Triteleia grandiflora
12 Marah oregana
11 Lithophragma parviflorum
11 Lomatium papilioniferum
11 Toxicodendron diversilobum

Cluster 6 standouts:
2.06 Lomatium nudicaule
2.00 Castilleja hispida
1.93 Erythronium grandiflorum
1.93 Lomatium triternatum
1.81 Hydrophyllum capitatum</description>
        <Style>
          <LineStyle>
            <width>2</width>
          </LineStyle>
          <PolyStyle>
            <color>ff2fd9ff</color>
          </PolyStyle>
        </Style>
        <ExtendedData>
          <SchemaData schemaUrl="#mthood.schema">
            <SimpleData name="grid_id">14</SimpleData>
            <SimpleData name="n_obs">363</SimpleData>
            <SimpleData name="cluster">6</SimpleData>
            <SimpleData name="cluster_ordered">7</SimpleData>
            <SimpleData name="top_species">38 Lomatium columbianum
30 Olsynium douglasii
27 Eriogonum compositum
18 Centaurea cyanus
18 Crocidium multicaule
15 Triteleia grandiflora
12 Marah oregana
11 Lithophragma parviflorum
11 Lomatium papilioniferum
11 Toxicodendron diversilobum</SimpleData>
            <SimpleData name="standouts">2.06 Lomatium nudicaule
2.00 Castilleja hispida
1.93 Erythronium grandiflorum
1.93 Lomatium triternatum
1.81 Hydrophyllum capitatum</SimpleData>
            <SimpleData name="OGR_STYLE">PEN(fc:#FF666666,w:2px);BRUSH(fc:#FFD92FFF)</SimpleData>
          </SchemaData>
        </ExtendedData>
        <Polygon>
          <outerBoundaryIs>
            <LinearRing>
              <coordinates>
                -121.301078,45.685078,0
                -121.301078,45.685138,0
                -121.301445,45.688713,0
                -121.301712,45.689262,0
                -121.302205,45.689469,0
                -121.304869,45.690436,0
                -121.304978,45.690462,0
                -121.305403,45.690543,0
                -121.305603,45.690395,0
                -121.3058645,45.6897878,0
                -121.305762,45.6884039,0
                -121.303911,45.684837,0
                -121.303267,45.684537,0
                -121.3022556,45.6841553,0
                -121.3014742,45.6840846,0
                -121.301095,45.684097,0
                -121.301078,45.685078,0
              </coordinates>
            </LinearRing>
          </outerBoundaryIs>
        </Polygon>
      </Placemark>
      <Placemark id="mthood.15">
        <name>Area15: 369 obs</name>
        <description>13 Maianthemum racemosum
12 Chamaenerion angustifolium
12 Chrysolepis chrysophylla
10 Taricha granulosa
9 Eriophyllum lanatum
9 Mahonia nervosa
8 Lobaria oregana
8 Lysimachia latifolia
7 Petasites frigidus
7 Taxus brevifolia

Cluster 1 standouts:
2.42 Rhododendron macrophyllum
2.37 Cornus unalaschkensis
2.11 Oplopanax horridus
1.91 Lysichiton americanus
1.84 Tsuga heterophylla</description>
        <Style>
          <LineStyle>
            <width>2</width>
          </LineStyle>
          <PolyStyle>
            <color>ffa5c266</color>
          </PolyStyle>
        </Style>
        <ExtendedData>
          <SchemaData schemaUrl="#mthood.schema">
            <SimpleData name="grid_id">15</SimpleData>
            <SimpleData name="n_obs">369</SimpleData>
            <SimpleData name="cluster">1</SimpleData>
            <SimpleData name="cluster_ordered">2</SimpleData>
            <SimpleData name="top_species">13 Maianthemum racemosum
12 Chamaenerion angustifolium
12 Chrysolepis chrysophylla
10 Taricha granulosa
9 Eriophyllum lanatum
9 Mahonia nervosa
8 Lobaria oregana
8 Lysimachia latifolia
7 Petasites frigidus
7 Taxus brevifolia</SimpleData>
            <SimpleData name="standouts">2.42 Rhododendron macrophyllum
2.37 Cornus unalaschkensis
2.11 Oplopanax horridus
1.91 Lysichiton americanus
1.84 Tsuga heterophylla</SimpleData>
            <SimpleData name="OGR_STYLE">PEN(fc:#FF666666,w:2px);BRUSH(fc:#66C2A5FF)</SimpleData>
          </SchemaData>
        </ExtendedData>
        <Polygon>
          <outerBoundaryIs>
            <LinearRing>
              <coordinates>
                -122.057969,44.801187,0
                -122.034727,44.808271,0
                -121.99501,44.820526,0
                -121.948288,44.853745,0
                -121.94452,44.856425,0
                -121.888375,44.899953,0
                -121.870255,44.947912,0
                -121.878,44.98,0
                -121.915663,45.017311,0
                -121.989014,45.055611,0
                -122.046514,45.075255,0
                -122.060087,45.076607,0
                -122.117111,45.050789,0
                -122.148255,44.969312,0
                -122.174225,44.864006,0
                -122.168233,44.853518,0
                -122.1370147,44.829756,0
                -122.133072,44.828029,0
                -122.125917,44.822637,0
                -122.125557,44.822309,0
                -122.1248585,44.8205033,0
                -122.090844,44.794613,0
                -122.057969,44.801187,0
              </coordinates>
            </LinearRing>
          </outerBoundaryIs>
        </Polygon>
      </Placemark>
      <Placemark id="mthood.16">
        <name>Area16: 374 obs</name>
        <description>45 Thaleichthys pacificus
15 Dicentra formosa
11 Polystichum munitum
10 Rubus spectabilis
9 Hydrophyllum tenuipes
9 Rubus parviflorus
9 Thuja plicata
8 Ariolimax columbianus
8 Physocarpus capitatus
7 Geranium robertianum

Cluster 3 standouts:
2.10 Digitalis purpurea
1.98 Prunella vulgaris
1.96 Corydalis scouleri
1.88 Gaultheria shallon
1.83 Vaccinium parvifolium</description>
        <Style>
          <LineStyle>
            <width>2</width>
          </LineStyle>
          <PolyStyle>
            <color>ffcba08d</color>
          </PolyStyle>
        </Style>
        <ExtendedData>
          <SchemaData schemaUrl="#mthood.schema">
            <SimpleData name="grid_id">16</SimpleData>
            <SimpleData name="n_obs">374</SimpleData>
            <SimpleData name="cluster">3</SimpleData>
            <SimpleData name="cluster_ordered">4</SimpleData>
            <SimpleData name="top_species">45 Thaleichthys pacificus
15 Dicentra formosa
11 Polystichum munitum
10 Rubus spectabilis
9 Hydrophyllum tenuipes
9 Rubus parviflorus
9 Thuja plicata
8 Ariolimax columbianus
8 Physocarpus capitatus
7 Geranium robertianum</SimpleData>
            <SimpleData name="standouts">2.10 Digitalis purpurea
1.98 Prunella vulgaris
1.96 Corydalis scouleri
1.88 Gaultheria shallon
1.83 Vaccinium parvifolium</SimpleData>
            <SimpleData name="OGR_STYLE">PEN(fc:#FF666666,w:2px);BRUSH(fc:#8DA0CBFF)</SimpleData>
          </SchemaData>
        </ExtendedData>
        <Polygon>
          <outerBoundaryIs>
            <LinearRing>
              <coordinates>
                -122.3983239,45.4738466,0
                -122.399353,45.470375,0
                -122.396556,45.446302,0
                -122.380379,45.437216,0
                -122.364651,45.429918,0
                -122.333458,45.452282,0
                -122.326836,45.480614,0
                -122.335913,45.50697,0
                -122.343328,45.515313,0
                -122.343738,45.515716,0
                -122.374808,45.539375,0
                -122.375192,45.539528,0
                -122.375947,45.539805,0
                -122.377877,45.540405,0
                -122.378533,45.540608,0
                -122.3785812,45.5404453,0
                -122.378272,45.540358,0
                -122.378027,45.540179,0
                -122.376156,45.538755,0
                -122.375633,45.53823,0
                -122.371239,45.533578,0
                -122.371238,45.533576,0
                -122.367783,45.521288,0
                -122.36535,45.512378,0
                -122.367748,45.497155,0
                -122.371012,45.487787,0
                -122.385405,45.477053,0
                -122.398195,45.473808,0
                -122.3983239,45.4738466,0
              </coordinates>
            </LinearRing>
          </outerBoundaryIs>
        </Polygon>
      </Placemark>
      <Placemark id="mthood.17">
        <name>Area17: 379 obs</name>
        <description>44 Penstemon rupicola
17 Lomatium martindalei
15 Castilleja hispida
12 Cornus unalaschkensis
11 Nothochelone nemorosa
11 Xerophyllum tenax
10 Trautvetteria carolinensis
9 Clintonia uniflora
9 Corallorhiza mertensiana
9 Penstemon cardwellii

Cluster 1 standouts:
2.42 Rhododendron macrophyllum
2.37 Cornus unalaschkensis
2.11 Oplopanax horridus
1.91 Lysichiton americanus
1.84 Tsuga heterophylla</description>
        <Style>
          <LineStyle>
            <width>2</width>
          </LineStyle>
          <PolyStyle>
            <color>ffa5c266</color>
          </PolyStyle>
        </Style>
        <ExtendedData>
          <SchemaData schemaUrl="#mthood.schema">
            <SimpleData name="grid_id">17</SimpleData>
            <SimpleData name="n_obs">379</SimpleData>
            <SimpleData name="cluster">1</SimpleData>
            <SimpleData name="cluster_ordered">2</SimpleData>
            <SimpleData name="top_species">44 Penstemon rupicola
17 Lomatium martindalei
15 Castilleja hispida
12 Cornus unalaschkensis
11 Nothochelone nemorosa
11 Xerophyllum tenax
10 Trautvetteria carolinensis
9 Clintonia uniflora
9 Corallorhiza mertensiana
9 Penstemon cardwellii</SimpleData>
            <SimpleData name="standouts">2.42 Rhododendron macrophyllum
2.37 Cornus unalaschkensis
2.11 Oplopanax horridus
1.91 Lysichiton americanus
1.84 Tsuga heterophylla</SimpleData>
            <SimpleData name="OGR_STYLE">PEN(fc:#FF666666,w:2px);BRUSH(fc:#66C2A5FF)</SimpleData>
          </SchemaData>
        </ExtendedData>
        <Polygon>
          <outerBoundaryIs>
            <LinearRing>
              <coordinates>
                -122.075388,45.549427,0
                -122.079978,45.55867,0
                -122.088302,45.545258,0
                -122.089596,45.539217,0
                -122.087913,45.529264,0
                -122.087891,45.52923,0
                -122.087836,45.529215,0
                -122.0860093,45.5298567,0
                -122.0776865,45.5393322,0
                -122.075388,45.549427,0
              </coordinates>
            </LinearRing>
          </outerBoundaryIs>
        </Polygon>
      </Placemark>
      <Placemark id="mthood.18">
        <name>Area18: 368 obs</name>
        <description>16 Aphelocoma californica
13 Trillium ovatum
10 Odocoileus hemionus
9 Colaptes auratus
9 Pyrrharctia isabella
8 Cathartes aura
8 Digitalis purpurea
8 Euphagus cyanocephalus
8 Mahonia aquifolium
8 Rubus parviflorus

Cluster 3 standouts:
2.10 Digitalis purpurea
1.98 Prunella vulgaris
1.96 Corydalis scouleri
1.88 Gaultheria shallon
1.83 Vaccinium parvifolium</description>
        <Style>
          <LineStyle>
            <width>2</width>
          </LineStyle>
          <PolyStyle>
            <color>ffcba08d</color>
          </PolyStyle>
        </Style>
        <ExtendedData>
          <SchemaData schemaUrl="#mthood.schema">
            <SimpleData name="grid_id">18</SimpleData>
            <SimpleData name="n_obs">368</SimpleData>
            <SimpleData name="cluster">3</SimpleData>
            <SimpleData name="cluster_ordered">4</SimpleData>
            <SimpleData name="top_species">16 Aphelocoma californica
13 Trillium ovatum
10 Odocoileus hemionus
9 Colaptes auratus
9 Pyrrharctia isabella
8 Cathartes aura
8 Digitalis purpurea
8 Euphagus cyanocephalus
8 Mahonia aquifolium
8 Rubus parviflorus</SimpleData>
            <SimpleData name="standouts">2.10 Digitalis purpurea
1.98 Prunella vulgaris
1.96 Corydalis scouleri
1.88 Gaultheria shallon
1.83 Vaccinium parvifolium</SimpleData>
            <SimpleData name="OGR_STYLE">PEN(fc:#FF666666,w:2px);BRUSH(fc:#8DA0CBFF)</SimpleData>
          </SchemaData>
        </ExtendedData>
        <Polygon>
          <outerBoundaryIs>
            <LinearRing>
              <coordinates>
                -122.329132,45.372799,0
                -122.329133,45.373108,0
                -122.329322,45.373787,0
                -122.363714,45.429132,0
                -122.36383,45.429292,0
                -122.379579,45.434585,0
                -122.386635,45.435307,0
                -122.387512,45.434036,0
                -122.397782,45.417267,0
                -122.398939,45.413698,0
                -122.399375,45.408917,0
                -122.39988,45.368257,0
                -122.399612,45.367697,0
                -122.3789915,45.3502139,0
                -122.378555,45.350117,0
                -122.371768,45.345525,0
                -122.3645338,45.3379559,0
                -122.358284,45.332657,0
                -122.356603,45.332306,0
                -122.350098,45.331992,0
                -122.34599,45.332285,0
                -122.33376,45.355426,0
                -122.329132,45.372799,0
              </coordinates>
            </LinearRing>
          </outerBoundaryIs>
        </Polygon>
      </Placemark>
      <Placemark id="mthood.19">
        <name>Area19: 345 obs</name>
        <description>16 Sedum spathulifolium
11 Polypodium glycyrrhiza
11 Quercus garryana
10 Eriophyllum lanatum
10 Lilium columbianum
9 Valeriana congesta
8 Erythranthe alsinoides
7 Eriogonum compositum
6 Geranium robertianum
6 Holodiscus discolor

Cluster 8 standouts:
2.07 Tellima grandiflora
2.00 Adiantum aleuticum
1.92 Geranium robertianum
1.90 Sedum spathulifolium
1.87 Heracleum maximum</description>
        <Style>
          <LineStyle>
            <width>2</width>
          </LineStyle>
          <PolyStyle>
            <color>ffb3b3b3</color>
          </PolyStyle>
        </Style>
        <ExtendedData>
          <SchemaData schemaUrl="#mthood.schema">
            <SimpleData name="grid_id">19</SimpleData>
            <SimpleData name="n_obs">345</SimpleData>
            <SimpleData name="cluster">8</SimpleData>
            <SimpleData name="cluster_ordered">3</SimpleData>
            <SimpleData name="top_species">16 Sedum spathulifolium
11 Polypodium glycyrrhiza
11 Quercus garryana
10 Eriophyllum lanatum
10 Lilium columbianum
9 Valeriana congesta
8 Erythranthe alsinoides
7 Eriogonum compositum
6 Geranium robertianum
6 Holodiscus discolor</SimpleData>
            <SimpleData name="standouts">2.07 Tellima grandiflora
2.00 Adiantum aleuticum
1.92 Geranium robertianum
1.90 Sedum spathulifolium
1.87 Heracleum maximum</SimpleData>
            <SimpleData name="OGR_STYLE">PEN(fc:#FF666666,w:2px);BRUSH(fc:#B3B3B3FF)</SimpleData>
          </SchemaData>
        </ExtendedData>
        <Polygon>
          <outerBoundaryIs>
            <LinearRing>
              <coordinates>
                -122.197753,45.546867,0
                -122.197517,45.546494,0
                -122.197451,45.546394,0
                -122.196889,45.546421,0
                -122.1835508,45.5532932,0
                -122.1819117,45.5558624,0
                -122.181747,45.572277,0
                -122.187757,45.584307,0
                -122.196031,45.579061,0
                -122.205711,45.569236,0
                -122.197753,45.546867,0
              </coordinates>
            </LinearRing>
          </outerBoundaryIs>
        </Polygon>
      </Placemark>
      <Placemark id="mthood.20">
        <name>Area20: 349 obs</name>
        <description>50 Oncorhynchus kisutch
13 Lathyrus latifolius
12 Corydalis scouleri
10 Acer macrophyllum
10 Digitalis purpurea
9 Branta canadensis
8 Zonotrichia leucophrys
7 Pandion haliaetus
7 Pseudotsuga menziesii
6 Cinclus mexicanus

Cluster 8 standouts:
2.07 Tellima grandiflora
2.00 Adiantum aleuticum
1.92 Geranium robertianum
1.90 Sedum spathulifolium
1.87 Heracleum maximum</description>
        <Style>
          <LineStyle>
            <width>2</width>
          </LineStyle>
          <PolyStyle>
            <color>ffb3b3b3</color>
          </PolyStyle>
        </Style>
        <ExtendedData>
          <SchemaData schemaUrl="#mthood.schema">
            <SimpleData name="grid_id">20</SimpleData>
            <SimpleData name="n_obs">349</SimpleData>
            <SimpleData name="cluster">8</SimpleData>
            <SimpleData name="cluster_ordered">3</SimpleData>
            <SimpleData name="top_species">50 Oncorhynchus kisutch
13 Lathyrus latifolius
12 Corydalis scouleri
10 Acer macrophyllum
10 Digitalis purpurea
9 Branta canadensis
8 Zonotrichia leucophrys
7 Pandion haliaetus
7 Pseudotsuga menziesii
6 Cinclus mexicanus</SimpleData>
            <SimpleData name="standouts">2.07 Tellima grandiflora
2.00 Adiantum aleuticum
1.92 Geranium robertianum
1.90 Sedum spathulifolium
1.87 Heracleum maximum</SimpleData>
            <SimpleData name="OGR_STYLE">PEN(fc:#FF666666,w:2px);BRUSH(fc:#B3B3B3FF)</SimpleData>
          </SchemaData>
        </ExtendedData>
        <Polygon>
          <outerBoundaryIs>
            <LinearRing>
              <coordinates>
                -121.929443,45.642994,0
                -121.943303,45.642967,0
                -121.94516,45.642745,0
                -121.946301,45.642436,0
                -121.951164,45.637647,0
                -121.9530858,45.6324861,0
                -121.953216,45.631978,0
                -121.95393,45.630219,0
                -121.954063,45.629724,0
                -121.95402,45.627919,0
                -121.953995,45.627803,0
                -121.953682,45.626629,0
                -121.953613,45.626473,0
                -121.953155,45.625553,0
                -121.9526101,45.6249854,0
                -121.9425742,45.6273412,0
                -121.928581,45.636494,0
                -121.927624,45.640824,0
                -121.927953,45.642605,0
                -121.929443,45.642994,0
              </coordinates>
            </LinearRing>
          </outerBoundaryIs>
        </Polygon>
      </Placemark>
      <Placemark id="mthood.21">
        <name>Area21: 360 obs</name>
        <description>38 Lomatium klickitatense
22 Lomatium nudicaule
19 Lomatium macrocarpum
14 Olsynium douglasii
14 Quercus garryana
11 Vicia villosa
10 Delphinium nuttallianum
10 Eriogonum compositum
9 Balsamorhiza careyana
9 Centaurea cyanus

Cluster 6 standouts:
2.06 Lomatium nudicaule
2.00 Castilleja hispida
1.93 Erythronium grandiflorum
1.93 Lomatium triternatum
1.81 Hydrophyllum capitatum</description>
        <Style>
          <LineStyle>
            <width>2</width>
          </LineStyle>
          <PolyStyle>
            <color>ff2fd9ff</color>
          </PolyStyle>
        </Style>
        <ExtendedData>
          <SchemaData schemaUrl="#mthood.schema">
            <SimpleData name="grid_id">21</SimpleData>
            <SimpleData name="n_obs">360</SimpleData>
            <SimpleData name="cluster">6</SimpleData>
            <SimpleData name="cluster_ordered">7</SimpleData>
            <SimpleData name="top_species">38 Lomatium klickitatense
22 Lomatium nudicaule
19 Lomatium macrocarpum
14 Olsynium douglasii
14 Quercus garryana
11 Vicia villosa
10 Delphinium nuttallianum
10 Eriogonum compositum
9 Balsamorhiza careyana
9 Centaurea cyanus</SimpleData>
            <SimpleData name="standouts">2.06 Lomatium nudicaule
2.00 Castilleja hispida
1.93 Erythronium grandiflorum
1.93 Lomatium triternatum
1.81 Hydrophyllum capitatum</SimpleData>
            <SimpleData name="OGR_STYLE">PEN(fc:#FF666666,w:2px);BRUSH(fc:#FFD92FFF)</SimpleData>
          </SchemaData>
        </ExtendedData>
        <Polygon>
          <outerBoundaryIs>
            <LinearRing>
              <coordinates>
                -121.325433,45.686972,0
                -121.3049219,45.6706207,0
                -121.304847,45.670597,0
                -121.304457,45.670785,0
                -121.3044668,45.6709179,0
                -121.308578,45.676111,0
                -121.30916,45.678572,0
                -121.309175,45.678677,0
                -121.309333,45.68138,0
                -121.305881,45.685433,0
                -121.3055314,45.6852912,0
                -121.305917,45.690497,0
                -121.306584,45.691207,0
                -121.309342,45.694109,0
                -121.312324,45.695221,0
                -121.324381,45.693395,0
                -121.325387,45.688503,0
                -121.325467,45.687235,0
                -121.325433,45.686972,0
              </coordinates>
            </LinearRing>
          </outerBoundaryIs>
        </Polygon>
      </Placemark>
      <Placemark id="mthood.22">
        <name>Area22: 374 obs</name>
        <description>11 Chamaenerion angustifolium
10 Taricha granulosa
8 Leucanthemum vulgare
7 Heracleum maximum
7 Rubus parviflorus
6 Lilium columbianum
6 Maianthemum racemosum
6 Petasites frigidus
5 Aquilegia formosa
5 Cornus unalaschkensis

Cluster 1 standouts:
2.42 Rhododendron macrophyllum
2.37 Cornus unalaschkensis
2.11 Oplopanax horridus
1.91 Lysichiton americanus
1.84 Tsuga heterophylla</description>
        <Style>
          <LineStyle>
            <width>2</width>
          </LineStyle>
          <PolyStyle>
            <color>ffa5c266</color>
          </PolyStyle>
        </Style>
        <ExtendedData>
          <SchemaData schemaUrl="#mthood.schema">
            <SimpleData name="grid_id">22</SimpleData>
            <SimpleData name="n_obs">374</SimpleData>
            <SimpleData name="cluster">1</SimpleData>
            <SimpleData name="cluster_ordered">2</SimpleData>
            <SimpleData name="top_species">11 Chamaenerion angustifolium
10 Taricha granulosa
8 Leucanthemum vulgare
7 Heracleum maximum
7 Rubus parviflorus
6 Lilium columbianum
6 Maianthemum racemosum
6 Petasites frigidus
5 Aquilegia formosa
5 Cornus unalaschkensis</SimpleData>
            <SimpleData name="standouts">2.42 Rhododendron macrophyllum
2.37 Cornus unalaschkensis
2.11 Oplopanax horridus
1.91 Lysichiton americanus
1.84 Tsuga heterophylla</SimpleData>
            <SimpleData name="OGR_STYLE">PEN(fc:#FF666666,w:2px);BRUSH(fc:#66C2A5FF)</SimpleData>
          </SchemaData>
        </ExtendedData>
        <Polygon>
          <outerBoundaryIs>
            <LinearRing>
              <coordinates>
                -122.117775,45.159675,0
                -122.117858,45.159345,0
                -122.1195507,45.1531572,0
                -122.082817,45.088295,0
                -122.060364,45.07774,0
                -122.047835,45.075552,0
                -122.046089,45.075292,0
                -122.044604,45.075172,0
                -122.019257,45.078366,0
                -121.970812,45.137042,0
                -121.970036,45.148629,0
                -122.02443,45.220337,0
                -122.025039,45.220437,0
                -122.1080462,45.2291101,0
                -122.1151073,45.2280244,0
                -122.151664,45.209861,0
                -122.1504769,45.2077649,0
                -122.149047,45.206863,0
                -122.148929,45.206771,0
                -122.117775,45.159675,0
              </coordinates>
            </LinearRing>
          </outerBoundaryIs>
        </Polygon>
      </Placemark>
      <Placemark id="mthood.23">
        <name>Area23: 284 obs</name>
        <description>20 Taricha granulosa
12 Oplopanax horridus
9 Cornus unalaschkensis
8 Rhododendron macrophyllum
8 Xerophyllum tenax
7 Gentiana calycosa
6 Abies procera
6 Erythronium montanum
6 Lysichiton americanus
6 Thuja plicata

Cluster 1 standouts:
2.42 Rhododendron macrophyllum
2.37 Cornus unalaschkensis
2.11 Oplopanax horridus
1.91 Lysichiton americanus
1.84 Tsuga heterophylla</description>
        <Style>
          <LineStyle>
            <width>2</width>
          </LineStyle>
          <PolyStyle>
            <color>ffa5c266</color>
          </PolyStyle>
        </Style>
        <ExtendedData>
          <SchemaData schemaUrl="#mthood.schema">
            <SimpleData name="grid_id">23</SimpleData>
            <SimpleData name="n_obs">284</SimpleData>
            <SimpleData name="cluster">1</SimpleData>
            <SimpleData name="cluster_ordered">2</SimpleData>
            <SimpleData name="top_species">20 Taricha granulosa
12 Oplopanax horridus
9 Cornus unalaschkensis
8 Rhododendron macrophyllum
8 Xerophyllum tenax
7 Gentiana calycosa
6 Abies procera
6 Erythronium montanum
6 Lysichiton americanus
6 Thuja plicata</SimpleData>
            <SimpleData name="standouts">2.42 Rhododendron macrophyllum
2.37 Cornus unalaschkensis
2.11 Oplopanax horridus
1.91 Lysichiton americanus
1.84 Tsuga heterophylla</SimpleData>
            <SimpleData name="OGR_STYLE">PEN(fc:#FF666666,w:2px);BRUSH(fc:#66C2A5FF)</SimpleData>
          </SchemaData>
        </ExtendedData>
        <Polygon>
          <outerBoundaryIs>
            <LinearRing>
              <coordinates>
                -121.844253,45.583542,0
                -121.8515803,45.5822193,0
                -121.851351,45.581055,0
                -121.851983,45.578164,0
                -121.90535,45.565855,0
                -121.9055008,45.5724858,0
                -121.971222,45.560622,0
                -121.989447,45.461017,0
                -121.957674,45.425169,0
                -121.957397,45.42498,0
                -121.85405,45.442558,0
                -121.827355,45.477237,0
                -121.8253166,45.4810755,0
                -121.8071461,45.5558126,0
                -121.805503,45.566188,0
                -121.811314,45.571357,0
                -121.82602,45.578311,0
                -121.844253,45.583542,0
              </coordinates>
            </LinearRing>
          </outerBoundaryIs>
        </Polygon>
      </Placemark>
      <Placemark id="mthood.24">
        <name>Area24: 365 obs</name>
        <description>70 Ailanthus altissima
46 Lomatium nudicaule
27 Vicia villosa
21 Ericameria nauseosa
14 Erodium cicutarium
11 Eriogonum compositum
11 Hydrophyllum capitatum
9 Lomatium triternatum
8 Collinsia parviflora
8 Draba verna

Cluster 7 standouts:
2.20 Haliaeetus leucocephalus
2.20 Pandion haliaetus
1.92 Turdus migratorius
1.88 Pseudacris regilla
1.82 Cathartes aura</description>
        <Style>
          <LineStyle>
            <width>2</width>
          </LineStyle>
          <PolyStyle>
            <color>ff94c4e5</color>
          </PolyStyle>
        </Style>
        <ExtendedData>
          <SchemaData schemaUrl="#mthood.schema">
            <SimpleData name="grid_id">24</SimpleData>
            <SimpleData name="n_obs">365</SimpleData>
            <SimpleData name="cluster">7</SimpleData>
            <SimpleData name="cluster_ordered">6</SimpleData>
            <SimpleData name="top_species">70 Ailanthus altissima
46 Lomatium nudicaule
27 Vicia villosa
21 Ericameria nauseosa
14 Erodium cicutarium
11 Eriogonum compositum
11 Hydrophyllum capitatum
9 Lomatium triternatum
8 Collinsia parviflora
8 Draba verna</SimpleData>
            <SimpleData name="standouts">2.20 Haliaeetus leucocephalus
2.20 Pandion haliaetus
1.92 Turdus migratorius
1.88 Pseudacris regilla
1.82 Cathartes aura</SimpleData>
            <SimpleData name="OGR_STYLE">PEN(fc:#FF666666,w:2px);BRUSH(fc:#E5C494FF)</SimpleData>
          </SchemaData>
        </ExtendedData>
        <Polygon>
          <outerBoundaryIs>
            <LinearRing>
              <coordinates>
                -121.12088,45.588272,0
                -121.12536,45.600873,0
                -121.1271644,45.6032442,0
                -121.129219,45.604106,0
                -121.142526,45.616618,0
                -121.142701,45.616924,0
                -121.1506475,45.6341045,0
                -121.155311,45.640233,0
                -121.191183,45.607087,0
                -121.192397,45.604206,0
                -121.193944,45.591119,0
                -121.1933947,45.5833393,0
                -121.1826851,45.5483748,0
                -121.182601,45.548258,0
                -121.165135,45.557013,0
                -121.12088,45.588272,0
              </coordinates>
            </LinearRing>
          </outerBoundaryIs>
        </Polygon>
      </Placemark>
      <Placemark id="mthood.25">
        <name>Area25: 373 obs</name>
        <description>20 Cornus unalaschkensis
15 Lysichiton americanus
15 Oplopanax horridus
14 Linnaea borealis
13 Corallorhiza mertensiana
13 Rhododendron macrophyllum
12 Struthiopteris spicant
10 Maianthemum racemosum
10 Tiarella trifoliata
9 Gaultheria shallon

Cluster 1 standouts:
2.42 Rhododendron macrophyllum
2.37 Cornus unalaschkensis
2.11 Oplopanax horridus
1.91 Lysichiton americanus
1.84 Tsuga heterophylla</description>
        <Style>
          <LineStyle>
            <width>2</width>
          </LineStyle>
          <PolyStyle>
            <color>ffa5c266</color>
          </PolyStyle>
        </Style>
        <ExtendedData>
          <SchemaData schemaUrl="#mthood.schema">
            <SimpleData name="grid_id">25</SimpleData>
            <SimpleData name="n_obs">373</SimpleData>
            <SimpleData name="cluster">1</SimpleData>
            <SimpleData name="cluster_ordered">2</SimpleData>
            <SimpleData name="top_species">20 Cornus unalaschkensis
15 Lysichiton americanus
15 Oplopanax horridus
14 Linnaea borealis
13 Corallorhiza mertensiana
13 Rhododendron macrophyllum
12 Struthiopteris spicant
10 Maianthemum racemosum
10 Tiarella trifoliata
9 Gaultheria shallon</SimpleData>
            <SimpleData name="standouts">2.42 Rhododendron macrophyllum
2.37 Cornus unalaschkensis
2.11 Oplopanax horridus
1.91 Lysichiton americanus
1.84 Tsuga heterophylla</SimpleData>
            <SimpleData name="OGR_STYLE">PEN(fc:#FF666666,w:2px);BRUSH(fc:#66C2A5FF)</SimpleData>
          </SchemaData>
        </ExtendedData>
        <Polygon>
          <outerBoundaryIs>
            <LinearRing>
              <coordinates>
                -121.820937,45.302775,0
                -121.8039557,45.3079099,0
                -121.80233,45.311047,0
                -121.800483,45.311914,0
                -121.7972391,45.3099409,0
                -121.789725,45.312213,0
                -121.789072,45.316137,0
                -121.787284,45.3269,0
                -121.827586,45.334422,0
                -121.862214,45.307803,0
                -121.82128,45.302678,0
                -121.821275,45.302678,0
                -121.820937,45.302775,0
              </coordinates>
            </LinearRing>
          </outerBoundaryIs>
        </Polygon>
      </Placemark>
      <Placemark id="mthood.26">
        <name>Area26: 325 obs</name>
        <description>31 Zonotrichia leucophrys
11 Lunaria annua
11 Trillium ovatum
10 Claytonia sibirica
10 Dicentra formosa
9 Pandion haliaetus
8 Heracleum maximum
8 Oplopanax horridus
8 Turdus migratorius
7 Acer macrophyllum

Cluster 3 standouts:
2.10 Digitalis purpurea
1.98 Prunella vulgaris
1.96 Corydalis scouleri
1.88 Gaultheria shallon
1.83 Vaccinium parvifolium</description>
        <Style>
          <LineStyle>
            <width>2</width>
          </LineStyle>
          <PolyStyle>
            <color>ffcba08d</color>
          </PolyStyle>
        </Style>
        <ExtendedData>
          <SchemaData schemaUrl="#mthood.schema">
            <SimpleData name="grid_id">26</SimpleData>
            <SimpleData name="n_obs">325</SimpleData>
            <SimpleData name="cluster">3</SimpleData>
            <SimpleData name="cluster_ordered">4</SimpleData>
            <SimpleData name="top_species">31 Zonotrichia leucophrys
11 Lunaria annua
11 Trillium ovatum
10 Claytonia sibirica
10 Dicentra formosa
9 Pandion haliaetus
8 Heracleum maximum
8 Oplopanax horridus
8 Turdus migratorius
7 Acer macrophyllum</SimpleData>
            <SimpleData name="standouts">2.10 Digitalis purpurea
1.98 Prunella vulgaris
1.96 Corydalis scouleri
1.88 Gaultheria shallon
1.83 Vaccinium parvifolium</SimpleData>
            <SimpleData name="OGR_STYLE">PEN(fc:#FF666666,w:2px);BRUSH(fc:#8DA0CBFF)</SimpleData>
          </SchemaData>
        </ExtendedData>
        <Polygon>
          <outerBoundaryIs>
            <LinearRing>
              <coordinates>
                -122.237539,45.525074,0
                -122.229377,45.521932,0
                -122.227325,45.522981,0
                -122.221349,45.535162,0
                -122.221004,45.536372,0
                -122.2209466,45.5369128,0
                -122.228525,45.5531634,0
                -122.23881,45.56042,0
                -122.2436035,45.5411224,0
                -122.243611,45.540787,0
                -122.2439177,45.5398573,0
                -122.244079,45.539208,0
                -122.237539,45.525074,0
              </coordinates>
            </LinearRing>
          </outerBoundaryIs>
        </Polygon>
      </Placemark>
      <Placemark id="mthood.27">
        <name>Area27: 604 obs</name>
        <description>33 Lomatium klickitatense
30 Centaurea cyanus
26 Adelinia grandis
19 Olsynium douglasii
19 Triteleia grandiflora
15 Eriogonum compositum
15 Quercus garryana
14 Eschscholzia californica
12 Aphelocoma californica
12 Erythronium grandiflorum

Cluster 6 standouts:
2.06 Lomatium nudicaule
2.00 Castilleja hispida
1.93 Erythronium grandiflorum
1.93 Lomatium triternatum
1.81 Hydrophyllum capitatum</description>
        <Style>
          <LineStyle>
            <width>2</width>
          </LineStyle>
          <PolyStyle>
            <color>ff2fd9ff</color>
          </PolyStyle>
        </Style>
        <ExtendedData>
          <SchemaData schemaUrl="#mthood.schema">
            <SimpleData name="grid_id">27</SimpleData>
            <SimpleData name="n_obs">604</SimpleData>
            <SimpleData name="cluster">6</SimpleData>
            <SimpleData name="cluster_ordered">7</SimpleData>
            <SimpleData name="top_species">33 Lomatium klickitatense
30 Centaurea cyanus
26 Adelinia grandis
19 Olsynium douglasii
19 Triteleia grandiflora
15 Eriogonum compositum
15 Quercus garryana
14 Eschscholzia californica
12 Aphelocoma californica
12 Erythronium grandiflorum</SimpleData>
            <SimpleData name="standouts">2.06 Lomatium nudicaule
2.00 Castilleja hispida
1.93 Erythronium grandiflorum
1.93 Lomatium triternatum
1.81 Hydrophyllum capitatum</SimpleData>
            <SimpleData name="OGR_STYLE">PEN(fc:#FF666666,w:2px);BRUSH(fc:#FFD92FFF)</SimpleData>
          </SchemaData>
        </ExtendedData>
        <Polygon>
          <outerBoundaryIs>
            <LinearRing>
              <coordinates>
                -121.4481781,45.6919324,0
                -121.440231,45.691297,0
                -121.397072,45.697861,0
                -121.395845,45.698228,0
                -121.395634,45.698299,0
                -121.395622,45.698347,0
                -121.395621,45.698865,0
                -121.39567,45.699287,0
                -121.410703,45.72856,0
                -121.423407,45.75175,0
                -121.429548,45.761182,0
                -121.429587,45.76121,0
                -121.437189,45.761081,0
                -121.470839,45.754757,0
                -121.494448,45.738232,0
                -121.49508,45.737384,0
                -121.48973,45.722378,0
                -121.489114,45.721827,0
                -121.455658,45.693692,0
                -121.4530498,45.6927033,0
                -121.4481781,45.6919324,0
              </coordinates>
            </LinearRing>
          </outerBoundaryIs>
        </Polygon>
      </Placemark>
      <Placemark id="mthood.28">
        <name>Area28: 376 obs</name>
        <description>23 Cornus unalaschkensis
17 Lysichiton americanus
16 Spiraea douglasii
15 Xerophyllum tenax
10 Clintonia uniflora
10 Linnaea borealis
10 Platanthera dilatata
9 Monotropa hypopitys
9 Pseudacris regilla
9 Rhododendron macrophyllum

Cluster 1 standouts:
2.42 Rhododendron macrophyllum
2.37 Cornus unalaschkensis
2.11 Oplopanax horridus
1.91 Lysichiton americanus
1.84 Tsuga heterophylla</description>
        <Style>
          <LineStyle>
            <width>2</width>
          </LineStyle>
          <PolyStyle>
            <color>ffa5c266</color>
          </PolyStyle>
        </Style>
        <ExtendedData>
          <SchemaData schemaUrl="#mthood.schema">
            <SimpleData name="grid_id">28</SimpleData>
            <SimpleData name="n_obs">376</SimpleData>
            <SimpleData name="cluster">1</SimpleData>
            <SimpleData name="cluster_ordered">2</SimpleData>
            <SimpleData name="top_species">23 Cornus unalaschkensis
17 Lysichiton americanus
16 Spiraea douglasii
15 Xerophyllum tenax
10 Clintonia uniflora
10 Linnaea borealis
10 Platanthera dilatata
9 Monotropa hypopitys
9 Pseudacris regilla
9 Rhododendron macrophyllum</SimpleData>
            <SimpleData name="standouts">2.42 Rhododendron macrophyllum
2.37 Cornus unalaschkensis
2.11 Oplopanax horridus
1.91 Lysichiton americanus
1.84 Tsuga heterophylla</SimpleData>
            <SimpleData name="OGR_STYLE">PEN(fc:#FF666666,w:2px);BRUSH(fc:#66C2A5FF)</SimpleData>
          </SchemaData>
        </ExtendedData>
        <Polygon>
          <outerBoundaryIs>
            <LinearRing>
              <coordinates>
                -121.786438,45.256855,0
                -121.813125,45.245717,0
                -121.8619,45.222828,0
                -121.89529,45.169253,0
                -121.894233,45.16845,0
                -121.8312137,45.1531503,0
                -121.780335,45.141328,0
                -121.7771309,45.1400202,0
                -121.770968,45.138524,0
                -121.762178,45.140639,0
                -121.755005,45.142967,0
                -121.745513,45.147453,0
                -121.7317084,45.1683982,0
                -121.731581,45.177948,0
                -121.722503,45.193462,0
                -121.700172,45.228305,0
                -121.699559,45.229094,0
                -121.699333,45.22934,0
                -121.6978,45.23032,0
                -121.697517,45.230492,0
                -121.689362,45.235245,0
                -121.6869167,45.2363594,0
                -121.686362,45.237201,0
                -121.7075698,45.251982,0
                -121.7125027,45.2547553,0
                -121.717571,45.256969,0
                -121.740967,45.264512,0
                -121.758287,45.264137,0
                -121.786438,45.256855,0
              </coordinates>
            </LinearRing>
          </outerBoundaryIs>
        </Polygon>
      </Placemark>
      <Placemark id="mthood.29">
        <name>Area29: 259 obs</name>
        <description>19 Chimaphila umbellata
15 Linnaea borealis
11 Cornus unalaschkensis
9 Chrysolepis chrysophylla
9 Rhododendron macrophyllum
8 Tsuga heterophylla
8 Xerophyllum tenax
7 Clintonia uniflora
7 Taxus brevifolia
6 Arctostaphylos nevadensis

Cluster 1 standouts:
2.42 Rhododendron macrophyllum
2.37 Cornus unalaschkensis
2.11 Oplopanax horridus
1.91 Lysichiton americanus
1.84 Tsuga heterophylla</description>
        <Style>
          <LineStyle>
            <width>2</width>
          </LineStyle>
          <PolyStyle>
            <color>ffa5c266</color>
          </PolyStyle>
        </Style>
        <ExtendedData>
          <SchemaData schemaUrl="#mthood.schema">
            <SimpleData name="grid_id">29</SimpleData>
            <SimpleData name="n_obs">259</SimpleData>
            <SimpleData name="cluster">1</SimpleData>
            <SimpleData name="cluster_ordered">2</SimpleData>
            <SimpleData name="top_species">19 Chimaphila umbellata
15 Linnaea borealis
11 Cornus unalaschkensis
9 Chrysolepis chrysophylla
9 Rhododendron macrophyllum
8 Tsuga heterophylla
8 Xerophyllum tenax
7 Clintonia uniflora
7 Taxus brevifolia
6 Arctostaphylos nevadensis</SimpleData>
            <SimpleData name="standouts">2.42 Rhododendron macrophyllum
2.37 Cornus unalaschkensis
2.11 Oplopanax horridus
1.91 Lysichiton americanus
1.84 Tsuga heterophylla</SimpleData>
            <SimpleData name="OGR_STYLE">PEN(fc:#FF666666,w:2px);BRUSH(fc:#66C2A5FF)</SimpleData>
          </SchemaData>
        </ExtendedData>
        <Polygon>
          <outerBoundaryIs>
            <LinearRing>
              <coordinates>
                -121.692947,45.135803,0
                -121.71827,45.13772,0
                -121.772383,45.129847,0
                -121.7738796,45.1291561,0
                -121.8393212,45.0432654,0
                -121.816162,45.004683,0
                -121.801528,44.986113,0
                -121.781913,44.985263,0
                -121.721536,44.989947,0
                -121.717125,45.000783,0
                -121.689858,45.099811,0
                -121.68735,45.134251,0
                -121.692947,45.135803,0
              </coordinates>
            </LinearRing>
          </outerBoundaryIs>
        </Polygon>
      </Placemark>
      <Placemark id="mthood.30">
        <name>Area30: 351 obs</name>
        <description>17 Erythronium oregonum
12 Quercus garryana
11 Corydalis scouleri
11 Sedum spathulifolium
10 Maianthemum racemosum
8 Cryptogramma acrostichoides
8 Dicentra formosa
8 Goodyera oblongifolia
7 Maianthemum dilatatum
7 Prosartes hookeri

Cluster 8 standouts:
2.07 Tellima grandiflora
2.00 Adiantum aleuticum
1.92 Geranium robertianum
1.90 Sedum spathulifolium
1.87 Heracleum maximum</description>
        <Style>
          <LineStyle>
            <width>2</width>
          </LineStyle>
          <PolyStyle>
            <color>ffb3b3b3</color>
          </PolyStyle>
        </Style>
        <ExtendedData>
          <SchemaData schemaUrl="#mthood.schema">
            <SimpleData name="grid_id">30</SimpleData>
            <SimpleData name="n_obs">351</SimpleData>
            <SimpleData name="cluster">8</SimpleData>
            <SimpleData name="cluster_ordered">3</SimpleData>
            <SimpleData name="top_species">17 Erythronium oregonum
12 Quercus garryana
11 Corydalis scouleri
11 Sedum spathulifolium
10 Maianthemum racemosum
8 Cryptogramma acrostichoides
8 Dicentra formosa
8 Goodyera oblongifolia
7 Maianthemum dilatatum
7 Prosartes hookeri</SimpleData>
            <SimpleData name="standouts">2.07 Tellima grandiflora
2.00 Adiantum aleuticum
1.92 Geranium robertianum
1.90 Sedum spathulifolium
1.87 Heracleum maximum</SimpleData>
            <SimpleData name="OGR_STYLE">PEN(fc:#FF666666,w:2px);BRUSH(fc:#B3B3B3FF)</SimpleData>
          </SchemaData>
        </ExtendedData>
        <Polygon>
          <outerBoundaryIs>
            <LinearRing>
              <coordinates>
                -121.939733,45.274862,0
                -121.9278634,45.27984,0
                -121.9403357,45.2880506,0
                -121.942855,45.285355,0
                -121.943383,45.284703,0
                -121.93984,45.274873,0
                -121.939734,45.274862,0
                -121.939733,45.274862,0
              </coordinates>
            </LinearRing>
          </outerBoundaryIs>
        </Polygon>
      </Placemark>
      <Placemark id="mthood.31">
        <name>Area31: 372 obs</name>
        <description>19 Toxicodendron diversilobum
14 Dichelostemma congestum
13 Fritillaria affinis
12 Senecio integerrimus
11 Polypodium glycyrrhiza
10 Ceanothus integerrimus
10 Quercus garryana
9 Holodiscus discolor
8 Erythranthe alsinoides
8 Pseudotsuga menziesii

Cluster 2 standouts:
2.32 Calypso bulbosa
2.15 Corallorhiza maculata
2.05 Cornus nuttallii
1.84 Moehringia macrophylla
1.83 Lonicera ciliosa</description>
        <Style>
          <LineStyle>
            <width>2</width>
          </LineStyle>
          <PolyStyle>
            <color>ff628dfc</color>
          </PolyStyle>
        </Style>
        <ExtendedData>
          <SchemaData schemaUrl="#mthood.schema">
            <SimpleData name="grid_id">31</SimpleData>
            <SimpleData name="n_obs">372</SimpleData>
            <SimpleData name="cluster">2</SimpleData>
            <SimpleData name="cluster_ordered">5</SimpleData>
            <SimpleData name="top_species">19 Toxicodendron diversilobum
14 Dichelostemma congestum
13 Fritillaria affinis
12 Senecio integerrimus
11 Polypodium glycyrrhiza
10 Ceanothus integerrimus
10 Quercus garryana
9 Holodiscus discolor
8 Erythranthe alsinoides
8 Pseudotsuga menziesii</SimpleData>
            <SimpleData name="standouts">2.32 Calypso bulbosa
2.15 Corallorhiza maculata
2.05 Cornus nuttallii
1.84 Moehringia macrophylla
1.83 Lonicera ciliosa</SimpleData>
            <SimpleData name="OGR_STYLE">PEN(fc:#FF666666,w:2px);BRUSH(fc:#FC8D62FF)</SimpleData>
          </SchemaData>
        </ExtendedData>
        <Polygon>
          <outerBoundaryIs>
            <LinearRing>
              <coordinates>
                -121.717658,45.701808,0
                -121.72494,45.707871,0
                -121.7254717,45.7084431,0
                -121.728407,45.708983,0
                -121.729186,45.708831,0
                -121.729249,45.708325,0
                -121.72688,45.69054,0
                -121.712817,45.674413,0
                -121.696953,45.685478,0
                -121.696142,45.686514,0
                -121.696028,45.687501,0
                -121.694564,45.702758,0
                -121.7041152,45.7045148,0
                -121.707947,45.701637,0
                -121.7081,45.701589,0
                -121.708646,45.701455,0
                -121.717592,45.701783,0
                -121.717658,45.701808,0
              </coordinates>
            </LinearRing>
          </outerBoundaryIs>
        </Polygon>
      </Placemark>
      <Placemark id="mthood.32">
        <name>Area32: 352 obs</name>
        <description>19 Ariolimax columbianus
15 Digitalis purpurea
13 Oncorhynchus kisutch
12 Polystichum munitum
11 Corydalis scouleri
11 Trillium ovatum
10 Fomitopsis mounceae
10 Petasites frigidus
9 Rubus spectabilis
8 Dicentra formosa

Cluster 3 standouts:
2.10 Digitalis purpurea
1.98 Prunella vulgaris
1.96 Corydalis scouleri
1.88 Gaultheria shallon
1.83 Vaccinium parvifolium</description>
        <Style>
          <LineStyle>
            <width>2</width>
          </LineStyle>
          <PolyStyle>
            <color>ffcba08d</color>
          </PolyStyle>
        </Style>
        <ExtendedData>
          <SchemaData schemaUrl="#mthood.schema">
            <SimpleData name="grid_id">32</SimpleData>
            <SimpleData name="n_obs">352</SimpleData>
            <SimpleData name="cluster">3</SimpleData>
            <SimpleData name="cluster_ordered">4</SimpleData>
            <SimpleData name="top_species">19 Ariolimax columbianus
15 Digitalis purpurea
13 Oncorhynchus kisutch
12 Polystichum munitum
11 Corydalis scouleri
11 Trillium ovatum
10 Fomitopsis mounceae
10 Petasites frigidus
9 Rubus spectabilis
8 Dicentra formosa</SimpleData>
            <SimpleData name="standouts">2.10 Digitalis purpurea
1.98 Prunella vulgaris
1.96 Corydalis scouleri
1.88 Gaultheria shallon
1.83 Vaccinium parvifolium</SimpleData>
            <SimpleData name="OGR_STYLE">PEN(fc:#FF666666,w:2px);BRUSH(fc:#8DA0CBFF)</SimpleData>
          </SchemaData>
        </ExtendedData>
        <Polygon>
          <outerBoundaryIs>
            <LinearRing>
              <coordinates>
                -121.9895856,45.3582387,0
                -121.988762,45.360487,0
                -121.986921,45.366311,0
                -122.016203,45.391113,0
                -122.028769,45.397093,0
                -122.034558,45.379669,0
                -122.033989,45.377742,0
                -122.003189,45.34803,0
                -122.000955,45.347542,0
                -121.996625,45.346877,0
                -121.995712,45.347592,0
                -121.9956639,45.3476517,0
                -121.9895856,45.3582387,0
              </coordinates>
            </LinearRing>
          </outerBoundaryIs>
        </Polygon>
      </Placemark>
      <Placemark id="mthood.33">
        <name>Area33: 383 obs</name>
        <description>21 Quercus garryana
14 Sceloporus occidentalis
12 Valeriana congesta
11 Maianthemum racemosum
9 Actaea rubra
9 Crocidium multicaule
9 Lomatium martindalei
9 Tsuga heterophylla
8 Lilium columbianum
8 Occidryas colon

Cluster 8 standouts:
2.07 Tellima grandiflora
2.00 Adiantum aleuticum
1.92 Geranium robertianum
1.90 Sedum spathulifolium
1.87 Heracleum maximum</description>
        <Style>
          <LineStyle>
            <width>2</width>
          </LineStyle>
          <PolyStyle>
            <color>ffb3b3b3</color>
          </PolyStyle>
        </Style>
        <ExtendedData>
          <SchemaData schemaUrl="#mthood.schema">
            <SimpleData name="grid_id">33</SimpleData>
            <SimpleData name="n_obs">383</SimpleData>
            <SimpleData name="cluster">8</SimpleData>
            <SimpleData name="cluster_ordered">3</SimpleData>
            <SimpleData name="top_species">21 Quercus garryana
14 Sceloporus occidentalis
12 Valeriana congesta
11 Maianthemum racemosum
9 Actaea rubra
9 Crocidium multicaule
9 Lomatium martindalei
9 Tsuga heterophylla
8 Lilium columbianum
8 Occidryas colon</SimpleData>
            <SimpleData name="standouts">2.07 Tellima grandiflora
2.00 Adiantum aleuticum
1.92 Geranium robertianum
1.90 Sedum spathulifolium
1.87 Heracleum maximum</SimpleData>
            <SimpleData name="OGR_STYLE">PEN(fc:#FF666666,w:2px);BRUSH(fc:#B3B3B3FF)</SimpleData>
          </SchemaData>
        </ExtendedData>
        <Polygon>
          <outerBoundaryIs>
            <LinearRing>
              <coordinates>
                -121.90535,45.565855,0
                -121.851983,45.578164,0
                -121.851351,45.581055,0
                -121.852088,45.584797,0
                -121.852172,45.585072,0
                -121.8590765,45.5918102,0
                -121.864067,45.592695,0
                -121.881556,45.606304,0
                -121.883544,45.608733,0
                -121.887031,45.613001,0
                -121.893327,45.62113,0
                -121.89423,45.622329,0
                -121.895189,45.623886,0
                -121.895715,45.624825,0
                -121.896657,45.62653,0
                -121.897347,45.627842,0
                -121.897575,45.628372,0
                -121.897626,45.628562,0
                -121.897183,45.6289987,0
                -121.899536,45.631295,0
                -121.905668,45.632313,0
                -121.906845,45.631583,0
                -121.9068367,45.6312176,0
                -121.906824,45.631165,0
                -121.9068345,45.6311211,0
                -121.90535,45.565855,0
              </coordinates>
            </LinearRing>
          </outerBoundaryIs>
        </Polygon>
      </Placemark>
      <Placemark id="mthood.34">
        <name>Area34: 392 obs</name>
        <description>16 Castilleja hispida
14 Olsynium douglasii
14 Quercus garryana
12 Lithospermum ruderale
12 Triteleia grandiflora
11 Senecio integerrimus
10 Cardamine nuttallii
10 Fritillaria affinis
10 Lomatium nudicaule
9 Adelinia grandis

Cluster 6 standouts:
2.06 Lomatium nudicaule
2.00 Castilleja hispida
1.93 Erythronium grandiflorum
1.93 Lomatium triternatum
1.81 Hydrophyllum capitatum</description>
        <Style>
          <LineStyle>
            <width>2</width>
          </LineStyle>
          <PolyStyle>
            <color>ff2fd9ff</color>
          </PolyStyle>
        </Style>
        <ExtendedData>
          <SchemaData schemaUrl="#mthood.schema">
            <SimpleData name="grid_id">34</SimpleData>
            <SimpleData name="n_obs">392</SimpleData>
            <SimpleData name="cluster">6</SimpleData>
            <SimpleData name="cluster_ordered">7</SimpleData>
            <SimpleData name="top_species">16 Castilleja hispida
14 Olsynium douglasii
14 Quercus garryana
12 Lithospermum ruderale
12 Triteleia grandiflora
11 Senecio integerrimus
10 Cardamine nuttallii
10 Fritillaria affinis
10 Lomatium nudicaule
9 Adelinia grandis</SimpleData>
            <SimpleData name="standouts">2.06 Lomatium nudicaule
2.00 Castilleja hispida
1.93 Erythronium grandiflorum
1.93 Lomatium triternatum
1.81 Hydrophyllum capitatum</SimpleData>
            <SimpleData name="OGR_STYLE">PEN(fc:#FF666666,w:2px);BRUSH(fc:#FFD92FFF)</SimpleData>
          </SchemaData>
        </ExtendedData>
        <Polygon>
          <outerBoundaryIs>
            <LinearRing>
              <coordinates>
                -121.329628,45.639312,0
                -121.319299,45.642644,0
                -121.318712,45.642845,0
                -121.31772,45.64329,0
                -121.316856,45.644267,0
                -121.299339,45.664886,0
                -121.304635,45.670392,0
                -121.329481,45.690199,0
                -121.337837,45.683155,0
                -121.337978,45.682878,0
                -121.341625,45.67008,0
                -121.339937,45.664787,0
                -121.329628,45.639312,0
              </coordinates>
            </LinearRing>
          </outerBoundaryIs>
        </Polygon>
      </Placemark>
      <Placemark id="mthood.35">
        <name>Area35: 375 obs</name>
        <description>26 Tsuga heterophylla
25 Lobaria oregana
23 Xerophyllum tenax
22 Gaultheria shallon
22 Thuja plicata
16 Linnaea borealis
16 Mahonia nervosa
14 Polystichum munitum
13 Pseudotsuga menziesii
11 Acer circinatum

Cluster 1 standouts:
2.42 Rhododendron macrophyllum
2.37 Cornus unalaschkensis
2.11 Oplopanax horridus
1.91 Lysichiton americanus
1.84 Tsuga heterophylla</description>
        <Style>
          <LineStyle>
            <width>2</width>
          </LineStyle>
          <PolyStyle>
            <color>ffa5c266</color>
          </PolyStyle>
        </Style>
        <ExtendedData>
          <SchemaData schemaUrl="#mthood.schema">
            <SimpleData name="grid_id">35</SimpleData>
            <SimpleData name="n_obs">375</SimpleData>
            <SimpleData name="cluster">1</SimpleData>
            <SimpleData name="cluster_ordered">2</SimpleData>
            <SimpleData name="top_species">26 Tsuga heterophylla
25 Lobaria oregana
23 Xerophyllum tenax
22 Gaultheria shallon
22 Thuja plicata
16 Linnaea borealis
16 Mahonia nervosa
14 Polystichum munitum
13 Pseudotsuga menziesii
11 Acer circinatum</SimpleData>
            <SimpleData name="standouts">2.42 Rhododendron macrophyllum
2.37 Cornus unalaschkensis
2.11 Oplopanax horridus
1.91 Lysichiton americanus
1.84 Tsuga heterophylla</SimpleData>
            <SimpleData name="OGR_STYLE">PEN(fc:#FF666666,w:2px);BRUSH(fc:#66C2A5FF)</SimpleData>
          </SchemaData>
        </ExtendedData>
        <Polygon>
          <outerBoundaryIs>
            <LinearRing>
              <coordinates>
                -122.225455,44.848512,0
                -122.225478,44.848388,0
                -122.2244828,44.8313371,0
                -122.219676,44.793171,0
                -122.216295,44.753197,0
                -122.2197192,44.7497205,0
                -122.217945,44.719323,0
                -122.21754,44.719392,0
                -122.1921744,44.7287251,0
                -122.190505,44.73317,0
                -122.156769,44.746677,0
                -122.142319,44.748255,0
                -122.141175,44.748337,0
                -122.1399109,44.7479551,0
                -122.13004,44.751587,0
                -122.121938,44.754861,0
                -122.11895,44.756382,0
                -122.103556,44.765433,0
                -122.125557,44.822309,0
                -122.125917,44.822637,0
                -122.133072,44.828029,0
                -122.190193,44.85305,0
                -122.21341,44.850294,0
                -122.225455,44.848512,0
              </coordinates>
            </LinearRing>
          </outerBoundaryIs>
        </Polygon>
      </Placemark>
      <Placemark id="mthood.36">
        <name>Area36: 260 obs</name>
        <description>13 Mahonia nervosa
9 Geranium robertianum
9 Maianthemum racemosum
8 Achlys triphylla
8 Pentagramma triangularis
8 Toxicodendron diversilobum
7 Adiantum aleuticum
7 Pseudotsuga menziesii
7 Rubus parviflorus
6 Prosartes hookeri

Cluster 8 standouts:
2.07 Tellima grandiflora
2.00 Adiantum aleuticum
1.92 Geranium robertianum
1.90 Sedum spathulifolium
1.87 Heracleum maximum</description>
        <Style>
          <LineStyle>
            <width>2</width>
          </LineStyle>
          <PolyStyle>
            <color>ffb3b3b3</color>
          </PolyStyle>
        </Style>
        <ExtendedData>
          <SchemaData schemaUrl="#mthood.schema">
            <SimpleData name="grid_id">36</SimpleData>
            <SimpleData name="n_obs">260</SimpleData>
            <SimpleData name="cluster">8</SimpleData>
            <SimpleData name="cluster_ordered">3</SimpleData>
            <SimpleData name="top_species">13 Mahonia nervosa
9 Geranium robertianum
9 Maianthemum racemosum
8 Achlys triphylla
8 Pentagramma triangularis
8 Toxicodendron diversilobum
7 Adiantum aleuticum
7 Pseudotsuga menziesii
7 Rubus parviflorus
6 Prosartes hookeri</SimpleData>
            <SimpleData name="standouts">2.07 Tellima grandiflora
2.00 Adiantum aleuticum
1.92 Geranium robertianum
1.90 Sedum spathulifolium
1.87 Heracleum maximum</SimpleData>
            <SimpleData name="OGR_STYLE">PEN(fc:#FF666666,w:2px);BRUSH(fc:#B3B3B3FF)</SimpleData>
          </SchemaData>
        </ExtendedData>
        <Polygon>
          <outerBoundaryIs>
            <LinearRing>
              <coordinates>
                -122.009408,45.64332,0
                -122.009469,45.64325,0
                -122.016425,45.635522,0
                -122.016487,45.635509,0
                -122.01653,45.635511,0
                -122.016538,45.635513,0
                -122.017267,45.635883,0
                -122.0172638,45.6359027,0
                -122.022798,45.628554,0
                -122.022592,45.628042,0
                -122.0225868,45.6280384,0
                -122.0121104,45.6253622,0
                -122.007586,45.624749,0
                -121.99407,45.627579,0
                -121.993117,45.627946,0
                -121.9920641,45.6288842,0
                -121.9907217,45.6305643,0
                -121.982987,45.644878,0
                -122.002407,45.649111,0
                -122.006244,45.649324,0
                -122.006408,45.649292,0
                -122.007771,45.648508,0
                -122.0090506,45.6468088,0
                -122.008023,45.646684,0
                -122.008621,45.644913,0
                -122.009408,45.64332,0
              </coordinates>
            </LinearRing>
          </outerBoundaryIs>
        </Polygon>
      </Placemark>
      <Placemark id="mthood.37">
        <name>Area37: 359 obs</name>
        <description>16 Heracleum maximum
10 Oxalis oregana
10 Trillium ovatum
9 Arctostaphylos columbiana
8 Ilex aquifolium
8 Pseudotsuga menziesii
7 Acer circinatum
7 Aquilegia formosa
7 Goodyera oblongifolia
7 Rubus parviflorus

Cluster 8 standouts:
2.07 Tellima grandiflora
2.00 Adiantum aleuticum
1.92 Geranium robertianum
1.90 Sedum spathulifolium
1.87 Heracleum maximum</description>
        <Style>
          <LineStyle>
            <width>2</width>
          </LineStyle>
          <PolyStyle>
            <color>ffb3b3b3</color>
          </PolyStyle>
        </Style>
        <ExtendedData>
          <SchemaData schemaUrl="#mthood.schema">
            <SimpleData name="grid_id">37</SimpleData>
            <SimpleData name="n_obs">359</SimpleData>
            <SimpleData name="cluster">8</SimpleData>
            <SimpleData name="cluster_ordered">3</SimpleData>
            <SimpleData name="top_species">16 Heracleum maximum
10 Oxalis oregana
10 Trillium ovatum
9 Arctostaphylos columbiana
8 Ilex aquifolium
8 Pseudotsuga menziesii
7 Acer circinatum
7 Aquilegia formosa
7 Goodyera oblongifolia
7 Rubus parviflorus</SimpleData>
            <SimpleData name="standouts">2.07 Tellima grandiflora
2.00 Adiantum aleuticum
1.92 Geranium robertianum
1.90 Sedum spathulifolium
1.87 Heracleum maximum</SimpleData>
            <SimpleData name="OGR_STYLE">PEN(fc:#FF666666,w:2px);BRUSH(fc:#B3B3B3FF)</SimpleData>
          </SchemaData>
        </ExtendedData>
        <Polygon>
          <outerBoundaryIs>
            <LinearRing>
              <coordinates>
                -122.155372,45.586322,0
                -122.133965,45.59054,0
                -122.1088449,45.6137218,0
                -122.103515,45.6262502,0
                -122.103458,45.626466,0
                -122.101089,45.672967,0
                -122.169096,45.652329,0
                -122.1750571,45.624927,0
                -122.169992,45.6165,0
                -122.182328,45.590655,0
                -122.18242,45.590513,0
                -122.182581,45.5903413,0
                -122.182608,45.590217,0
                -122.18197,45.586013,0
                -122.168555,45.586005,0
                -122.155372,45.586322,0
              </coordinates>
            </LinearRing>
          </outerBoundaryIs>
        </Polygon>
      </Placemark>
      <Placemark id="mthood.38">
        <name>Area38: 368 obs</name>
        <description>36 Centaurea cyanus
27 Lomatium columbianum
24 Eriogonum compositum
22 Lomatium papilioniferum
17 Eschscholzia californica
16 Lomatium triternatum
15 Quercus garryana
13 Lithophragma parviflorum
11 Olsynium douglasii
9 Lomatium klickitatense

Cluster 6 standouts:
2.06 Lomatium nudicaule
2.00 Castilleja hispida
1.93 Erythronium grandiflorum
1.93 Lomatium triternatum
1.81 Hydrophyllum capitatum</description>
        <Style>
          <LineStyle>
            <width>2</width>
          </LineStyle>
          <PolyStyle>
            <color>ff2fd9ff</color>
          </PolyStyle>
        </Style>
        <ExtendedData>
          <SchemaData schemaUrl="#mthood.schema">
            <SimpleData name="grid_id">38</SimpleData>
            <SimpleData name="n_obs">368</SimpleData>
            <SimpleData name="cluster">6</SimpleData>
            <SimpleData name="cluster_ordered">7</SimpleData>
            <SimpleData name="top_species">36 Centaurea cyanus
27 Lomatium columbianum
24 Eriogonum compositum
22 Lomatium papilioniferum
17 Eschscholzia californica
16 Lomatium triternatum
15 Quercus garryana
13 Lithophragma parviflorum
11 Olsynium douglasii
9 Lomatium klickitatense</SimpleData>
            <SimpleData name="standouts">2.06 Lomatium nudicaule
2.00 Castilleja hispida
1.93 Erythronium grandiflorum
1.93 Lomatium triternatum
1.81 Hydrophyllum capitatum</SimpleData>
            <SimpleData name="OGR_STYLE">PEN(fc:#FF666666,w:2px);BRUSH(fc:#FFD92FFF)</SimpleData>
          </SchemaData>
        </ExtendedData>
        <Polygon>
          <outerBoundaryIs>
            <LinearRing>
              <coordinates>
                -121.386914,45.686989,0
                -121.388497,45.687645,0
                -121.391647,45.688892,0
                -121.404267,45.687172,0
                -121.407452,45.685486,0
                -121.407644,45.685278,0
                -121.40753,45.68205,0
                -121.407272,45.681678,0
                -121.392093,45.680694,0
                -121.39032,45.682587,0
                -121.38656,45.686699,0
                -121.38667,45.686811,0
                -121.386914,45.686989,0
              </coordinates>
            </LinearRing>
          </outerBoundaryIs>
        </Polygon>
      </Placemark>
      <Placemark id="mthood.39">
        <name>Area39: 311 obs</name>
        <description>16 Delphinium trolliifolium
14 Aquilegia formosa
12 Trillium ovatum
11 Dicentra formosa
10 Geranium robertianum
10 Maianthemum racemosum
9 Corydalis scouleri
9 Thamnophis ordinoides
8 Adiantum aleuticum
8 Ariolimax columbianus

Cluster 8 standouts:
2.07 Tellima grandiflora
2.00 Adiantum aleuticum
1.92 Geranium robertianum
1.90 Sedum spathulifolium
1.87 Heracleum maximum</description>
        <Style>
          <LineStyle>
            <width>2</width>
          </LineStyle>
          <PolyStyle>
            <color>ffb3b3b3</color>
          </PolyStyle>
        </Style>
        <ExtendedData>
          <SchemaData schemaUrl="#mthood.schema">
            <SimpleData name="grid_id">39</SimpleData>
            <SimpleData name="n_obs">311</SimpleData>
            <SimpleData name="cluster">8</SimpleData>
            <SimpleData name="cluster_ordered">3</SimpleData>
            <SimpleData name="top_species">16 Delphinium trolliifolium
14 Aquilegia formosa
12 Trillium ovatum
11 Dicentra formosa
10 Geranium robertianum
10 Maianthemum racemosum
9 Corydalis scouleri
9 Thamnophis ordinoides
8 Adiantum aleuticum
8 Ariolimax columbianus</SimpleData>
            <SimpleData name="standouts">2.07 Tellima grandiflora
2.00 Adiantum aleuticum
1.92 Geranium robertianum
1.90 Sedum spathulifolium
1.87 Heracleum maximum</SimpleData>
            <SimpleData name="OGR_STYLE">PEN(fc:#FF666666,w:2px);BRUSH(fc:#B3B3B3FF)</SimpleData>
          </SchemaData>
        </ExtendedData>
        <Polygon>
          <outerBoundaryIs>
            <LinearRing>
              <coordinates>
                -122.167328,45.561406,0
                -122.162829,45.560717,0
                -122.157814,45.561017,0
                -122.1563145,45.5613786,0
                -122.1576928,45.5717049,0
                -122.158127,45.572686,0
                -122.15985,45.573233,0
                -122.168907,45.563217,0
                -122.16748,45.561487,0
                -122.167328,45.561406,0
              </coordinates>
            </LinearRing>
          </outerBoundaryIs>
        </Polygon>
      </Placemark>
      <Placemark id="mthood.40">
        <name>Area40: 351 obs</name>
        <description>15 Monadenia fidelis
12 Mahonia aquifolium
11 Ribes sanguineum
10 Heracleum maximum
10 Tellima grandiflora
9 Eschscholzia californica
8 Adiantum aleuticum
8 Hydrophyllum tenuipes
8 Populus trichocarpa
8 Symphoricarpos albus

Cluster 3 standouts:
2.10 Digitalis purpurea
1.98 Prunella vulgaris
1.96 Corydalis scouleri
1.88 Gaultheria shallon
1.83 Vaccinium parvifolium</description>
        <Style>
          <LineStyle>
            <width>2</width>
          </LineStyle>
          <PolyStyle>
            <color>ffcba08d</color>
          </PolyStyle>
        </Style>
        <ExtendedData>
          <SchemaData schemaUrl="#mthood.schema">
            <SimpleData name="grid_id">40</SimpleData>
            <SimpleData name="n_obs">351</SimpleData>
            <SimpleData name="cluster">3</SimpleData>
            <SimpleData name="cluster_ordered">4</SimpleData>
            <SimpleData name="top_species">15 Monadenia fidelis
12 Mahonia aquifolium
11 Ribes sanguineum
10 Heracleum maximum
10 Tellima grandiflora
9 Eschscholzia californica
8 Adiantum aleuticum
8 Hydrophyllum tenuipes
8 Populus trichocarpa
8 Symphoricarpos albus</SimpleData>
            <SimpleData name="standouts">2.10 Digitalis purpurea
1.98 Prunella vulgaris
1.96 Corydalis scouleri
1.88 Gaultheria shallon
1.83 Vaccinium parvifolium</SimpleData>
            <SimpleData name="OGR_STYLE">PEN(fc:#FF666666,w:2px);BRUSH(fc:#8DA0CBFF)</SimpleData>
          </SchemaData>
        </ExtendedData>
        <Polygon>
          <outerBoundaryIs>
            <LinearRing>
              <coordinates>
                -122.378508,45.54073,0
                -122.377514,45.540326,0
                -122.377188,45.540212,0
                -122.374633,45.539387,0
                -122.372383,45.54182,0
                -122.372262,45.542022,0
                -122.3721281,45.5444355,0
                -122.3740588,45.548335,0
                -122.374217,45.548532,0
                -122.374638,45.548928,0
                -122.375795,45.54972,0
                -122.3761464,45.549195,0
                -122.376191,45.549093,0
                -122.376695,45.548103,0
                -122.3779082,45.5465626,0
                -122.380565,45.542593,0
                -122.380138,45.54183,0
                -122.378508,45.54073,0
              </coordinates>
            </LinearRing>
          </outerBoundaryIs>
        </Polygon>
      </Placemark>
      <Placemark id="mthood.41">
        <name>Area41: 125 obs</name>
        <description>14 Cardamine nuttallii
12 Erythronium grandiflorum
11 Aphyllon uniflorum
9 Crocidium multicaule
6 Castilleja hispida
6 Hydrophyllum capitatum
6 Lomatium columbianum
5 Andricus quercuscalifornicus
5 Delphinium nuttallianum
5 Senecio integerrimus

Cluster 6 standouts:
2.06 Lomatium nudicaule
2.00 Castilleja hispida
1.93 Erythronium grandiflorum
1.93 Lomatium triternatum
1.81 Hydrophyllum capitatum</description>
        <Style>
          <LineStyle>
            <width>2</width>
          </LineStyle>
          <PolyStyle>
            <color>ff2fd9ff</color>
          </PolyStyle>
        </Style>
        <ExtendedData>
          <SchemaData schemaUrl="#mthood.schema">
            <SimpleData name="grid_id">41</SimpleData>
            <SimpleData name="n_obs">125</SimpleData>
            <SimpleData name="cluster">6</SimpleData>
            <SimpleData name="cluster_ordered">7</SimpleData>
            <SimpleData name="top_species">14 Cardamine nuttallii
12 Erythronium grandiflorum
11 Aphyllon uniflorum
9 Crocidium multicaule
6 Castilleja hispida
6 Hydrophyllum capitatum
6 Lomatium columbianum
5 Andricus quercuscalifornicus
5 Delphinium nuttallianum
5 Senecio integerrimus</SimpleData>
            <SimpleData name="standouts">2.06 Lomatium nudicaule
2.00 Castilleja hispida
1.93 Erythronium grandiflorum
1.93 Lomatium triternatum
1.81 Hydrophyllum capitatum</SimpleData>
            <SimpleData name="OGR_STYLE">PEN(fc:#FF666666,w:2px);BRUSH(fc:#FFD92FFF)</SimpleData>
          </SchemaData>
        </ExtendedData>
        <Polygon>
          <outerBoundaryIs>
            <LinearRing>
              <coordinates>
                -121.297822,45.669055,0
                -121.296775,45.670203,0
                -121.296783,45.673612,0
                -121.297717,45.675985,0
                -121.298749,45.678236,0
                -121.298845,45.678375,0
                -121.2998535,45.6786042,0
                -121.3024899,45.6715378,0
                -121.300088,45.669925,0
                -121.297822,45.669055,0
              </coordinates>
            </LinearRing>
          </outerBoundaryIs>
        </Polygon>
      </Placemark>
      <Placemark id="mthood.42">
        <name>Area42: 365 obs</name>
        <description>22 Chrysolepis chrysophylla
17 Xerophyllum tenax
16 Spiraea douglasii
15 Chimaphila umbellata
14 Tsuga mertensiana
13 Lilium washingtonianum
13 Linnaea borealis
13 Nymphalis californica
13 Rhododendron macrophyllum
12 Abies amabilis

Cluster 1 standouts:
2.42 Rhododendron macrophyllum
2.37 Cornus unalaschkensis
2.11 Oplopanax horridus
1.91 Lysichiton americanus
1.84 Tsuga heterophylla</description>
        <Style>
          <LineStyle>
            <width>2</width>
          </LineStyle>
          <PolyStyle>
            <color>ffa5c266</color>
          </PolyStyle>
        </Style>
        <ExtendedData>
          <SchemaData schemaUrl="#mthood.schema">
            <SimpleData name="grid_id">42</SimpleData>
            <SimpleData name="n_obs">365</SimpleData>
            <SimpleData name="cluster">1</SimpleData>
            <SimpleData name="cluster_ordered">2</SimpleData>
            <SimpleData name="top_species">22 Chrysolepis chrysophylla
17 Xerophyllum tenax
16 Spiraea douglasii
15 Chimaphila umbellata
14 Tsuga mertensiana
13 Lilium washingtonianum
13 Linnaea borealis
13 Nymphalis californica
13 Rhododendron macrophyllum
12 Abies amabilis</SimpleData>
            <SimpleData name="standouts">2.42 Rhododendron macrophyllum
2.37 Cornus unalaschkensis
2.11 Oplopanax horridus
1.91 Lysichiton americanus
1.84 Tsuga heterophylla</SimpleData>
            <SimpleData name="OGR_STYLE">PEN(fc:#FF666666,w:2px);BRUSH(fc:#66C2A5FF)</SimpleData>
          </SchemaData>
        </ExtendedData>
        <Polygon>
          <outerBoundaryIs>
            <LinearRing>
              <coordinates>
                -121.731705,45.143228,0
                -121.713013,45.139247,0
                -121.701308,45.139183,0
                -121.649697,45.156739,0
                -121.659492,45.214522,0
                -121.674271,45.241069,0
                -121.677397,45.240063,0
                -121.682678,45.238169,0
                -121.685647,45.236938,0
                -121.689362,45.235245,0
                -121.697517,45.230492,0
                -121.6978,45.23032,0
                -121.699333,45.22934,0
                -121.699559,45.229094,0
                -121.700172,45.228305,0
                -121.722503,45.193462,0
                -121.731581,45.177948,0
                -121.732042,45.143405,0
                -121.731705,45.143228,0
              </coordinates>
            </LinearRing>
          </outerBoundaryIs>
        </Polygon>
      </Placemark>
      <Placemark id="mthood.43">
        <name>Area43: 357 obs</name>
        <description>20 Holodiscus discolor
13 Mahonia aquifolium
10 Adelinia grandis
10 Quercus garryana
8 Achillea millefolium
8 Calypso bulbosa
8 Centaurea cyanus
7 Erythronium grandiflorum
7 Lonicera ciliosa
6 Hypericum perforatum

Cluster 2 standouts:
2.32 Calypso bulbosa
2.15 Corallorhiza maculata
2.05 Cornus nuttallii
1.84 Moehringia macrophylla
1.83 Lonicera ciliosa</description>
        <Style>
          <LineStyle>
            <width>2</width>
          </LineStyle>
          <PolyStyle>
            <color>ff628dfc</color>
          </PolyStyle>
        </Style>
        <ExtendedData>
          <SchemaData schemaUrl="#mthood.schema">
            <SimpleData name="grid_id">43</SimpleData>
            <SimpleData name="n_obs">357</SimpleData>
            <SimpleData name="cluster">2</SimpleData>
            <SimpleData name="cluster_ordered">5</SimpleData>
            <SimpleData name="top_species">20 Holodiscus discolor
13 Mahonia aquifolium
10 Adelinia grandis
10 Quercus garryana
8 Achillea millefolium
8 Calypso bulbosa
8 Centaurea cyanus
7 Erythronium grandiflorum
7 Lonicera ciliosa
6 Hypericum perforatum</SimpleData>
            <SimpleData name="standouts">2.32 Calypso bulbosa
2.15 Corallorhiza maculata
2.05 Cornus nuttallii
1.84 Moehringia macrophylla
1.83 Lonicera ciliosa</SimpleData>
            <SimpleData name="OGR_STYLE">PEN(fc:#FF666666,w:2px);BRUSH(fc:#FC8D62FF)</SimpleData>
          </SchemaData>
        </ExtendedData>
        <Polygon>
          <outerBoundaryIs>
            <LinearRing>
              <coordinates>
                -121.5998147,45.5280652,0
                -121.5810673,45.5124793,0
                -121.555101,45.501257,0
                -121.524017,45.50033,0
                -121.51628,45.513858,0
                -121.5112,45.527626,0
                -121.505089,45.553467,0
                -121.518417,45.604358,0
                -121.548981,45.654816,0
                -121.590305,45.6720489,0
                -121.5994,45.674362,0
                -121.6017881,45.6768376,0
                -121.603921,45.677727,0
                -121.6135812,45.6633138,0
                -121.633215,45.6046555,0
                -121.633217,45.604251,0
                -121.632766,45.602156,0
                -121.629136,45.589214,0
                -121.614873,45.545607,0
                -121.5998147,45.5280652,0
              </coordinates>
            </LinearRing>
          </outerBoundaryIs>
        </Polygon>
      </Placemark>
      <Placemark id="mthood.44">
        <name>Area44: 325 obs</name>
        <description>27 Calyptridium umbellatum
26 Eriogonum umbellatum
25 Calochortus subalpinus
25 Koenigia davisiae
25 Pinus albicaulis
24 Phlox diffusa
20 Tsuga mertensiana
19 Anaphalis margaritacea
18 Luetkea pectinata
17 Callospermophilus lateralis

Cluster 5 standouts:
2.39 Calochortus subalpinus
2.33 Tsuga mertensiana
2.32 Sorbus sitchensis
2.22 Valeriana sitchensis
1.97 Lomatium martindalei</description>
        <Style>
          <LineStyle>
            <width>2</width>
          </LineStyle>
          <PolyStyle>
            <color>ff54d8a6</color>
          </PolyStyle>
        </Style>
        <ExtendedData>
          <SchemaData schemaUrl="#mthood.schema">
            <SimpleData name="grid_id">44</SimpleData>
            <SimpleData name="n_obs">325</SimpleData>
            <SimpleData name="cluster">5</SimpleData>
            <SimpleData name="cluster_ordered">1</SimpleData>
            <SimpleData name="top_species">27 Calyptridium umbellatum
26 Eriogonum umbellatum
25 Calochortus subalpinus
25 Koenigia davisiae
25 Pinus albicaulis
24 Phlox diffusa
20 Tsuga mertensiana
19 Anaphalis margaritacea
18 Luetkea pectinata
17 Callospermophilus lateralis</SimpleData>
            <SimpleData name="standouts">2.39 Calochortus subalpinus
2.33 Tsuga mertensiana
2.32 Sorbus sitchensis
2.22 Valeriana sitchensis
1.97 Lomatium martindalei</SimpleData>
            <SimpleData name="OGR_STYLE">PEN(fc:#FF666666,w:2px);BRUSH(fc:#A6D854FF)</SimpleData>
          </SchemaData>
        </ExtendedData>
        <Polygon>
          <outerBoundaryIs>
            <LinearRing>
              <coordinates>
                -121.708235,45.331068,0
                -121.708229,45.331154,0
                -121.708488,45.334408,0
                -121.7091523,45.3343627,0
                -121.7116279,45.3315789,0
                -121.711632,45.331188,0
                -121.711006,45.331128,0
                -121.709769,45.331014,0
                -121.709237,45.33097,0
                -121.708836,45.330962,0
                -121.708235,45.331068,0
              </coordinates>
            </LinearRing>
          </outerBoundaryIs>
        </Polygon>
      </Placemark>
      <Placemark id="mthood.45">
        <name>Area45: 303 obs</name>
        <description>37 Crocidium multicaule
19 Lithophragma parviflorum
16 Delphinium nuttallianum
16 Valeriana congesta
13 Toxicodendron diversilobum
12 Olsynium douglasii
11 Camassia quamash
11 Eriogonum compositum
9 Fritillaria pudica
9 Polypodium glycyrrhiza

Cluster 4 standouts:
2.19 Valeriana congesta
2.14 Lomatium klickitatense
2.02 Lithophragma glabrum
1.97 Crocidium multicaule
1.86 Olsynium douglasii</description>
        <Style>
          <LineStyle>
            <width>2</width>
          </LineStyle>
          <PolyStyle>
            <color>ffc38ae7</color>
          </PolyStyle>
        </Style>
        <ExtendedData>
          <SchemaData schemaUrl="#mthood.schema">
            <SimpleData name="grid_id">45</SimpleData>
            <SimpleData name="n_obs">303</SimpleData>
            <SimpleData name="cluster">4</SimpleData>
            <SimpleData name="cluster_ordered">8</SimpleData>
            <SimpleData name="top_species">37 Crocidium multicaule
19 Lithophragma parviflorum
16 Delphinium nuttallianum
16 Valeriana congesta
13 Toxicodendron diversilobum
12 Olsynium douglasii
11 Camassia quamash
11 Eriogonum compositum
9 Fritillaria pudica
9 Polypodium glycyrrhiza</SimpleData>
            <SimpleData name="standouts">2.19 Valeriana congesta
2.14 Lomatium klickitatense
2.02 Lithophragma glabrum
1.97 Crocidium multicaule
1.86 Olsynium douglasii</SimpleData>
            <SimpleData name="OGR_STYLE">PEN(fc:#FF666666,w:2px);BRUSH(fc:#E78AC3FF)</SimpleData>
          </SchemaData>
        </ExtendedData>
        <Polygon>
          <outerBoundaryIs>
            <LinearRing>
              <coordinates>
                -121.3621998,45.7139594,0
                -121.362755,45.713917,0
                -121.362914,45.713871,0
                -121.3629072,45.7138279,0
                -121.3611101,45.7116639,0
                -121.361106,45.711661,0
                -121.360549,45.711656,0
                -121.360386,45.711715,0
                -121.360213,45.711783,0
                -121.360108,45.71185,0
                -121.3602343,45.7122193,0
                -121.360269,45.712301,0
                -121.360275,45.712319,0
                -121.3603186,45.7124658,0
                -121.360769,45.713783,0
                -121.360867,45.71394,0
                -121.36109,45.714044,0
                -121.3614914,45.7140134,0
                -121.361838,45.713958,0
                -121.3621998,45.7139594,0
              </coordinates>
            </LinearRing>
          </outerBoundaryIs>
        </Polygon>
      </Placemark>
      <Placemark id="mthood.46">
        <name>Area46: 366 obs</name>
        <description>21 Lomatium columbianum
19 Marah oregana
16 Eschscholzia californica
16 Triteleia grandiflora
15 Eriogonum compositum
14 Trifolium macrocephalum
13 Centaurea cyanus
12 Pinus ponderosa
10 Lomatium nudicaule
10 Lomatium triternatum

Cluster 6 standouts:
2.06 Lomatium nudicaule
2.00 Castilleja hispida
1.93 Erythronium grandiflorum
1.93 Lomatium triternatum
1.81 Hydrophyllum capitatum</description>
        <Style>
          <LineStyle>
            <width>2</width>
          </LineStyle>
          <PolyStyle>
            <color>ff2fd9ff</color>
          </PolyStyle>
        </Style>
        <ExtendedData>
          <SchemaData schemaUrl="#mthood.schema">
            <SimpleData name="grid_id">46</SimpleData>
            <SimpleData name="n_obs">366</SimpleData>
            <SimpleData name="cluster">6</SimpleData>
            <SimpleData name="cluster_ordered">7</SimpleData>
            <SimpleData name="top_species">21 Lomatium columbianum
19 Marah oregana
16 Eschscholzia californica
16 Triteleia grandiflora
15 Eriogonum compositum
14 Trifolium macrocephalum
13 Centaurea cyanus
12 Pinus ponderosa
10 Lomatium nudicaule
10 Lomatium triternatum</SimpleData>
            <SimpleData name="standouts">2.06 Lomatium nudicaule
2.00 Castilleja hispida
1.93 Erythronium grandiflorum
1.93 Lomatium triternatum
1.81 Hydrophyllum capitatum</SimpleData>
            <SimpleData name="OGR_STYLE">PEN(fc:#FF666666,w:2px);BRUSH(fc:#FFD92FFF)</SimpleData>
          </SchemaData>
        </ExtendedData>
        <Polygon>
          <outerBoundaryIs>
            <LinearRing>
              <coordinates>
                -121.338393,45.638527,0
                -121.338426,45.638586,0
                -121.373489,45.690697,0
                -121.3757,45.693011,0
                -121.37972,45.6918,0
                -121.384378,45.688495,0
                -121.385597,45.687508,0
                -121.386068,45.687113,0
                -121.387147,45.685974,0
                -121.390123,45.682669,0
                -121.390214,45.682547,0
                -121.391503,45.680687,0
                -121.403763,45.621208,0
                -121.355258,45.626203,0
                -121.338478,45.638364,0
                -121.338375,45.638441,0
                -121.338393,45.638527,0
              </coordinates>
            </LinearRing>
          </outerBoundaryIs>
        </Polygon>
      </Placemark>
      <Placemark id="mthood.47">
        <name>Area47: 356 obs</name>
        <description>18 Xerophyllum tenax
12 Lilium washingtonianum
12 Trillium ovatum
11 Cornus unalaschkensis
11 Rhododendron macrophyllum
10 Aquilegia formosa
10 Calochortus subalpinus
9 Chimaphila umbellata
8 Castilleja miniata
8 Clintonia uniflora

Cluster 1 standouts:
2.42 Rhododendron macrophyllum
2.37 Cornus unalaschkensis
2.11 Oplopanax horridus
1.91 Lysichiton americanus
1.84 Tsuga heterophylla</description>
        <Style>
          <LineStyle>
            <width>2</width>
          </LineStyle>
          <PolyStyle>
            <color>ffa5c266</color>
          </PolyStyle>
        </Style>
        <ExtendedData>
          <SchemaData schemaUrl="#mthood.schema">
            <SimpleData name="grid_id">47</SimpleData>
            <SimpleData name="n_obs">356</SimpleData>
            <SimpleData name="cluster">1</SimpleData>
            <SimpleData name="cluster_ordered">2</SimpleData>
            <SimpleData name="top_species">18 Xerophyllum tenax
12 Lilium washingtonianum
12 Trillium ovatum
11 Cornus unalaschkensis
11 Rhododendron macrophyllum
10 Aquilegia formosa
10 Calochortus subalpinus
9 Chimaphila umbellata
8 Castilleja miniata
8 Clintonia uniflora</SimpleData>
            <SimpleData name="standouts">2.42 Rhododendron macrophyllum
2.37 Cornus unalaschkensis
2.11 Oplopanax horridus
1.91 Lysichiton americanus
1.84 Tsuga heterophylla</SimpleData>
            <SimpleData name="OGR_STYLE">PEN(fc:#FF666666,w:2px);BRUSH(fc:#66C2A5FF)</SimpleData>
          </SchemaData>
        </ExtendedData>
        <Polygon>
          <outerBoundaryIs>
            <LinearRing>
              <coordinates>
                -121.9505923,44.5019618,0
                -121.972811,44.575086,0
                -121.979392,44.583394,0
                -122.027612,44.618904,0
                -122.030817,44.619829,0
                -122.071128,44.625972,0
                -122.072075,44.625856,0
                -122.11233,44.619848,0
                -122.132605,44.587067,0
                -122.12796,44.569431,0
                -122.080129,44.502181,0
                -122.0795899,44.501579,0
                -121.9505923,44.5019618,0
              </coordinates>
            </LinearRing>
          </outerBoundaryIs>
        </Polygon>
      </Placemark>
      <Placemark id="mthood.48">
        <name>Area48: 350 obs</name>
        <description>26 Lathyrus latifolius
17 Marah oregana
10 Adiantum aleuticum
10 Holodiscus discolor
9 Rubus parviflorus
8 Acer macrophyllum
8 Claytonia sibirica
8 Dicentra formosa
8 Hydrophyllum tenuipes
8 Thamnophis ordinoides

Cluster 3 standouts:
2.10 Digitalis purpurea
1.98 Prunella vulgaris
1.96 Corydalis scouleri
1.88 Gaultheria shallon
1.83 Vaccinium parvifolium</description>
        <Style>
          <LineStyle>
            <width>2</width>
          </LineStyle>
          <PolyStyle>
            <color>ffcba08d</color>
          </PolyStyle>
        </Style>
        <ExtendedData>
          <SchemaData schemaUrl="#mthood.schema">
            <SimpleData name="grid_id">48</SimpleData>
            <SimpleData name="n_obs">350</SimpleData>
            <SimpleData name="cluster">3</SimpleData>
            <SimpleData name="cluster_ordered">4</SimpleData>
            <SimpleData name="top_species">26 Lathyrus latifolius
17 Marah oregana
10 Adiantum aleuticum
10 Holodiscus discolor
9 Rubus parviflorus
8 Acer macrophyllum
8 Claytonia sibirica
8 Dicentra formosa
8 Hydrophyllum tenuipes
8 Thamnophis ordinoides</SimpleData>
            <SimpleData name="standouts">2.10 Digitalis purpurea
1.98 Prunella vulgaris
1.96 Corydalis scouleri
1.88 Gaultheria shallon
1.83 Vaccinium parvifolium</SimpleData>
            <SimpleData name="OGR_STYLE">PEN(fc:#FF666666,w:2px);BRUSH(fc:#8DA0CBFF)</SimpleData>
          </SchemaData>
        </ExtendedData>
        <Polygon>
          <outerBoundaryIs>
            <LinearRing>
              <coordinates>
                -122.297433,45.559539,0
                -122.299229,45.559613,0
                -122.301053,45.559804,0
                -122.303917,45.559283,0
                -122.3016561,45.5308657,0
                -122.297339,45.526438,0
                -122.297212,45.526294,0
                -122.296837,45.518856,0
                -122.298692,45.501342,0
                -122.2992113,45.5001387,0
                -122.298966,45.497055,0
                -122.2965,45.497038,0
                -122.2928063,45.4972363,0
                -122.2568219,45.5233075,0
                -122.249412,45.531596,0
                -122.244285,45.538744,0
                -122.243611,45.540787,0
                -122.243503,45.545595,0
                -122.245566,45.563353,0
                -122.245665,45.563426,0
                -122.26654,45.566083,0
                -122.2903852,45.5617448,0
                -122.292838,45.559833,0
                -122.297433,45.559539,0
              </coordinates>
            </LinearRing>
          </outerBoundaryIs>
        </Polygon>
      </Placemark>
      <Placemark id="mthood.49">
        <name>Area49: 47 obs</name>
        <description>8 Pseudotsuga menziesii
4 Apis mellifera
4 Mahonia aquifolium
3 Araneus diadematus
3 Pinus ponderosa
2 Amanita muscaria
2 Coccinella septempunctata
2 Erodium cicutarium
2 Fraxinus latifolia
2 Mantis religiosa

Cluster 7 standouts:
2.20 Haliaeetus leucocephalus
2.20 Pandion haliaetus
1.92 Turdus migratorius
1.88 Pseudacris regilla
1.82 Cathartes aura</description>
        <Style>
          <LineStyle>
            <width>2</width>
          </LineStyle>
          <PolyStyle>
            <color>ff94c4e5</color>
          </PolyStyle>
        </Style>
        <ExtendedData>
          <SchemaData schemaUrl="#mthood.schema">
            <SimpleData name="grid_id">49</SimpleData>
            <SimpleData name="n_obs">47</SimpleData>
            <SimpleData name="cluster">7</SimpleData>
            <SimpleData name="cluster_ordered">6</SimpleData>
            <SimpleData name="top_species">8 Pseudotsuga menziesii
4 Apis mellifera
4 Mahonia aquifolium
3 Araneus diadematus
3 Pinus ponderosa
2 Amanita muscaria
2 Coccinella septempunctata
2 Erodium cicutarium
2 Fraxinus latifolia
2 Mantis religiosa</SimpleData>
            <SimpleData name="standouts">2.20 Haliaeetus leucocephalus
2.20 Pandion haliaetus
1.92 Turdus migratorius
1.88 Pseudacris regilla
1.82 Cathartes aura</SimpleData>
            <SimpleData name="OGR_STYLE">PEN(fc:#FF666666,w:2px);BRUSH(fc:#E5C494FF)</SimpleData>
          </SchemaData>
        </ExtendedData>
        <Polygon>
          <outerBoundaryIs>
            <LinearRing>
              <coordinates>
                -122.3992709,45.5127613,0
                -122.38495,45.5372312,0
                -122.399825,45.530392,0
                -122.399721,45.512808,0
                -122.3992709,45.5127613,0
              </coordinates>
            </LinearRing>
          </outerBoundaryIs>
        </Polygon>
      </Placemark>
      <Placemark id="mthood.50">
        <name>Area50: 367 obs</name>
        <description>29 Fritillaria affinis
23 Adelinia grandis
18 Lomatium klickitatense
16 Lewisia rediviva
14 Triteleia grandiflora
13 Pinus ponderosa
13 Sceloporus occidentalis
12 Quercus garryana
11 Claytonia perfoliata
10 Erythranthe alsinoides

Cluster 4 standouts:
2.19 Valeriana congesta
2.14 Lomatium klickitatense
2.02 Lithophragma glabrum
1.97 Crocidium multicaule
1.86 Olsynium douglasii</description>
        <Style>
          <LineStyle>
            <width>2</width>
          </LineStyle>
          <PolyStyle>
            <color>ffc38ae7</color>
          </PolyStyle>
        </Style>
        <ExtendedData>
          <SchemaData schemaUrl="#mthood.schema">
            <SimpleData name="grid_id">50</SimpleData>
            <SimpleData name="n_obs">367</SimpleData>
            <SimpleData name="cluster">4</SimpleData>
            <SimpleData name="cluster_ordered">8</SimpleData>
            <SimpleData name="top_species">29 Fritillaria affinis
23 Adelinia grandis
18 Lomatium klickitatense
16 Lewisia rediviva
14 Triteleia grandiflora
13 Pinus ponderosa
13 Sceloporus occidentalis
12 Quercus garryana
11 Claytonia perfoliata
10 Erythranthe alsinoides</SimpleData>
            <SimpleData name="standouts">2.19 Valeriana congesta
2.14 Lomatium klickitatense
2.02 Lithophragma glabrum
1.97 Crocidium multicaule
1.86 Olsynium douglasii</SimpleData>
            <SimpleData name="OGR_STYLE">PEN(fc:#FF666666,w:2px);BRUSH(fc:#E78AC3FF)</SimpleData>
          </SchemaData>
        </ExtendedData>
        <Polygon>
          <outerBoundaryIs>
            <LinearRing>
              <coordinates>
                -121.362403,45.718421,0
                -121.362458,45.718492,0
                -121.364403,45.718953,0
                -121.364447,45.718963,0
                -121.366152,45.719331,0
                -121.366326,45.71725,0
                -121.3663185,45.7162723,0
                -121.3639756,45.714215,0
                -121.36397,45.714211,0
                -121.363934,45.714197,0
                -121.363775,45.714141,0
                -121.363128,45.713997,0
                -121.362966,45.713967,0
                -121.362909,45.713962,0
                -121.361838,45.713958,0
                -121.36145,45.71402,0
                -121.361087,45.714847,0
                -121.361652,45.716457,0
                -121.362403,45.718421,0
              </coordinates>
            </LinearRing>
          </outerBoundaryIs>
        </Polygon>
      </Placemark>
      <Placemark id="mthood.51">
        <name>Area51: 343 obs</name>
        <description>35 Aquilegia formosa
17 Chamaenerion angustifolium
17 Geranium robertianum
16 Holodiscus discolor
13 Adiantum aleuticum
13 Symphoricarpos albus
12 Toxicodendron diversilobum
11 Rubus parviflorus
10 Maianthemum racemosum
10 Nothochelone nemorosa

Cluster 8 standouts:
2.07 Tellima grandiflora
2.00 Adiantum aleuticum
1.92 Geranium robertianum
1.90 Sedum spathulifolium
1.87 Heracleum maximum</description>
        <Style>
          <LineStyle>
            <width>2</width>
          </LineStyle>
          <PolyStyle>
            <color>ffb3b3b3</color>
          </PolyStyle>
        </Style>
        <ExtendedData>
          <SchemaData schemaUrl="#mthood.schema">
            <SimpleData name="grid_id">51</SimpleData>
            <SimpleData name="n_obs">343</SimpleData>
            <SimpleData name="cluster">8</SimpleData>
            <SimpleData name="cluster_ordered">3</SimpleData>
            <SimpleData name="top_species">35 Aquilegia formosa
17 Chamaenerion angustifolium
17 Geranium robertianum
16 Holodiscus discolor
13 Adiantum aleuticum
13 Symphoricarpos albus
12 Toxicodendron diversilobum
11 Rubus parviflorus
10 Maianthemum racemosum
10 Nothochelone nemorosa</SimpleData>
            <SimpleData name="standouts">2.07 Tellima grandiflora
2.00 Adiantum aleuticum
1.92 Geranium robertianum
1.90 Sedum spathulifolium
1.87 Heracleum maximum</SimpleData>
            <SimpleData name="OGR_STYLE">PEN(fc:#FF666666,w:2px);BRUSH(fc:#B3B3B3FF)</SimpleData>
          </SchemaData>
        </ExtendedData>
        <Polygon>
          <outerBoundaryIs>
            <LinearRing>
              <coordinates>
                -122.115464,45.577308,0
                -122.115514,45.576909,0
                -122.115579,45.576578,0
                -122.115776,45.57616,0
                -122.115111,45.575889,0
                -122.11496,45.575874,0
                -122.114635,45.576029,0
                -122.114455,45.57612,0
                -122.113766,45.576805,0
                -122.113511,45.577418,0
                -122.113464,45.577977,0
                -122.113994,45.57858,0
                -122.114364,45.57899,0
                -122.114983,45.57933,0
                -122.115618,45.577937,0
                -122.115645,45.577859,0
                -122.1156518,45.5777713,0
                -122.115494,45.577463,0
                -122.115464,45.577362,0
                -122.115464,45.577308,0
              </coordinates>
            </LinearRing>
          </outerBoundaryIs>
        </Polygon>
      </Placemark>
      <Placemark id="mthood.52">
        <name>Area52: 288 obs</name>
        <description>12 Pseudotsuga menziesii
12 Sedum spathulifolium
11 Adelinia grandis
10 Tellima grandiflora
9 Lomatium papilioniferum
9 Marah oregana
8 Eriogonum compositum
8 Fritillaria affinis
6 Calypso bulbosa
6 Dicentra cucullaria

Cluster 2 standouts:
2.32 Calypso bulbosa
2.15 Corallorhiza maculata
2.05 Cornus nuttallii
1.84 Moehringia macrophylla
1.83 Lonicera ciliosa</description>
        <Style>
          <LineStyle>
            <width>2</width>
          </LineStyle>
          <PolyStyle>
            <color>ff628dfc</color>
          </PolyStyle>
        </Style>
        <ExtendedData>
          <SchemaData schemaUrl="#mthood.schema">
            <SimpleData name="grid_id">52</SimpleData>
            <SimpleData name="n_obs">288</SimpleData>
            <SimpleData name="cluster">2</SimpleData>
            <SimpleData name="cluster_ordered">5</SimpleData>
            <SimpleData name="top_species">12 Pseudotsuga menziesii
12 Sedum spathulifolium
11 Adelinia grandis
10 Tellima grandiflora
9 Lomatium papilioniferum
9 Marah oregana
8 Eriogonum compositum
8 Fritillaria affinis
6 Calypso bulbosa
6 Dicentra cucullaria</SimpleData>
            <SimpleData name="standouts">2.32 Calypso bulbosa
2.15 Corallorhiza maculata
2.05 Cornus nuttallii
1.84 Moehringia macrophylla
1.83 Lonicera ciliosa</SimpleData>
            <SimpleData name="OGR_STYLE">PEN(fc:#FF666666,w:2px);BRUSH(fc:#FC8D62FF)</SimpleData>
          </SchemaData>
        </ExtendedData>
        <Polygon>
          <outerBoundaryIs>
            <LinearRing>
              <coordinates>
                -121.618959,45.702775,0
                -121.633247,45.726505,0
                -121.638616,45.73406,0
                -121.647353,45.737635,0
                -121.67427,45.722962,0
                -121.675516,45.710266,0
                -121.674994,45.708005,0
                -121.6391575,45.6955204,0
                -121.620003,45.700001,0
                -121.618831,45.701959,0
                -121.618959,45.702775,0
              </coordinates>
            </LinearRing>
          </outerBoundaryIs>
        </Polygon>
      </Placemark>
      <Placemark id="mthood.53">
        <name>Area53: 371 obs</name>
        <description>29 Calypso bulbosa
18 Goodyera oblongifolia
17 Paranemone deltoidea
16 Corallorhiza maculata
15 Fritillaria affinis
13 Mahonia nervosa
12 Trillium ovatum
11 Dichelostemma congestum
11 Senecio integerrimus
9 Lysimachia latifolia

Cluster 2 standouts:
2.32 Calypso bulbosa
2.15 Corallorhiza maculata
2.05 Cornus nuttallii
1.84 Moehringia macrophylla
1.83 Lonicera ciliosa</description>
        <Style>
          <LineStyle>
            <width>2</width>
          </LineStyle>
          <PolyStyle>
            <color>ff628dfc</color>
          </PolyStyle>
        </Style>
        <ExtendedData>
          <SchemaData schemaUrl="#mthood.schema">
            <SimpleData name="grid_id">53</SimpleData>
            <SimpleData name="n_obs">371</SimpleData>
            <SimpleData name="cluster">2</SimpleData>
            <SimpleData name="cluster_ordered">5</SimpleData>
            <SimpleData name="top_species">29 Calypso bulbosa
18 Goodyera oblongifolia
17 Paranemone deltoidea
16 Corallorhiza maculata
15 Fritillaria affinis
13 Mahonia nervosa
12 Trillium ovatum
11 Dichelostemma congestum
11 Senecio integerrimus
9 Lysimachia latifolia</SimpleData>
            <SimpleData name="standouts">2.32 Calypso bulbosa
2.15 Corallorhiza maculata
2.05 Cornus nuttallii
1.84 Moehringia macrophylla
1.83 Lonicera ciliosa</SimpleData>
            <SimpleData name="OGR_STYLE">PEN(fc:#FF666666,w:2px);BRUSH(fc:#FC8D62FF)</SimpleData>
          </SchemaData>
        </ExtendedData>
        <Polygon>
          <outerBoundaryIs>
            <LinearRing>
              <coordinates>
                -121.701203,45.70715,0
                -121.701247,45.7075,0
                -121.7025686,45.7096212,0
                -121.703728,45.71135,0
                -121.704392,45.712537,0
                -121.7043971,45.7125562,0
                -121.704435,45.712617,0
                -121.705978,45.713678,0
                -121.712692,45.717878,0
                -121.724956,45.714423,0
                -121.727088,45.711922,0
                -121.727204,45.710307,0
                -121.72494,45.707871,0
                -121.717658,45.701808,0
                -121.717592,45.701783,0
                -121.708646,45.701455,0
                -121.7081,45.701589,0
                -121.707947,45.701637,0
                -121.704075,45.704545,0
                -121.701203,45.70715,0
              </coordinates>
            </LinearRing>
          </outerBoundaryIs>
        </Polygon>
      </Placemark>
      <Placemark id="mthood.54">
        <name>Area54: 364 obs</name>
        <description>20 Quercus garryana
13 Fritillaria affinis
13 Pseudotsuga menziesii
10 Anemone oregana
10 Calypso bulbosa
9 Goodyera oblongifolia
8 Sedum spathulifolium
8 Tanacetum vulgare
7 Erythranthe alsinoides
7 Ribes sanguineum

Cluster 8 standouts:
2.07 Tellima grandiflora
2.00 Adiantum aleuticum
1.92 Geranium robertianum
1.90 Sedum spathulifolium
1.87 Heracleum maximum</description>
        <Style>
          <LineStyle>
            <width>2</width>
          </LineStyle>
          <PolyStyle>
            <color>ffb3b3b3</color>
          </PolyStyle>
        </Style>
        <ExtendedData>
          <SchemaData schemaUrl="#mthood.schema">
            <SimpleData name="grid_id">54</SimpleData>
            <SimpleData name="n_obs">364</SimpleData>
            <SimpleData name="cluster">8</SimpleData>
            <SimpleData name="cluster_ordered">3</SimpleData>
            <SimpleData name="top_species">20 Quercus garryana
13 Fritillaria affinis
13 Pseudotsuga menziesii
10 Anemone oregana
10 Calypso bulbosa
9 Goodyera oblongifolia
8 Sedum spathulifolium
8 Tanacetum vulgare
7 Erythranthe alsinoides
7 Ribes sanguineum</SimpleData>
            <SimpleData name="standouts">2.07 Tellima grandiflora
2.00 Adiantum aleuticum
1.92 Geranium robertianum
1.90 Sedum spathulifolium
1.87 Heracleum maximum</SimpleData>
            <SimpleData name="OGR_STYLE">PEN(fc:#FF666666,w:2px);BRUSH(fc:#B3B3B3FF)</SimpleData>
          </SchemaData>
        </ExtendedData>
        <Polygon>
          <outerBoundaryIs>
            <LinearRing>
              <coordinates>
                -121.819527,45.668523,0
                -121.819334,45.671027,0
                -121.824762,45.68172,0
                -121.824828,45.681838,0
                -121.833328,45.689682,0
                -121.839944,45.690701,0
                -121.845658,45.689903,0
                -121.855462,45.687062,0
                -121.85787,45.686359,0
                -121.861225,45.685208,0
                -121.868498,45.680988,0
                -121.868029,45.6793271,0
                -121.8680181,45.6793078,0
                -121.867187,45.678169,0
                -121.860375,45.668878,0
                -121.839181,45.6608936,0
                -121.8278215,45.6651527,0
                -121.820215,45.668196,0
                -121.819527,45.668523,0
              </coordinates>
            </LinearRing>
          </outerBoundaryIs>
        </Polygon>
      </Placemark>
      <Placemark id="mthood.55">
        <name>Area55: 449 obs</name>
        <description>17 Pinus contorta
15 Acer circinatum
15 Chrysolepis chrysophylla
13 Chamaenerion angustifolium
12 Pseudotsuga menziesii
9 Holodiscus discolor
9 Nothochelone nemorosa
8 Lilium washingtonianum
8 Maianthemum racemosum
7 Acer glabrum

Cluster 2 standouts:
2.32 Calypso bulbosa
2.15 Corallorhiza maculata
2.05 Cornus nuttallii
1.84 Moehringia macrophylla
1.83 Lonicera ciliosa</description>
        <Style>
          <LineStyle>
            <width>2</width>
          </LineStyle>
          <PolyStyle>
            <color>ff628dfc</color>
          </PolyStyle>
        </Style>
        <ExtendedData>
          <SchemaData schemaUrl="#mthood.schema">
            <SimpleData name="grid_id">55</SimpleData>
            <SimpleData name="n_obs">449</SimpleData>
            <SimpleData name="cluster">2</SimpleData>
            <SimpleData name="cluster_ordered">5</SimpleData>
            <SimpleData name="top_species">17 Pinus contorta
15 Acer circinatum
15 Chrysolepis chrysophylla
13 Chamaenerion angustifolium
12 Pseudotsuga menziesii
9 Holodiscus discolor
9 Nothochelone nemorosa
8 Lilium washingtonianum
8 Maianthemum racemosum
7 Acer glabrum</SimpleData>
            <SimpleData name="standouts">2.32 Calypso bulbosa
2.15 Corallorhiza maculata
2.05 Cornus nuttallii
1.84 Moehringia macrophylla
1.83 Lonicera ciliosa</SimpleData>
            <SimpleData name="OGR_STYLE">PEN(fc:#FF666666,w:2px);BRUSH(fc:#FC8D62FF)</SimpleData>
          </SchemaData>
        </ExtendedData>
        <Polygon>
          <outerBoundaryIs>
            <LinearRing>
              <coordinates>
                -121.604579,45.399259,0
                -121.593246,45.398177,0
                -121.578097,45.397185,0
                -121.577772,45.398049,0
                -121.560773,45.481386,0
                -121.563449,45.497832,0
                -121.617412,45.542695,0
                -121.625579,45.549347,0
                -121.629085,45.549302,0
                -121.659508,45.466055,0
                -121.65716,45.457958,0
                -121.641555,45.426317,0
                -121.641487,45.426238,0
                -121.622042,45.41004,0
                -121.621758,45.40985,0
                -121.604579,45.399259,0
              </coordinates>
            </LinearRing>
          </outerBoundaryIs>
        </Polygon>
      </Placemark>
      <Placemark id="mthood.56">
        <name>Area56: 265 obs</name>
        <description>21 Cornus unalaschkensis
18 Anas platyrhynchos
17 Rhododendron macrophyllum
15 Taricha granulosa
14 Trillium ovatum
13 Perisoreus canadensis
12 Rhododendron menziesii
9 Lysichiton americanus
9 Trautvetteria carolinensis
8 Thuja plicata

Cluster 1 standouts:
2.42 Rhododendron macrophyllum
2.37 Cornus unalaschkensis
2.11 Oplopanax horridus
1.91 Lysichiton americanus
1.84 Tsuga heterophylla</description>
        <Style>
          <LineStyle>
            <width>2</width>
          </LineStyle>
          <PolyStyle>
            <color>ffa5c266</color>
          </PolyStyle>
        </Style>
        <ExtendedData>
          <SchemaData schemaUrl="#mthood.schema">
            <SimpleData name="grid_id">56</SimpleData>
            <SimpleData name="n_obs">265</SimpleData>
            <SimpleData name="cluster">1</SimpleData>
            <SimpleData name="cluster_ordered">2</SimpleData>
            <SimpleData name="top_species">21 Cornus unalaschkensis
18 Anas platyrhynchos
17 Rhododendron macrophyllum
15 Taricha granulosa
14 Trillium ovatum
13 Perisoreus canadensis
12 Rhododendron menziesii
9 Lysichiton americanus
9 Trautvetteria carolinensis
8 Thuja plicata</SimpleData>
            <SimpleData name="standouts">2.42 Rhododendron macrophyllum
2.37 Cornus unalaschkensis
2.11 Oplopanax horridus
1.91 Lysichiton americanus
1.84 Tsuga heterophylla</SimpleData>
            <SimpleData name="OGR_STYLE">PEN(fc:#FF666666,w:2px);BRUSH(fc:#66C2A5FF)</SimpleData>
          </SchemaData>
        </ExtendedData>
        <Polygon>
          <outerBoundaryIs>
            <LinearRing>
              <coordinates>
                -121.739655,45.265787,0
                -121.73769,45.265811,0
                -121.736038,45.266497,0
                -121.735288,45.26707,0
                -121.735105,45.270805,0
                -121.73523,45.271447,0
                -121.735313,45.2714499,0
                -121.7387266,45.2707504,0
                -121.7409954,45.266933,0
                -121.740975,45.266308,0
                -121.740913,45.266174,0
                -121.739655,45.265787,0
              </coordinates>
            </LinearRing>
          </outerBoundaryIs>
        </Polygon>
      </Placemark>
      <Placemark id="mthood.57">
        <name>Area57: 371 obs</name>
        <description>35 Marah oregana
26 Olsynium douglasii
23 Triteleia grandiflora
21 Lomatium klickitatense
17 Centaurea cyanus
15 Lomatium columbianum
14 Acer macrophyllum
14 Lithophragma glabrum
13 Crocidium multicaule
11 Aphyllon uniflorum

Cluster 6 standouts:
2.06 Lomatium nudicaule
2.00 Castilleja hispida
1.93 Erythronium grandiflorum
1.93 Lomatium triternatum
1.81 Hydrophyllum capitatum</description>
        <Style>
          <LineStyle>
            <width>2</width>
          </LineStyle>
          <PolyStyle>
            <color>ff2fd9ff</color>
          </PolyStyle>
        </Style>
        <ExtendedData>
          <SchemaData schemaUrl="#mthood.schema">
            <SimpleData name="grid_id">57</SimpleData>
            <SimpleData name="n_obs">371</SimpleData>
            <SimpleData name="cluster">6</SimpleData>
            <SimpleData name="cluster_ordered">7</SimpleData>
            <SimpleData name="top_species">35 Marah oregana
26 Olsynium douglasii
23 Triteleia grandiflora
21 Lomatium klickitatense
17 Centaurea cyanus
15 Lomatium columbianum
14 Acer macrophyllum
14 Lithophragma glabrum
13 Crocidium multicaule
11 Aphyllon uniflorum</SimpleData>
            <SimpleData name="standouts">2.06 Lomatium nudicaule
2.00 Castilleja hispida
1.93 Erythronium grandiflorum
1.93 Lomatium triternatum
1.81 Hydrophyllum capitatum</SimpleData>
            <SimpleData name="OGR_STYLE">PEN(fc:#FF666666,w:2px);BRUSH(fc:#FFD92FFF)</SimpleData>
          </SchemaData>
        </ExtendedData>
        <Polygon>
          <outerBoundaryIs>
            <LinearRing>
              <coordinates>
                -121.387932,45.702278,0
                -121.390097,45.704358,0
                -121.3905417,45.7049409,0
                -121.3908,45.70515,0
                -121.391079,45.705201,0
                -121.394172,45.704697,0
                -121.394683,45.703472,0
                -121.395479,45.699928,0
                -121.395603,45.699292,0
                -121.395551,45.698277,0
                -121.39537,45.697826,0
                -121.388078,45.687853,0
                -121.38668,45.687008,0
                -121.386491,45.686981,0
                -121.38613,45.687108,0
                -121.385558,45.687653,0
                -121.38467,45.688589,0
                -121.38285,45.692008,0
                -121.383116,45.698929,0
                -121.3872858,45.7023049,0
                -121.387932,45.702278,0
              </coordinates>
            </LinearRing>
          </outerBoundaryIs>
        </Polygon>
      </Placemark>
      <Placemark id="mthood.58">
        <name>Area58: 389 obs</name>
        <description>14 Tsuga mertensiana
13 Cornus unalaschkensis
12 Perisoreus canadensis
12 Trillium ovatum
10 Tsuga heterophylla
9 Castilleja miniata
8 Abies amabilis
8 Anemone oregana
8 Pinus contorta
8 Xerophyllum tenax

Cluster 1 standouts:
2.42 Rhododendron macrophyllum
2.37 Cornus unalaschkensis
2.11 Oplopanax horridus
1.91 Lysichiton americanus
1.84 Tsuga heterophylla</description>
        <Style>
          <LineStyle>
            <width>2</width>
          </LineStyle>
          <PolyStyle>
            <color>ffa5c266</color>
          </PolyStyle>
        </Style>
        <ExtendedData>
          <SchemaData schemaUrl="#mthood.schema">
            <SimpleData name="grid_id">58</SimpleData>
            <SimpleData name="n_obs">389</SimpleData>
            <SimpleData name="cluster">1</SimpleData>
            <SimpleData name="cluster_ordered">2</SimpleData>
            <SimpleData name="top_species">14 Tsuga mertensiana
13 Cornus unalaschkensis
12 Perisoreus canadensis
12 Trillium ovatum
10 Tsuga heterophylla
9 Castilleja miniata
8 Abies amabilis
8 Anemone oregana
8 Pinus contorta
8 Xerophyllum tenax</SimpleData>
            <SimpleData name="standouts">2.42 Rhododendron macrophyllum
2.37 Cornus unalaschkensis
2.11 Oplopanax horridus
1.91 Lysichiton americanus
1.84 Tsuga heterophylla</SimpleData>
            <SimpleData name="OGR_STYLE">PEN(fc:#FF666666,w:2px);BRUSH(fc:#66C2A5FF)</SimpleData>
          </SchemaData>
        </ExtendedData>
        <Polygon>
          <outerBoundaryIs>
            <LinearRing>
              <coordinates>
                -121.674528,45.30372,0
                -121.682285,45.30077,0
                -121.714389,45.286899,0
                -121.729534,45.27601,0
                -121.729709,45.275865,0
                -121.7305,45.274697,0
                -121.73307,45.270217,0
                -121.733112,45.270118,0
                -121.716828,45.257187,0
                -121.683228,45.238297,0
                -121.680865,45.239011,0
                -121.677553,45.240256,0
                -121.637147,45.286072,0
                -121.666743,45.301572,0
                -121.673088,45.303453,0
                -121.673333,45.303513,0
                -121.674519,45.30372,0
                -121.674528,45.30372,0
              </coordinates>
            </LinearRing>
          </outerBoundaryIs>
        </Polygon>
      </Placemark>
      <Placemark id="mthood.59">
        <name>Area59: 382 obs</name>
        <description>28 Lysichiton americanus
22 Rhododendron macrophyllum
21 Cornus unalaschkensis
20 Xerophyllum tenax
19 Thuja plicata
12 Taricha granulosa
12 Trillium ovatum
11 Abies amabilis
8 Linnaea borealis
8 Lonicera involucrata

Cluster 1 standouts:
2.42 Rhododendron macrophyllum
2.37 Cornus unalaschkensis
2.11 Oplopanax horridus
1.91 Lysichiton americanus
1.84 Tsuga heterophylla</description>
        <Style>
          <LineStyle>
            <width>2</width>
          </LineStyle>
          <PolyStyle>
            <color>ffa5c266</color>
          </PolyStyle>
        </Style>
        <ExtendedData>
          <SchemaData schemaUrl="#mthood.schema">
            <SimpleData name="grid_id">59</SimpleData>
            <SimpleData name="n_obs">382</SimpleData>
            <SimpleData name="cluster">1</SimpleData>
            <SimpleData name="cluster_ordered">2</SimpleData>
            <SimpleData name="top_species">28 Lysichiton americanus
22 Rhododendron macrophyllum
21 Cornus unalaschkensis
20 Xerophyllum tenax
19 Thuja plicata
12 Taricha granulosa
12 Trillium ovatum
11 Abies amabilis
8 Linnaea borealis
8 Lonicera involucrata</SimpleData>
            <SimpleData name="standouts">2.42 Rhododendron macrophyllum
2.37 Cornus unalaschkensis
2.11 Oplopanax horridus
1.91 Lysichiton americanus
1.84 Tsuga heterophylla</SimpleData>
            <SimpleData name="OGR_STYLE">PEN(fc:#FF666666,w:2px);BRUSH(fc:#66C2A5FF)</SimpleData>
          </SchemaData>
        </ExtendedData>
        <Polygon>
          <outerBoundaryIs>
            <LinearRing>
              <coordinates>
                -121.737182,45.299817,0
                -121.744981,45.295728,0
                -121.751505,45.268132,0
                -121.7447769,45.2695107,0
                -121.740342,45.272592,0
                -121.739886,45.272642,0
                -121.738548,45.271051,0
                -121.7387266,45.2707504,0
                -121.734322,45.271653,0
                -121.7332,45.272195,0
                -121.726385,45.282581,0
                -121.725999,45.283284,0
                -121.725519,45.290415,0
                -121.735987,45.299912,0
                -121.737182,45.299817,0
              </coordinates>
            </LinearRing>
          </outerBoundaryIs>
        </Polygon>
      </Placemark>
      <Placemark id="mthood.60">
        <name>Area60: 97 obs</name>
        <description>22 Ariolimax columbianus
6 Dicentra formosa
4 Harpaphe haydeniana
3 Claytonia sibirica
3 Corydalis scouleri
3 Heracleum maximum
3 Monadenia fidelis
3 Oplopanax horridus
3 Oxalis oregana
3 Stachys chamissonis

Cluster 8 standouts:
2.07 Tellima grandiflora
2.00 Adiantum aleuticum
1.92 Geranium robertianum
1.90 Sedum spathulifolium
1.87 Heracleum maximum</description>
        <Style>
          <LineStyle>
            <width>2</width>
          </LineStyle>
          <PolyStyle>
            <color>ffb3b3b3</color>
          </PolyStyle>
        </Style>
        <ExtendedData>
          <SchemaData schemaUrl="#mthood.schema">
            <SimpleData name="grid_id">60</SimpleData>
            <SimpleData name="n_obs">97</SimpleData>
            <SimpleData name="cluster">8</SimpleData>
            <SimpleData name="cluster_ordered">3</SimpleData>
            <SimpleData name="top_species">22 Ariolimax columbianus
6 Dicentra formosa
4 Harpaphe haydeniana
3 Claytonia sibirica
3 Corydalis scouleri
3 Heracleum maximum
3 Monadenia fidelis
3 Oplopanax horridus
3 Oxalis oregana
3 Stachys chamissonis</SimpleData>
            <SimpleData name="standouts">2.07 Tellima grandiflora
2.00 Adiantum aleuticum
1.92 Geranium robertianum
1.90 Sedum spathulifolium
1.87 Heracleum maximum</SimpleData>
            <SimpleData name="OGR_STYLE">PEN(fc:#FF666666,w:2px);BRUSH(fc:#B3B3B3FF)</SimpleData>
          </SchemaData>
        </ExtendedData>
        <Polygon>
          <outerBoundaryIs>
            <LinearRing>
              <coordinates>
                -122.220633,45.536347,0
                -122.220755,45.533887,0
                -122.220392,45.533628,0
                -122.219497,45.533778,0
                -122.2194648,45.5337856,0
                -122.2180715,45.5380694,0
                -122.218072,45.53807,0
                -122.218178,45.538022,0
                -122.21868,45.53774,0
                -122.219296,45.537373,0
                -122.220633,45.536347,0
              </coordinates>
            </LinearRing>
          </outerBoundaryIs>
        </Polygon>
      </Placemark>
      <Placemark id="mthood.61">
        <name>Area61: 372 obs</name>
        <description>13 Trillium ovatum
12 Calypso bulbosa
10 Cornus unalaschkensis
10 Fritillaria affinis
9 Chrysolepis chrysophylla
8 Eriophyllum lanatum
8 Lysichiton americanus
8 Mahonia nervosa
8 Monotropa uniflora
8 Oxalis oregana

Cluster 1 standouts:
2.42 Rhododendron macrophyllum
2.37 Cornus unalaschkensis
2.11 Oplopanax horridus
1.91 Lysichiton americanus
1.84 Tsuga heterophylla</description>
        <Style>
          <LineStyle>
            <width>2</width>
          </LineStyle>
          <PolyStyle>
            <color>ffa5c266</color>
          </PolyStyle>
        </Style>
        <ExtendedData>
          <SchemaData schemaUrl="#mthood.schema">
            <SimpleData name="grid_id">61</SimpleData>
            <SimpleData name="n_obs">372</SimpleData>
            <SimpleData name="cluster">1</SimpleData>
            <SimpleData name="cluster_ordered">2</SimpleData>
            <SimpleData name="top_species">13 Trillium ovatum
12 Calypso bulbosa
10 Cornus unalaschkensis
10 Fritillaria affinis
9 Chrysolepis chrysophylla
8 Eriophyllum lanatum
8 Lysichiton americanus
8 Mahonia nervosa
8 Monotropa uniflora
8 Oxalis oregana</SimpleData>
            <SimpleData name="standouts">2.42 Rhododendron macrophyllum
2.37 Cornus unalaschkensis
2.11 Oplopanax horridus
1.91 Lysichiton americanus
1.84 Tsuga heterophylla</SimpleData>
            <SimpleData name="OGR_STYLE">PEN(fc:#FF666666,w:2px);BRUSH(fc:#66C2A5FF)</SimpleData>
          </SchemaData>
        </ExtendedData>
        <Polygon>
          <outerBoundaryIs>
            <LinearRing>
              <coordinates>
                -121.939493,45.273705,0
                -121.938592,45.268028,0
                -121.9364432,45.2472232,0
                -121.934203,45.228692,0
                -121.93346,45.227758,0
                -121.895001,45.238999,0
                -121.892795,45.2449,0
                -121.8934221,45.2489133,0
                -121.905909,45.2612349,0
                -121.939588,45.274831,0
                -121.939781,45.274833,0
                -121.9397373,45.2744714,0
                -121.939493,45.273705,0
              </coordinates>
            </LinearRing>
          </outerBoundaryIs>
        </Polygon>
      </Placemark>
      <Placemark id="mthood.62">
        <name>Area62: 322 obs</name>
        <description>17 Cornus unalaschkensis
14 Oplopanax horridus
11 Eriogonum compositum
11 Pedicularis racemosa
10 Corallorhiza mertensiana
10 Rhododendron macrophyllum
10 Trautvetteria carolinensis
8 Eriophyllum lanatum
8 Lomatium martindalei
8 Pterospora andromedea

Cluster 1 standouts:
2.42 Rhododendron macrophyllum
2.37 Cornus unalaschkensis
2.11 Oplopanax horridus
1.91 Lysichiton americanus
1.84 Tsuga heterophylla</description>
        <Style>
          <LineStyle>
            <width>2</width>
          </LineStyle>
          <PolyStyle>
            <color>ffa5c266</color>
          </PolyStyle>
        </Style>
        <ExtendedData>
          <SchemaData schemaUrl="#mthood.schema">
            <SimpleData name="grid_id">62</SimpleData>
            <SimpleData name="n_obs">322</SimpleData>
            <SimpleData name="cluster">1</SimpleData>
            <SimpleData name="cluster_ordered">2</SimpleData>
            <SimpleData name="top_species">17 Cornus unalaschkensis
14 Oplopanax horridus
11 Eriogonum compositum
11 Pedicularis racemosa
10 Corallorhiza mertensiana
10 Rhododendron macrophyllum
10 Trautvetteria carolinensis
8 Eriophyllum lanatum
8 Lomatium martindalei
8 Pterospora andromedea</SimpleData>
            <SimpleData name="standouts">2.42 Rhododendron macrophyllum
2.37 Cornus unalaschkensis
2.11 Oplopanax horridus
1.91 Lysichiton americanus
1.84 Tsuga heterophylla</SimpleData>
            <SimpleData name="OGR_STYLE">PEN(fc:#FF666666,w:2px);BRUSH(fc:#66C2A5FF)</SimpleData>
          </SchemaData>
        </ExtendedData>
        <Polygon>
          <outerBoundaryIs>
            <LinearRing>
              <coordinates>
                -121.7823527,45.3882398,0
                -121.77762,45.401833,0
                -121.778381,45.405207,0
                -121.77919,45.407899,0
                -121.7821699,45.4092788,0
                -121.812082,45.3910179,0
                -121.812217,45.390714,0
                -121.811867,45.390562,0
                -121.785687,45.380606,0
                -121.785061,45.380461,0
                -121.7826072,45.3875089,0
                -121.782516,45.387844,0
                -121.7823527,45.3882398,0
              </coordinates>
            </LinearRing>
          </outerBoundaryIs>
        </Polygon>
      </Placemark>
      <Placemark id="mthood.63">
        <name>Area63: 329 obs</name>
        <description>24 Xerophyllum tenax
16 Tsuga mertensiana
13 Chimaphila umbellata
13 Vaccinium membranaceum
12 Nothochelone nemorosa
12 Perisoreus canadensis
11 Abies amabilis
11 Anaphalis margaritacea
9 Clintonia uniflora
9 Pinus monticola

Cluster 1 standouts:
2.42 Rhododendron macrophyllum
2.37 Cornus unalaschkensis
2.11 Oplopanax horridus
1.91 Lysichiton americanus
1.84 Tsuga heterophylla</description>
        <Style>
          <LineStyle>
            <width>2</width>
          </LineStyle>
          <PolyStyle>
            <color>ffa5c266</color>
          </PolyStyle>
        </Style>
        <ExtendedData>
          <SchemaData schemaUrl="#mthood.schema">
            <SimpleData name="grid_id">63</SimpleData>
            <SimpleData name="n_obs">329</SimpleData>
            <SimpleData name="cluster">1</SimpleData>
            <SimpleData name="cluster_ordered">2</SimpleData>
            <SimpleData name="top_species">24 Xerophyllum tenax
16 Tsuga mertensiana
13 Chimaphila umbellata
13 Vaccinium membranaceum
12 Nothochelone nemorosa
12 Perisoreus canadensis
11 Abies amabilis
11 Anaphalis margaritacea
9 Clintonia uniflora
9 Pinus monticola</SimpleData>
            <SimpleData name="standouts">2.42 Rhododendron macrophyllum
2.37 Cornus unalaschkensis
2.11 Oplopanax horridus
1.91 Lysichiton americanus
1.84 Tsuga heterophylla</SimpleData>
            <SimpleData name="OGR_STYLE">PEN(fc:#FF666666,w:2px);BRUSH(fc:#66C2A5FF)</SimpleData>
          </SchemaData>
        </ExtendedData>
        <Polygon>
          <outerBoundaryIs>
            <LinearRing>
              <coordinates>
                -121.621662,45.311041,0
                -121.625553,45.336337,0
                -121.6255772,45.3363484,0
                -121.6422487,45.3247277,0
                -121.646662,45.31053,0
                -121.631967,45.3003,0
                -121.621662,45.311041,0
              </coordinates>
            </LinearRing>
          </outerBoundaryIs>
        </Polygon>
      </Placemark>
      <Placemark id="mthood.64">
        <name>Area64: 365 obs</name>
        <description>18 Platanthera dilatata
10 Castilleja miniata
9 Perisoreus canadensis
9 Pinus contorta
9 Xerophyllum tenax
8 Anemone oregana
8 Aquilegia formosa
8 Chamaenerion angustifolium
8 Chimaphila umbellata
8 Trautvetteria carolinensis

Cluster 1 standouts:
2.42 Rhododendron macrophyllum
2.37 Cornus unalaschkensis
2.11 Oplopanax horridus
1.91 Lysichiton americanus
1.84 Tsuga heterophylla</description>
        <Style>
          <LineStyle>
            <width>2</width>
          </LineStyle>
          <PolyStyle>
            <color>ffa5c266</color>
          </PolyStyle>
        </Style>
        <ExtendedData>
          <SchemaData schemaUrl="#mthood.schema">
            <SimpleData name="grid_id">64</SimpleData>
            <SimpleData name="n_obs">365</SimpleData>
            <SimpleData name="cluster">1</SimpleData>
            <SimpleData name="cluster_ordered">2</SimpleData>
            <SimpleData name="top_species">18 Platanthera dilatata
10 Castilleja miniata
9 Perisoreus canadensis
9 Pinus contorta
9 Xerophyllum tenax
8 Anemone oregana
8 Aquilegia formosa
8 Chamaenerion angustifolium
8 Chimaphila umbellata
8 Trautvetteria carolinensis</SimpleData>
            <SimpleData name="standouts">2.42 Rhododendron macrophyllum
2.37 Cornus unalaschkensis
2.11 Oplopanax horridus
1.91 Lysichiton americanus
1.84 Tsuga heterophylla</SimpleData>
            <SimpleData name="OGR_STYLE">PEN(fc:#FF666666,w:2px);BRUSH(fc:#66C2A5FF)</SimpleData>
          </SchemaData>
        </ExtendedData>
        <Polygon>
          <outerBoundaryIs>
            <LinearRing>
              <coordinates>
                -121.622155,45.31815,0
                -121.614519,45.30399,0
                -121.61238,45.30173,0
                -121.610145,45.300007,0
                -121.609542,45.299867,0
                -121.5999307,45.3072405,0
                -121.599619,45.307607,0
                -121.5979278,45.3087772,0
                -121.579545,45.32288,0
                -121.572841,45.329416,0
                -121.565705,45.336964,0
                -121.566409,45.374445,0
                -121.567056,45.378261,0
                -121.571494,45.382942,0
                -121.621259,45.345137,0
                -121.625045,45.338928,0
                -121.625193,45.338432,0
                -121.625417,45.337028,0
                -121.625458,45.336395,0
                -121.622567,45.318969,0
                -121.622155,45.31815,0
              </coordinates>
            </LinearRing>
          </outerBoundaryIs>
        </Polygon>
      </Placemark>
      <Placemark id="mthood.65">
        <name>Area65: 368 obs</name>
        <description>10 Corydalis scouleri
10 Sedum spathulifolium
9 Abies procera
9 Rhododendron macrophyllum
9 Trillium ovatum
8 Tsuga heterophylla
7 Calochortus subalpinus
7 Lysichiton americanus
7 Pedicularis racemosa
6 Ariolimax columbianus

Cluster 1 standouts:
2.42 Rhododendron macrophyllum
2.37 Cornus unalaschkensis
2.11 Oplopanax horridus
1.91 Lysichiton americanus
1.84 Tsuga heterophylla</description>
        <Style>
          <LineStyle>
            <width>2</width>
          </LineStyle>
          <PolyStyle>
            <color>ffa5c266</color>
          </PolyStyle>
        </Style>
        <ExtendedData>
          <SchemaData schemaUrl="#mthood.schema">
            <SimpleData name="grid_id">65</SimpleData>
            <SimpleData name="n_obs">368</SimpleData>
            <SimpleData name="cluster">1</SimpleData>
            <SimpleData name="cluster_ordered">2</SimpleData>
            <SimpleData name="top_species">10 Corydalis scouleri
10 Sedum spathulifolium
9 Abies procera
9 Rhododendron macrophyllum
9 Trillium ovatum
8 Tsuga heterophylla
7 Calochortus subalpinus
7 Lysichiton americanus
7 Pedicularis racemosa
6 Ariolimax columbianus</SimpleData>
            <SimpleData name="standouts">2.42 Rhododendron macrophyllum
2.37 Cornus unalaschkensis
2.11 Oplopanax horridus
1.91 Lysichiton americanus
1.84 Tsuga heterophylla</SimpleData>
            <SimpleData name="OGR_STYLE">PEN(fc:#FF666666,w:2px);BRUSH(fc:#66C2A5FF)</SimpleData>
          </SchemaData>
        </ExtendedData>
        <Polygon>
          <outerBoundaryIs>
            <LinearRing>
              <coordinates>
                -122.057144,45.318421,0
                -122.059518,45.302098,0
                -122.056971,45.237165,0
                -122.024322,45.220305,0
                -122.024287,45.220297,0
                -121.985328,45.212325,0
                -121.934463,45.22805,0
                -121.938592,45.268028,0
                -121.939493,45.273705,0
                -121.93985,45.274825,0
                -121.942293,45.281485,0
                -121.942696,45.28249,0
                -121.943057,45.283253,0
                -121.943633,45.284192,0
                -121.959918,45.305163,0
                -122.001106,45.346397,0
                -122.003046,45.347047,0
                -122.005153,45.347539,0
                -122.009204,45.345373,0
                -122.057144,45.318421,0
              </coordinates>
            </LinearRing>
          </outerBoundaryIs>
        </Polygon>
      </Placemark>
      <Placemark id="mthood.66">
        <name>Area66: 459 obs</name>
        <description>23 Taricha granulosa
19 Rhododendron macrophyllum
17 Cornus unalaschkensis
15 Xerophyllum tenax
13 Thuja plicata
12 Oplopanax horridus
11 Erythronium montanum
10 Anaphalis margaritacea
10 Vaccinium ovalifolium
9 Abies amabilis

Cluster 1 standouts:
2.42 Rhododendron macrophyllum
2.37 Cornus unalaschkensis
2.11 Oplopanax horridus
1.91 Lysichiton americanus
1.84 Tsuga heterophylla</description>
        <Style>
          <LineStyle>
            <width>2</width>
          </LineStyle>
          <PolyStyle>
            <color>ffa5c266</color>
          </PolyStyle>
        </Style>
        <ExtendedData>
          <SchemaData schemaUrl="#mthood.schema">
            <SimpleData name="grid_id">66</SimpleData>
            <SimpleData name="n_obs">459</SimpleData>
            <SimpleData name="cluster">1</SimpleData>
            <SimpleData name="cluster_ordered">2</SimpleData>
            <SimpleData name="top_species">23 Taricha granulosa
19 Rhododendron macrophyllum
17 Cornus unalaschkensis
15 Xerophyllum tenax
13 Thuja plicata
12 Oplopanax horridus
11 Erythronium montanum
10 Anaphalis margaritacea
10 Vaccinium ovalifolium
9 Abies amabilis</SimpleData>
            <SimpleData name="standouts">2.42 Rhododendron macrophyllum
2.37 Cornus unalaschkensis
2.11 Oplopanax horridus
1.91 Lysichiton americanus
1.84 Tsuga heterophylla</SimpleData>
            <SimpleData name="OGR_STYLE">PEN(fc:#FF666666,w:2px);BRUSH(fc:#66C2A5FF)</SimpleData>
          </SchemaData>
        </ExtendedData>
        <Polygon>
          <outerBoundaryIs>
            <LinearRing>
              <coordinates>
                -121.785325,45.43469,0
                -121.773107,45.446629,0
                -121.761653,45.503791,0
                -121.793762,45.578537,0
                -121.795111,45.581279,0
                -121.795544,45.581824,0
                -121.800653,45.582045,0
                -121.801003,45.58108,0
                -121.827121,45.473654,0
                -121.803917,45.427712,0
                -121.802972,45.427572,0
                -121.796853,45.426875,0
                -121.796363,45.426822,0
                -121.795813,45.42678,0
                -121.785325,45.43469,0
              </coordinates>
            </LinearRing>
          </outerBoundaryIs>
        </Polygon>
      </Placemark>
      <Placemark id="mthood.67">
        <name>Area67: 342 obs</name>
        <description>13 Eriogonum umbellatum
11 Lilium washingtonianum
10 Polemonium californicum
9 Callospermophilus lateralis
9 Pinus albicaulis
9 Pseudacris regilla
8 Eriophyllum lanatum
6 Ceanothus velutinus
6 Chamaenerion angustifolium
6 Nymphalis californica

Cluster 1 standouts:
2.42 Rhododendron macrophyllum
2.37 Cornus unalaschkensis
2.11 Oplopanax horridus
1.91 Lysichiton americanus
1.84 Tsuga heterophylla</description>
        <Style>
          <LineStyle>
            <width>2</width>
          </LineStyle>
          <PolyStyle>
            <color>ffa5c266</color>
          </PolyStyle>
        </Style>
        <ExtendedData>
          <SchemaData schemaUrl="#mthood.schema">
            <SimpleData name="grid_id">67</SimpleData>
            <SimpleData name="n_obs">342</SimpleData>
            <SimpleData name="cluster">1</SimpleData>
            <SimpleData name="cluster_ordered">2</SimpleData>
            <SimpleData name="top_species">13 Eriogonum umbellatum
11 Lilium washingtonianum
10 Polemonium californicum
9 Callospermophilus lateralis
9 Pinus albicaulis
9 Pseudacris regilla
8 Eriophyllum lanatum
6 Ceanothus velutinus
6 Chamaenerion angustifolium
6 Nymphalis californica</SimpleData>
            <SimpleData name="standouts">2.42 Rhododendron macrophyllum
2.37 Cornus unalaschkensis
2.11 Oplopanax horridus
1.91 Lysichiton americanus
1.84 Tsuga heterophylla</SimpleData>
            <SimpleData name="OGR_STYLE">PEN(fc:#FF666666,w:2px);BRUSH(fc:#66C2A5FF)</SimpleData>
          </SchemaData>
        </ExtendedData>
        <Polygon>
          <outerBoundaryIs>
            <LinearRing>
              <coordinates>
                -121.636943,45.225573,0
                -121.64363,45.162286,0
                -121.636183,45.149903,0
                -121.623458,45.133778,0
                -121.596192,45.141597,0
                -121.584819,45.145194,0
                -121.523063,45.178687,0
                -121.501557,45.193786,0
                -121.4986814,45.2426079,0
                -121.501495,45.271053,0
                -121.495933,45.2892715,0
                -121.49309,45.337541,0
                -121.521922,45.342546,0
                -121.523724,45.342822,0
                -121.525362,45.342697,0
                -121.5255849,45.3426629,0
                -121.5354994,45.3402481,0
                -121.553265,45.333034,0
                -121.578908,45.321937,0
                -121.599619,45.307607,0
                -121.607964,45.297797,0
                -121.636943,45.225573,0
              </coordinates>
            </LinearRing>
          </outerBoundaryIs>
        </Polygon>
      </Placemark>
      <Placemark id="mthood.68">
        <name>Area68: 361 obs</name>
        <description>15 Ariolimax columbianus
13 Dicentra formosa
12 Trillium ovatum
11 Polystichum munitum
10 Digitalis purpurea
10 Gaultheria shallon
9 Claytonia sibirica
9 Pteridium aquilinum
8 Adiantum aleuticum
8 Vancouveria hexandra

Cluster 3 standouts:
2.10 Digitalis purpurea
1.98 Prunella vulgaris
1.96 Corydalis scouleri
1.88 Gaultheria shallon
1.83 Vaccinium parvifolium</description>
        <Style>
          <LineStyle>
            <width>2</width>
          </LineStyle>
          <PolyStyle>
            <color>ffcba08d</color>
          </PolyStyle>
        </Style>
        <ExtendedData>
          <SchemaData schemaUrl="#mthood.schema">
            <SimpleData name="grid_id">68</SimpleData>
            <SimpleData name="n_obs">361</SimpleData>
            <SimpleData name="cluster">3</SimpleData>
            <SimpleData name="cluster_ordered">4</SimpleData>
            <SimpleData name="top_species">15 Ariolimax columbianus
13 Dicentra formosa
12 Trillium ovatum
11 Polystichum munitum
10 Digitalis purpurea
10 Gaultheria shallon
9 Claytonia sibirica
9 Pteridium aquilinum
8 Adiantum aleuticum
8 Vancouveria hexandra</SimpleData>
            <SimpleData name="standouts">2.10 Digitalis purpurea
1.98 Prunella vulgaris
1.96 Corydalis scouleri
1.88 Gaultheria shallon
1.83 Vaccinium parvifolium</SimpleData>
            <SimpleData name="OGR_STYLE">PEN(fc:#FF666666,w:2px);BRUSH(fc:#8DA0CBFF)</SimpleData>
          </SchemaData>
        </ExtendedData>
        <Polygon>
          <outerBoundaryIs>
            <LinearRing>
              <coordinates>
                -122.298982,45.48812,0
                -122.2998406,45.4884376,0
                -122.2998618,45.4884438,0
                -122.301528,45.488875,0
                -122.304749,45.489582,0
                -122.307747,45.485812,0
                -122.30825,45.485145,0
                -122.315077,45.443773,0
                -122.290535,45.436365,0
                -122.271157,45.435536,0
                -122.271453,45.461545,0
                -122.2727772,45.4633925,0
                -122.2812289,45.4738707,0
                -122.288977,45.482864,0
                -122.297651,45.487566,0
                -122.298982,45.48812,0
              </coordinates>
            </LinearRing>
          </outerBoundaryIs>
        </Polygon>
      </Placemark>
      <Placemark id="mthood.69">
        <name>Area69: 309 obs</name>
        <description>14 Ribes sanguineum
13 Chamaenerion angustifolium
12 Aquilegia formosa
11 Lilium columbianum
10 Geranium robertianum
10 Gilia capitata
9 Toxicodendron diversilobum
8 Anaphalis margaritacea
8 Dicentra formosa
8 Maianthemum racemosum

Cluster 8 standouts:
2.07 Tellima grandiflora
2.00 Adiantum aleuticum
1.92 Geranium robertianum
1.90 Sedum spathulifolium
1.87 Heracleum maximum</description>
        <Style>
          <LineStyle>
            <width>2</width>
          </LineStyle>
          <PolyStyle>
            <color>ffb3b3b3</color>
          </PolyStyle>
        </Style>
        <ExtendedData>
          <SchemaData schemaUrl="#mthood.schema">
            <SimpleData name="grid_id">69</SimpleData>
            <SimpleData name="n_obs">309</SimpleData>
            <SimpleData name="cluster">8</SimpleData>
            <SimpleData name="cluster_ordered">3</SimpleData>
            <SimpleData name="top_species">14 Ribes sanguineum
13 Chamaenerion angustifolium
12 Aquilegia formosa
11 Lilium columbianum
10 Geranium robertianum
10 Gilia capitata
9 Toxicodendron diversilobum
8 Anaphalis margaritacea
8 Dicentra formosa
8 Maianthemum racemosum</SimpleData>
            <SimpleData name="standouts">2.07 Tellima grandiflora
2.00 Adiantum aleuticum
1.92 Geranium robertianum
1.90 Sedum spathulifolium
1.87 Heracleum maximum</SimpleData>
            <SimpleData name="OGR_STYLE">PEN(fc:#FF666666,w:2px);BRUSH(fc:#B3B3B3FF)</SimpleData>
          </SchemaData>
        </ExtendedData>
        <Polygon>
          <outerBoundaryIs>
            <LinearRing>
              <coordinates>
                -122.085664,45.586444,0
                -122.08915,45.585245,0
                -122.090019,45.584945,0
                -122.090027,45.584646,0
                -122.083655,45.57003,0
                -122.081175,45.565524,0
                -122.0797604,45.5665485,0
                -122.0691238,45.5901476,0
                -122.069161,45.590305,0
                -122.07029,45.59021,0
                -122.0713346,45.5899541,0
                -122.073128,45.589255,0
                -122.076382,45.588256,0
                -122.077347,45.588,0
                -122.081011,45.587177,0
                -122.082017,45.587006,0
                -122.084442,45.586638,0
                -122.0852031,45.5865569,0
                -122.085664,45.586444,0
              </coordinates>
            </LinearRing>
          </outerBoundaryIs>
        </Polygon>
      </Placemark>
      <Placemark id="mthood.70">
        <name>Area70: 375 obs</name>
        <description>13 Ailanthus altissima
13 Centaurea cyanus
13 Quercus garryana
12 Vicia villosa
11 Acer macrophyllum
10 Adelinia grandis
10 Eschscholzia californica
10 Mahonia aquifolium
10 Sceloporus occidentalis
9 Ceanothus integerrimus

Cluster 7 standouts:
2.20 Haliaeetus leucocephalus
2.20 Pandion haliaetus
1.92 Turdus migratorius
1.88 Pseudacris regilla
1.82 Cathartes aura</description>
        <Style>
          <LineStyle>
            <width>2</width>
          </LineStyle>
          <PolyStyle>
            <color>ff94c4e5</color>
          </PolyStyle>
        </Style>
        <ExtendedData>
          <SchemaData schemaUrl="#mthood.schema">
            <SimpleData name="grid_id">70</SimpleData>
            <SimpleData name="n_obs">375</SimpleData>
            <SimpleData name="cluster">7</SimpleData>
            <SimpleData name="cluster_ordered">6</SimpleData>
            <SimpleData name="top_species">13 Ailanthus altissima
13 Centaurea cyanus
13 Quercus garryana
12 Vicia villosa
11 Acer macrophyllum
10 Adelinia grandis
10 Eschscholzia californica
10 Mahonia aquifolium
10 Sceloporus occidentalis
9 Ceanothus integerrimus</SimpleData>
            <SimpleData name="standouts">2.20 Haliaeetus leucocephalus
2.20 Pandion haliaetus
1.92 Turdus migratorius
1.88 Pseudacris regilla
1.82 Cathartes aura</SimpleData>
            <SimpleData name="OGR_STYLE">PEN(fc:#FF666666,w:2px);BRUSH(fc:#E5C494FF)</SimpleData>
          </SchemaData>
        </ExtendedData>
        <Polygon>
          <outerBoundaryIs>
            <LinearRing>
              <coordinates>
                -121.523758,45.628299,0
                -121.491692,45.584672,0
                -121.46927,45.589516,0
                -121.441837,45.618487,0
                -121.441049,45.635019,0
                -121.449371,45.653263,0
                -121.4569403,45.6623154,0
                -121.457633,45.660713,0
                -121.465175,45.661847,0
                -121.466156,45.662012,0
                -121.466453,45.662083,0
                -121.471386,45.664174,0
                -121.473909,45.666484,0
                -121.484795,45.678263,0
                -121.4872657,45.6985828,0
                -121.490404,45.702336,0
                -121.4994463,45.7033823,0
                -121.506947,45.703439,0
                -121.509549,45.704431,0
                -121.5097935,45.7045795,0
                -121.511008,45.70472,0
                -121.514944,45.699617,0
                -121.519916,45.685611,0
                -121.52478,45.664963,0
                -121.523758,45.628299,0
              </coordinates>
            </LinearRing>
          </outerBoundaryIs>
        </Polygon>
      </Placemark>
      <Placemark id="mthood.71">
        <name>Area71: 256 obs</name>
        <description>35 Calochortus subalpinus
16 Pinus contorta
13 Polemonium californicum
12 Penstemon davidsonii
9 Castilleja suksdorfii
9 Tsuga mertensiana
8 Chamaenerion angustifolium
7 Erythranthe lewisii
7 Lupinus lepidus
7 Perisoreus canadensis

Cluster 5 standouts:
2.39 Calochortus subalpinus
2.33 Tsuga mertensiana
2.32 Sorbus sitchensis
2.22 Valeriana sitchensis
1.97 Lomatium martindalei</description>
        <Style>
          <LineStyle>
            <width>2</width>
          </LineStyle>
          <PolyStyle>
            <color>ff54d8a6</color>
          </PolyStyle>
        </Style>
        <ExtendedData>
          <SchemaData schemaUrl="#mthood.schema">
            <SimpleData name="grid_id">71</SimpleData>
            <SimpleData name="n_obs">256</SimpleData>
            <SimpleData name="cluster">5</SimpleData>
            <SimpleData name="cluster_ordered">1</SimpleData>
            <SimpleData name="top_species">35 Calochortus subalpinus
16 Pinus contorta
13 Polemonium californicum
12 Penstemon davidsonii
9 Castilleja suksdorfii
9 Tsuga mertensiana
8 Chamaenerion angustifolium
7 Erythranthe lewisii
7 Lupinus lepidus
7 Perisoreus canadensis</SimpleData>
            <SimpleData name="standouts">2.39 Calochortus subalpinus
2.33 Tsuga mertensiana
2.32 Sorbus sitchensis
2.22 Valeriana sitchensis
1.97 Lomatium martindalei</SimpleData>
            <SimpleData name="OGR_STYLE">PEN(fc:#FF666666,w:2px);BRUSH(fc:#A6D854FF)</SimpleData>
          </SchemaData>
        </ExtendedData>
        <Polygon>
          <outerBoundaryIs>
            <LinearRing>
              <coordinates>
                -121.662239,45.331261,0
                -121.6610469,45.3308011,0
                -121.66053,45.331887,0
                -121.660217,45.332612,0
                -121.6604592,45.3350342,0
                -121.7007847,45.320849,0
                -121.70797,45.305805,0
                -121.674519,45.30372,0
                -121.673927,45.303742,0
                -121.6738263,45.3039535,0
                -121.674317,45.305022,0
                -121.674407,45.305254,0
                -121.667816,45.327411,0
                -121.666108,45.329525,0
                -121.665855,45.32968,0
                -121.665793,45.329716,0
                -121.662239,45.331261,0
              </coordinates>
            </LinearRing>
          </outerBoundaryIs>
        </Polygon>
      </Placemark>
      <Placemark id="mthood.72">
        <name>Area72: 372 obs</name>
        <description>10 Asarum caudatum
10 Paranemone deltoidea
9 Fritillaria affinis
9 Lilium columbianum
8 Maianthemum racemosum
7 Actaea rubra
7 Calypso bulbosa
7 Cornus nuttallii
7 Senecio integerrimus
7 Tiarella trifoliata

Cluster 2 standouts:
2.32 Calypso bulbosa
2.15 Corallorhiza maculata
2.05 Cornus nuttallii
1.84 Moehringia macrophylla
1.83 Lonicera ciliosa</description>
        <Style>
          <LineStyle>
            <width>2</width>
          </LineStyle>
          <PolyStyle>
            <color>ff628dfc</color>
          </PolyStyle>
        </Style>
        <ExtendedData>
          <SchemaData schemaUrl="#mthood.schema">
            <SimpleData name="grid_id">72</SimpleData>
            <SimpleData name="n_obs">372</SimpleData>
            <SimpleData name="cluster">2</SimpleData>
            <SimpleData name="cluster_ordered">5</SimpleData>
            <SimpleData name="top_species">10 Asarum caudatum
10 Paranemone deltoidea
9 Fritillaria affinis
9 Lilium columbianum
8 Maianthemum racemosum
7 Actaea rubra
7 Calypso bulbosa
7 Cornus nuttallii
7 Senecio integerrimus
7 Tiarella trifoliata</SimpleData>
            <SimpleData name="standouts">2.32 Calypso bulbosa
2.15 Corallorhiza maculata
2.05 Cornus nuttallii
1.84 Moehringia macrophylla
1.83 Lonicera ciliosa</SimpleData>
            <SimpleData name="OGR_STYLE">PEN(fc:#FF666666,w:2px);BRUSH(fc:#FC8D62FF)</SimpleData>
          </SchemaData>
        </ExtendedData>
        <Polygon>
          <outerBoundaryIs>
            <LinearRing>
              <coordinates>
                -121.808449,45.7654563,0
                -121.779032,45.734066,0
                -121.712638,45.718503,0
                -121.704034,45.718695,0
                -121.667433,45.727705,0
                -121.634111,45.755239,0
                -121.6464141,45.7845664,0
                -121.652528,45.792394,0
                -121.6566816,45.8090414,0
                -121.665672,45.830472,0
                -121.66587,45.830647,0
                -121.715378,45.849183,0
                -121.716789,45.849711,0
                -121.717575,45.849814,0
                -121.717981,45.849847,0
                -121.820878,45.849053,0
                -121.829505,45.846317,0
                -121.846733,45.82978,0
                -121.8358566,45.8107268,0
                -121.808449,45.7654563,0
              </coordinates>
            </LinearRing>
          </outerBoundaryIs>
        </Polygon>
      </Placemark>
      <Placemark id="mthood.73">
        <name>Area74: 371 obs</name>
        <description>32 Quercus garryana
23 Centaurea cyanus
20 Olsynium douglasii
19 Eriogonum compositum
18 Pinus ponderosa
17 Lomatium columbianum
14 Mahonia aquifolium
13 Lomatium macrocarpum
13 Lomatium nudicaule
12 Aphelocoma californica

Cluster 6 standouts:
2.06 Lomatium nudicaule
2.00 Castilleja hispida
1.93 Erythronium grandiflorum
1.93 Lomatium triternatum
1.81 Hydrophyllum capitatum</description>
        <Style>
          <LineStyle>
            <width>2</width>
          </LineStyle>
          <PolyStyle>
            <color>ff2fd9ff</color>
          </PolyStyle>
        </Style>
        <ExtendedData>
          <SchemaData schemaUrl="#mthood.schema">
            <SimpleData name="grid_id">74</SimpleData>
            <SimpleData name="n_obs">371</SimpleData>
            <SimpleData name="cluster">6</SimpleData>
            <SimpleData name="cluster_ordered">7</SimpleData>
            <SimpleData name="top_species">32 Quercus garryana
23 Centaurea cyanus
20 Olsynium douglasii
19 Eriogonum compositum
18 Pinus ponderosa
17 Lomatium columbianum
14 Mahonia aquifolium
13 Lomatium macrocarpum
13 Lomatium nudicaule
12 Aphelocoma californica</SimpleData>
            <SimpleData name="standouts">2.06 Lomatium nudicaule
2.00 Castilleja hispida
1.93 Erythronium grandiflorum
1.93 Lomatium triternatum
1.81 Hydrophyllum capitatum</SimpleData>
            <SimpleData name="OGR_STYLE">PEN(fc:#FF666666,w:2px);BRUSH(fc:#FFD92FFF)</SimpleData>
          </SchemaData>
        </ExtendedData>
        <Polygon>
          <outerBoundaryIs>
            <LinearRing>
              <coordinates>
                -121.33847,45.68734,0
                -121.325401,45.705509,0
                -121.3258019,45.7058095,0
                -121.326058,45.705995,0
                -121.3261133,45.706043,0
                -121.337048,45.714241,0
                -121.347078,45.713071,0
                -121.348329,45.712834,0
                -121.348334,45.712706,0
                -121.348324,45.712385,0
                -121.347687,45.698172,0
                -121.346431,45.693733,0
                -121.343594,45.690369,0
                -121.342991,45.689665,0
                -121.339638,45.68704,0
                -121.33847,45.68734,0
              </coordinates>
            </LinearRing>
          </outerBoundaryIs>
        </Polygon>
      </Placemark>
      <Placemark id="mthood.74">
        <name>Area75: 349 obs</name>
        <description>9 Maianthemum racemosum
8 Acer macrophyllum
8 Chamaenerion angustifolium
7 Acer circinatum
7 Polystichum munitum
7 Prunella vulgaris
6 Gaultheria shallon
6 Holodiscus discolor
6 Iris tenax
6 Marah oregana

Cluster 3 standouts:
2.10 Digitalis purpurea
1.98 Prunella vulgaris
1.96 Corydalis scouleri
1.88 Gaultheria shallon
1.83 Vaccinium parvifolium</description>
        <Style>
          <LineStyle>
            <width>2</width>
          </LineStyle>
          <PolyStyle>
            <color>ffcba08d</color>
          </PolyStyle>
        </Style>
        <ExtendedData>
          <SchemaData schemaUrl="#mthood.schema">
            <SimpleData name="grid_id">75</SimpleData>
            <SimpleData name="n_obs">349</SimpleData>
            <SimpleData name="cluster">3</SimpleData>
            <SimpleData name="cluster_ordered">4</SimpleData>
            <SimpleData name="top_species">9 Maianthemum racemosum
8 Acer macrophyllum
8 Chamaenerion angustifolium
7 Acer circinatum
7 Polystichum munitum
7 Prunella vulgaris
6 Gaultheria shallon
6 Holodiscus discolor
6 Iris tenax
6 Marah oregana</SimpleData>
            <SimpleData name="standouts">2.10 Digitalis purpurea
1.98 Prunella vulgaris
1.96 Corydalis scouleri
1.88 Gaultheria shallon
1.83 Vaccinium parvifolium</SimpleData>
            <SimpleData name="OGR_STYLE">PEN(fc:#FF666666,w:2px);BRUSH(fc:#8DA0CBFF)</SimpleData>
          </SchemaData>
        </ExtendedData>
        <Polygon>
          <outerBoundaryIs>
            <LinearRing>
              <coordinates>
                -122.117775,45.159675,0
                -122.148929,45.206771,0
                -122.149047,45.206863,0
                -122.158433,45.212783,0
                -122.228247,45.229705,0
                -122.248859,45.231041,0
                -122.262847,45.227903,0
                -122.262917,45.224408,0
                -122.256719,45.167962,0
                -122.223471,45.123492,0
                -122.164864,45.106308,0
                -122.130403,45.113486,0
                -122.117858,45.159345,0
                -122.117775,45.159675,0
              </coordinates>
            </LinearRing>
          </outerBoundaryIs>
        </Polygon>
      </Placemark>
      <Placemark id="mthood.75">
        <name>Area76: 418 obs</name>
        <description>23 Rhododendron macrophyllum
18 Xerophyllum tenax
12 Nothochelone nemorosa
12 Oplopanax horridus
11 Cornus unalaschkensis
11 Erythronium montanum
11 Trillium ovatum
10 Chamaenerion angustifolium
10 Dicentra formosa
10 Penstemon serrulatus

Cluster 1 standouts:
2.42 Rhododendron macrophyllum
2.37 Cornus unalaschkensis
2.11 Oplopanax horridus
1.91 Lysichiton americanus
1.84 Tsuga heterophylla</description>
        <Style>
          <LineStyle>
            <width>2</width>
          </LineStyle>
          <PolyStyle>
            <color>ffa5c266</color>
          </PolyStyle>
        </Style>
        <ExtendedData>
          <SchemaData schemaUrl="#mthood.schema">
            <SimpleData name="grid_id">76</SimpleData>
            <SimpleData name="n_obs">418</SimpleData>
            <SimpleData name="cluster">1</SimpleData>
            <SimpleData name="cluster_ordered">2</SimpleData>
            <SimpleData name="top_species">23 Rhododendron macrophyllum
18 Xerophyllum tenax
12 Nothochelone nemorosa
12 Oplopanax horridus
11 Cornus unalaschkensis
11 Erythronium montanum
11 Trillium ovatum
10 Chamaenerion angustifolium
10 Dicentra formosa
10 Penstemon serrulatus</SimpleData>
            <SimpleData name="standouts">2.42 Rhododendron macrophyllum
2.37 Cornus unalaschkensis
2.11 Oplopanax horridus
1.91 Lysichiton americanus
1.84 Tsuga heterophylla</SimpleData>
            <SimpleData name="OGR_STYLE">PEN(fc:#FF666666,w:2px);BRUSH(fc:#66C2A5FF)</SimpleData>
          </SchemaData>
        </ExtendedData>
        <Polygon>
          <outerBoundaryIs>
            <LinearRing>
              <coordinates>
                -121.81547,45.425171,0
                -121.834778,45.416298,0
                -121.853813,45.406545,0
                -121.862761,45.396664,0
                -121.827889,45.387874,0
                -121.827317,45.387888,0
                -121.816636,45.388739,0
                -121.81257,45.39072,0
                -121.781272,45.409827,0
                -121.780975,45.420153,0
                -121.784012,45.42472,0
                -121.78448,45.42489,0
                -121.795825,45.426775,0
                -121.798643,45.426742,0
                -121.814109,45.425626,0
                -121.81547,45.425171,0
              </coordinates>
            </LinearRing>
          </outerBoundaryIs>
        </Polygon>
      </Placemark>
      <Placemark id="mthood.76">
        <name>Area77: 350 obs</name>
        <description>18 Adiantum aleuticum
18 Rubus spectabilis
16 Dicentra formosa
13 Trillium ovatum
11 Erythronium oregonum
11 Valeriana congesta
9 Ariolimax columbianus
9 Hydrophyllum tenuipes
9 Iris tenax
9 Prunella vulgaris

Cluster 3 standouts:
2.10 Digitalis purpurea
1.98 Prunella vulgaris
1.96 Corydalis scouleri
1.88 Gaultheria shallon
1.83 Vaccinium parvifolium</description>
        <Style>
          <LineStyle>
            <width>2</width>
          </LineStyle>
          <PolyStyle>
            <color>ffcba08d</color>
          </PolyStyle>
        </Style>
        <ExtendedData>
          <SchemaData schemaUrl="#mthood.schema">
            <SimpleData name="grid_id">77</SimpleData>
            <SimpleData name="n_obs">350</SimpleData>
            <SimpleData name="cluster">3</SimpleData>
            <SimpleData name="cluster_ordered">4</SimpleData>
            <SimpleData name="top_species">18 Adiantum aleuticum
18 Rubus spectabilis
16 Dicentra formosa
13 Trillium ovatum
11 Erythronium oregonum
11 Valeriana congesta
9 Ariolimax columbianus
9 Hydrophyllum tenuipes
9 Iris tenax
9 Prunella vulgaris</SimpleData>
            <SimpleData name="standouts">2.10 Digitalis purpurea
1.98 Prunella vulgaris
1.96 Corydalis scouleri
1.88 Gaultheria shallon
1.83 Vaccinium parvifolium</SimpleData>
            <SimpleData name="OGR_STYLE">PEN(fc:#FF666666,w:2px);BRUSH(fc:#8DA0CBFF)</SimpleData>
          </SchemaData>
        </ExtendedData>
        <Polygon>
          <outerBoundaryIs>
            <LinearRing>
              <coordinates>
                -122.4,45.6,0
                -122.399995,45.598483,0
                -122.399955,45.597205,0
                -122.399809,45.596866,0
                -122.3959441,45.594484,0
                -122.3930421,45.5981746,0
                -122.392714,45.600239,0
                -122.392647,45.600662,0
                -122.395491,45.600831,0
                -122.39872,45.600862,0
                -122.399417,45.600851,0
                -122.399972,45.600823,0
                -122.4,45.6,0
              </coordinates>
            </LinearRing>
          </outerBoundaryIs>
        </Polygon>
      </Placemark>
      <Placemark id="mthood.77">
        <name>Area78: 358 obs</name>
        <description>23 Eriogonum compositum
21 Marah oregana
19 Asclepias fascicularis
19 Lomatium papilioniferum
15 Olsynium douglasii
14 Ericameria nauseosa
13 Pentagramma triangularis
11 Eriogonum niveum
11 Phacelia hastata
9 Crocidium multicaule

Cluster 6 standouts:
2.06 Lomatium nudicaule
2.00 Castilleja hispida
1.93 Erythronium grandiflorum
1.93 Lomatium triternatum
1.81 Hydrophyllum capitatum</description>
        <Style>
          <LineStyle>
            <width>2</width>
          </LineStyle>
          <PolyStyle>
            <color>ff2fd9ff</color>
          </PolyStyle>
        </Style>
        <ExtendedData>
          <SchemaData schemaUrl="#mthood.schema">
            <SimpleData name="grid_id">78</SimpleData>
            <SimpleData name="n_obs">358</SimpleData>
            <SimpleData name="cluster">6</SimpleData>
            <SimpleData name="cluster_ordered">7</SimpleData>
            <SimpleData name="top_species">23 Eriogonum compositum
21 Marah oregana
19 Asclepias fascicularis
19 Lomatium papilioniferum
15 Olsynium douglasii
14 Ericameria nauseosa
13 Pentagramma triangularis
11 Eriogonum niveum
11 Phacelia hastata
9 Crocidium multicaule</SimpleData>
            <SimpleData name="standouts">2.06 Lomatium nudicaule
2.00 Castilleja hispida
1.93 Erythronium grandiflorum
1.93 Lomatium triternatum
1.81 Hydrophyllum capitatum</SimpleData>
            <SimpleData name="OGR_STYLE">PEN(fc:#FF666666,w:2px);BRUSH(fc:#FFD92FFF)</SimpleData>
          </SchemaData>
        </ExtendedData>
        <Polygon>
          <outerBoundaryIs>
            <LinearRing>
              <coordinates>
                -121.15528,45.64412,0
                -121.142701,45.616924,0
                -121.142526,45.616618,0
                -121.129219,45.604106,0
                -121.124372,45.602073,0
                -121.103219,45.62867,0
                -121.096092,45.647125,0
                -121.095991,45.64798,0
                -121.095263,45.654808,0
                -121.107601,45.66317,0
                -121.15528,45.64412,0
              </coordinates>
            </LinearRing>
          </outerBoundaryIs>
        </Polygon>
      </Placemark>
      <Placemark id="mthood.78">
        <name>Area79: 372 obs</name>
        <description>9 Calochortus subalpinus
9 Lathyrus latifolius
8 Quercus garryana
7 Arctostaphylos columbiana
7 Calypso bulbosa
7 Ceanothus integerrimus
7 Eschscholzia californica
7 Pseudotsuga menziesii
7 Trillium ovatum
6 Mahonia aquifolium

Cluster 2 standouts:
2.32 Calypso bulbosa
2.15 Corallorhiza maculata
2.05 Cornus nuttallii
1.84 Moehringia macrophylla
1.83 Lonicera ciliosa</description>
        <Style>
          <LineStyle>
            <width>2</width>
          </LineStyle>
          <PolyStyle>
            <color>ff628dfc</color>
          </PolyStyle>
        </Style>
        <ExtendedData>
          <SchemaData schemaUrl="#mthood.schema">
            <SimpleData name="grid_id">79</SimpleData>
            <SimpleData name="n_obs">372</SimpleData>
            <SimpleData name="cluster">2</SimpleData>
            <SimpleData name="cluster_ordered">5</SimpleData>
            <SimpleData name="top_species">9 Calochortus subalpinus
9 Lathyrus latifolius
8 Quercus garryana
7 Arctostaphylos columbiana
7 Calypso bulbosa
7 Ceanothus integerrimus
7 Eschscholzia californica
7 Pseudotsuga menziesii
7 Trillium ovatum
6 Mahonia aquifolium</SimpleData>
            <SimpleData name="standouts">2.32 Calypso bulbosa
2.15 Corallorhiza maculata
2.05 Cornus nuttallii
1.84 Moehringia macrophylla
1.83 Lonicera ciliosa</SimpleData>
            <SimpleData name="OGR_STYLE">PEN(fc:#FF666666,w:2px);BRUSH(fc:#FC8D62FF)</SimpleData>
          </SchemaData>
        </ExtendedData>
        <Polygon>
          <outerBoundaryIs>
            <LinearRing>
              <coordinates>
                -121.659867,45.821808,0
                -121.652528,45.792394,0
                -121.630791,45.764564,0
                -121.569145,45.727445,0
                -121.5644589,45.7260029,0
                -121.5639704,45.7259324,0
                -121.552008,45.725537,0
                -121.521247,45.728622,0
                -121.515773,45.729207,0
                -121.508334,45.731802,0
                -121.506278,45.733192,0
                -121.516957,45.779147,0
                -121.5179437,45.7811928,0
                -121.537591,45.804464,0
                -121.538719,45.806194,0
                -121.540388,45.81003,0
                -121.542572,45.815995,0
                -121.544898,45.837021,0
                -121.5448982,45.837079,0
                -121.547834,45.843166,0
                -121.64615,45.848687,0
                -121.663803,45.840657,0
                -121.659867,45.821808,0
              </coordinates>
            </LinearRing>
          </outerBoundaryIs>
        </Polygon>
      </Placemark>
      <Placemark id="mthood.79">
        <name>Area80: 491 obs</name>
        <description>22 Eriogonum compositum
20 Anaphalis margaritacea
20 Ribes sanguineum
15 Lysimachia latifolia
15 Rubus parviflorus
14 Cornus nuttallii
14 Holodiscus discolor
14 Penstemon richardsonii
13 Cryptogramma acrostichoides
12 Tellima grandiflora

Cluster 8 standouts:
2.07 Tellima grandiflora
2.00 Adiantum aleuticum
1.92 Geranium robertianum
1.90 Sedum spathulifolium
1.87 Heracleum maximum</description>
        <Style>
          <LineStyle>
            <width>2</width>
          </LineStyle>
          <PolyStyle>
            <color>ffb3b3b3</color>
          </PolyStyle>
        </Style>
        <ExtendedData>
          <SchemaData schemaUrl="#mthood.schema">
            <SimpleData name="grid_id">80</SimpleData>
            <SimpleData name="n_obs">491</SimpleData>
            <SimpleData name="cluster">8</SimpleData>
            <SimpleData name="cluster_ordered">3</SimpleData>
            <SimpleData name="top_species">22 Eriogonum compositum
20 Anaphalis margaritacea
20 Ribes sanguineum
15 Lysimachia latifolia
15 Rubus parviflorus
14 Cornus nuttallii
14 Holodiscus discolor
14 Penstemon richardsonii
13 Cryptogramma acrostichoides
12 Tellima grandiflora</SimpleData>
            <SimpleData name="standouts">2.07 Tellima grandiflora
2.00 Adiantum aleuticum
1.92 Geranium robertianum
1.90 Sedum spathulifolium
1.87 Heracleum maximum</SimpleData>
            <SimpleData name="OGR_STYLE">PEN(fc:#FF666666,w:2px);BRUSH(fc:#B3B3B3FF)</SimpleData>
          </SchemaData>
        </ExtendedData>
        <Polygon>
          <outerBoundaryIs>
            <LinearRing>
              <coordinates>
                -122.0050445,45.6126913,0
                -122.004901,45.612678,0
                -122.004605,45.612582,0
                -122.003739,45.611992,0
                -122.001969,45.6101155,0
                -122.001572,45.609783,0
                -122.001419,45.609688,0
                -122.001192,45.609581,0
                -122.000648,45.609369,0
                -121.998474,45.611669,0
                -121.9982993,45.611903,0
                -121.9972734,45.6135735,0
                -121.996942,45.614175,0
                -121.996596,45.61684,0
                -121.996382,45.619338,0
                -121.997238,45.621563,0
                -122.022828,45.6281,0
                -122.022911,45.628083,0
                -122.022918,45.628064,0
                -122.022233,45.627087,0
                -122.0050445,45.6126913,0
              </coordinates>
            </LinearRing>
          </outerBoundaryIs>
        </Polygon>
      </Placemark>
      <Placemark id="mthood.80">
        <name>Area81: 368 obs</name>
        <description>21 Gaultheria shallon
18 Rhododendron macrophyllum
18 Trillium ovatum
13 Chrysolepis chrysophylla
13 Vaccinium parvifolium
10 Rubus spectabilis
9 Digitalis purpurea
9 Rubus parviflorus
8 Ariolimax columbianus
8 Corydalis scouleri

Cluster 3 standouts:
2.10 Digitalis purpurea
1.98 Prunella vulgaris
1.96 Corydalis scouleri
1.88 Gaultheria shallon
1.83 Vaccinium parvifolium</description>
        <Style>
          <LineStyle>
            <width>2</width>
          </LineStyle>
          <PolyStyle>
            <color>ffcba08d</color>
          </PolyStyle>
        </Style>
        <ExtendedData>
          <SchemaData schemaUrl="#mthood.schema">
            <SimpleData name="grid_id">81</SimpleData>
            <SimpleData name="n_obs">368</SimpleData>
            <SimpleData name="cluster">3</SimpleData>
            <SimpleData name="cluster_ordered">4</SimpleData>
            <SimpleData name="top_species">21 Gaultheria shallon
18 Rhododendron macrophyllum
18 Trillium ovatum
13 Chrysolepis chrysophylla
13 Vaccinium parvifolium
10 Rubus spectabilis
9 Digitalis purpurea
9 Rubus parviflorus
8 Ariolimax columbianus
8 Corydalis scouleri</SimpleData>
            <SimpleData name="standouts">2.10 Digitalis purpurea
1.98 Prunella vulgaris
1.96 Corydalis scouleri
1.88 Gaultheria shallon
1.83 Vaccinium parvifolium</SimpleData>
            <SimpleData name="OGR_STYLE">PEN(fc:#FF666666,w:2px);BRUSH(fc:#8DA0CBFF)</SimpleData>
          </SchemaData>
        </ExtendedData>
        <Polygon>
          <outerBoundaryIs>
            <LinearRing>
              <coordinates>
                -121.863363,45.311408,0
                -121.864199,45.314342,0
                -121.875237,45.333203,0
                -121.90918,45.34243,0
                -121.912716,45.341216,0
                -121.917659,45.337139,0
                -121.916742,45.331055,0
                -121.914567,45.323494,0
                -121.912602,45.319341,0
                -121.909928,45.314217,0
                -121.906921,45.310067,0
                -121.900676,45.304819,0
                -121.88755,45.302742,0
                -121.867027,45.305041,0
                -121.864459,45.305759,0
                -121.862372,45.307586,0
                -121.863363,45.311408,0
              </coordinates>
            </LinearRing>
          </outerBoundaryIs>
        </Polygon>
      </Placemark>
      <Placemark id="mthood.81">
        <name>Area82: 375 obs</name>
        <description>25 Ailanthus altissima
17 Sedum spathulifolium
14 Penstemon rupicola
14 Pseudotsuga menziesii
12 Penstemon richardsonii
10 Cichorium intybus
9 Eschscholzia californica
8 Daucus carota
8 Lathyrus latifolius
8 Toxicodendron diversilobum

Cluster 2 standouts:
2.32 Calypso bulbosa
2.15 Corallorhiza maculata
2.05 Cornus nuttallii
1.84 Moehringia macrophylla
1.83 Lonicera ciliosa</description>
        <Style>
          <LineStyle>
            <width>2</width>
          </LineStyle>
          <PolyStyle>
            <color>ff628dfc</color>
          </PolyStyle>
        </Style>
        <ExtendedData>
          <SchemaData schemaUrl="#mthood.schema">
            <SimpleData name="grid_id">82</SimpleData>
            <SimpleData name="n_obs">375</SimpleData>
            <SimpleData name="cluster">2</SimpleData>
            <SimpleData name="cluster_ordered">5</SimpleData>
            <SimpleData name="top_species">25 Ailanthus altissima
17 Sedum spathulifolium
14 Penstemon rupicola
14 Pseudotsuga menziesii
12 Penstemon richardsonii
10 Cichorium intybus
9 Eschscholzia californica
8 Daucus carota
8 Lathyrus latifolius
8 Toxicodendron diversilobum</SimpleData>
            <SimpleData name="standouts">2.32 Calypso bulbosa
2.15 Corallorhiza maculata
2.05 Cornus nuttallii
1.84 Moehringia macrophylla
1.83 Lonicera ciliosa</SimpleData>
            <SimpleData name="OGR_STYLE">PEN(fc:#FF666666,w:2px);BRUSH(fc:#FC8D62FF)</SimpleData>
          </SchemaData>
        </ExtendedData>
        <Polygon>
          <outerBoundaryIs>
            <LinearRing>
              <coordinates>
                -121.618529,45.702058,0
                -121.618357,45.701608,0
                -121.610852,45.688491,0
                -121.603279,45.678383,0
                -121.5994,45.674362,0
                -121.566144,45.665904,0
                -121.544083,45.661,0
                -121.542628,45.668455,0
                -121.541743,45.674506,0
                -121.5432212,45.6797434,0
                -121.54847,45.683567,0
                -121.549152,45.684506,0
                -121.554736,45.696312,0
                -121.556362,45.7024,0
                -121.556717,45.710907,0
                -121.556633,45.711403,0
                -121.554764,45.7206409,0
                -121.55593,45.724772,0
                -121.572234,45.727125,0
                -121.59497,45.724767,0
                -121.617901,45.718031,0
                -121.618103,45.717754,0
                -121.620745,45.71386,0
                -121.618888,45.703397,0
                -121.618529,45.702058,0
              </coordinates>
            </LinearRing>
          </outerBoundaryIs>
        </Polygon>
      </Placemark>
      <Placemark id="mthood.82">
        <name>Area83: 365 obs</name>
        <description>22 Quercus garryana
16 Sceloporus occidentalis
11 Odocoileus hemionus
10 Erynnis propertius
10 Frasera albicaulis
10 Icaricia icarioides
8 Castilleja hispida
8 Fragaria vesca
7 Cornus nuttallii
7 Limenitis lorquini

Cluster 2 standouts:
2.32 Calypso bulbosa
2.15 Corallorhiza maculata
2.05 Cornus nuttallii
1.84 Moehringia macrophylla
1.83 Lonicera ciliosa</description>
        <Style>
          <LineStyle>
            <width>2</width>
          </LineStyle>
          <PolyStyle>
            <color>ff628dfc</color>
          </PolyStyle>
        </Style>
        <ExtendedData>
          <SchemaData schemaUrl="#mthood.schema">
            <SimpleData name="grid_id">83</SimpleData>
            <SimpleData name="n_obs">365</SimpleData>
            <SimpleData name="cluster">2</SimpleData>
            <SimpleData name="cluster_ordered">5</SimpleData>
            <SimpleData name="top_species">22 Quercus garryana
16 Sceloporus occidentalis
11 Odocoileus hemionus
10 Erynnis propertius
10 Frasera albicaulis
10 Icaricia icarioides
8 Castilleja hispida
8 Fragaria vesca
7 Cornus nuttallii
7 Limenitis lorquini</SimpleData>
            <SimpleData name="standouts">2.32 Calypso bulbosa
2.15 Corallorhiza maculata
2.05 Cornus nuttallii
1.84 Moehringia macrophylla
1.83 Lonicera ciliosa</SimpleData>
            <SimpleData name="OGR_STYLE">PEN(fc:#FF666666,w:2px);BRUSH(fc:#FC8D62FF)</SimpleData>
          </SchemaData>
        </ExtendedData>
        <Polygon>
          <outerBoundaryIs>
            <LinearRing>
              <coordinates>
                -121.267267,45.393913,0
                -121.267975,45.459472,0
                -121.354017,45.450338,0
                -121.437809,45.406413,0
                -121.4403,45.403387,0
                -121.45524,45.38499,0
                -121.471528,45.364186,0
                -121.484637,45.326272,0
                -121.501495,45.271053,0
                -121.495942,45.214912,0
                -121.472738,45.21117,0
                -121.333374,45.215166,0
                -121.276948,45.244322,0
                -121.276095,45.25153,0
                -121.267267,45.393913,0
              </coordinates>
            </LinearRing>
          </outerBoundaryIs>
        </Polygon>
      </Placemark>
      <Placemark id="mthood.83">
        <name>Area84: 366 obs</name>
        <description>16 Polystichum munitum
15 Digitalis purpurea
12 Monadenia fidelis
11 Geranium robertianum
9 Acer circinatum
9 Oxalis oregana
9 Rubus spectabilis
9 Thuja plicata
8 Ariolimax columbianus
8 Corydalis scouleri

Cluster 3 standouts:
2.10 Digitalis purpurea
1.98 Prunella vulgaris
1.96 Corydalis scouleri
1.88 Gaultheria shallon
1.83 Vaccinium parvifolium</description>
        <Style>
          <LineStyle>
            <width>2</width>
          </LineStyle>
          <PolyStyle>
            <color>ffcba08d</color>
          </PolyStyle>
        </Style>
        <ExtendedData>
          <SchemaData schemaUrl="#mthood.schema">
            <SimpleData name="grid_id">84</SimpleData>
            <SimpleData name="n_obs">366</SimpleData>
            <SimpleData name="cluster">3</SimpleData>
            <SimpleData name="cluster_ordered">4</SimpleData>
            <SimpleData name="top_species">16 Polystichum munitum
15 Digitalis purpurea
12 Monadenia fidelis
11 Geranium robertianum
9 Acer circinatum
9 Oxalis oregana
9 Rubus spectabilis
9 Thuja plicata
8 Ariolimax columbianus
8 Corydalis scouleri</SimpleData>
            <SimpleData name="standouts">2.10 Digitalis purpurea
1.98 Prunella vulgaris
1.96 Corydalis scouleri
1.88 Gaultheria shallon
1.83 Vaccinium parvifolium</SimpleData>
            <SimpleData name="OGR_STYLE">PEN(fc:#FF666666,w:2px);BRUSH(fc:#8DA0CBFF)</SimpleData>
          </SchemaData>
        </ExtendedData>
        <Polygon>
          <outerBoundaryIs>
            <LinearRing>
              <coordinates>
                -121.950631,45.355013,0
                -121.96627,45.354513,0
                -121.968342,45.35383,0
                -121.969236,45.353495,0
                -121.969904,45.352402,0
                -121.970172,45.350005,0
                -121.969963,45.33432,0
                -121.964583,45.321397,0
                -121.95871,45.313404,0
                -121.945186,45.30828,0
                -121.943755,45.308303,0
                -121.9433306,45.3084898,0
                -121.943227,45.308573,0
                -121.9431441,45.3085719,0
                -121.91655,45.320275,0
                -121.921096,45.336208,0
                -121.928445,45.344467,0
                -121.940479,45.353159,0
                -121.950631,45.355013,0
              </coordinates>
            </LinearRing>
          </outerBoundaryIs>
        </Polygon>
      </Placemark>
      <Placemark id="mthood.84">
        <name>Area85: 358 obs</name>
        <description>37 Valeriana congesta
27 Erythronium oregonum
17 Camassia quamash
13 Holodiscus discolor
12 Rubus spectabilis
9 Dicentra formosa
9 Iris tenax
7 Prunella vulgaris
7 Quercus garryana
7 Selaginella wallacei

Cluster 3 standouts:
2.10 Digitalis purpurea
1.98 Prunella vulgaris
1.96 Corydalis scouleri
1.88 Gaultheria shallon
1.83 Vaccinium parvifolium</description>
        <Style>
          <LineStyle>
            <width>2</width>
          </LineStyle>
          <PolyStyle>
            <color>ffcba08d</color>
          </PolyStyle>
        </Style>
        <ExtendedData>
          <SchemaData schemaUrl="#mthood.schema">
            <SimpleData name="grid_id">85</SimpleData>
            <SimpleData name="n_obs">358</SimpleData>
            <SimpleData name="cluster">3</SimpleData>
            <SimpleData name="cluster_ordered">4</SimpleData>
            <SimpleData name="top_species">37 Valeriana congesta
27 Erythronium oregonum
17 Camassia quamash
13 Holodiscus discolor
12 Rubus spectabilis
9 Dicentra formosa
9 Iris tenax
7 Prunella vulgaris
7 Quercus garryana
7 Selaginella wallacei</SimpleData>
            <SimpleData name="standouts">2.10 Digitalis purpurea
1.98 Prunella vulgaris
1.96 Corydalis scouleri
1.88 Gaultheria shallon
1.83 Vaccinium parvifolium</SimpleData>
            <SimpleData name="OGR_STYLE">PEN(fc:#FF666666,w:2px);BRUSH(fc:#8DA0CBFF)</SimpleData>
          </SchemaData>
        </ExtendedData>
        <Polygon>
          <outerBoundaryIs>
            <LinearRing>
              <coordinates>
                -122.358483,45.63535,0
                -122.355675,45.642914,0
                -122.3530043,45.6535683,0
                -122.3638136,45.6903799,0
                -122.391182,45.670052,0
                -122.396768,45.655369,0
                -122.399895,45.612103,0
                -122.399978,45.604194,0
                -122.399995,45.601958,0
                -122.399995,45.601453,0
                -122.399995,45.601428,0
                -122.399995,45.601422,0
                -122.399972,45.601306,0
                -122.399959,45.601274,0
                -122.399712,45.601063,0
                -122.399644,45.601018,0
                -122.399478,45.600925,0
                -122.398492,45.600903,0
                -122.396099,45.600854,0
                -122.387642,45.601762,0
                -122.358483,45.63535,0
              </coordinates>
            </LinearRing>
          </outerBoundaryIs>
        </Polygon>
      </Placemark>
      <Placemark id="mthood.85">
        <name>Area86: 370 obs</name>
        <description>13 Digitalis purpurea
9 Trillium ovatum
8 Dicentra formosa
8 Monotropa hypopitys
7 Campanula scouleri
7 Polystichum munitum
7 Rubus spectabilis
7 Thuja plicata
6 Chamaenerion angustifolium
6 Daucus carota

Cluster 3 standouts:
2.10 Digitalis purpurea
1.98 Prunella vulgaris
1.96 Corydalis scouleri
1.88 Gaultheria shallon
1.83 Vaccinium parvifolium</description>
        <Style>
          <LineStyle>
            <width>2</width>
          </LineStyle>
          <PolyStyle>
            <color>ffcba08d</color>
          </PolyStyle>
        </Style>
        <ExtendedData>
          <SchemaData schemaUrl="#mthood.schema">
            <SimpleData name="grid_id">86</SimpleData>
            <SimpleData name="n_obs">370</SimpleData>
            <SimpleData name="cluster">3</SimpleData>
            <SimpleData name="cluster_ordered">4</SimpleData>
            <SimpleData name="top_species">13 Digitalis purpurea
9 Trillium ovatum
8 Dicentra formosa
8 Monotropa hypopitys
7 Campanula scouleri
7 Polystichum munitum
7 Rubus spectabilis
7 Thuja plicata
6 Chamaenerion angustifolium
6 Daucus carota</SimpleData>
            <SimpleData name="standouts">2.10 Digitalis purpurea
1.98 Prunella vulgaris
1.96 Corydalis scouleri
1.88 Gaultheria shallon
1.83 Vaccinium parvifolium</SimpleData>
            <SimpleData name="OGR_STYLE">PEN(fc:#FF666666,w:2px);BRUSH(fc:#8DA0CBFF)</SimpleData>
          </SchemaData>
        </ExtendedData>
        <Polygon>
          <outerBoundaryIs>
            <LinearRing>
              <coordinates>
                -122.106818,45.367045,0
                -122.116582,45.376798,0
                -122.135594,45.3934481,0
                -122.1472932,45.3989115,0
                -122.20842,45.395092,0
                -122.236625,45.389345,0
                -122.239111,45.377825,0
                -122.239046,45.357868,0
                -122.225574,45.30771,0
                -122.225213,45.306605,0
                -122.224748,45.305432,0
                -122.205284,45.263598,0
                -122.124664,45.226555,0
                -122.058539,45.236722,0
                -122.060601,45.280083,0
                -122.06286,45.299663,0
                -122.106818,45.367045,0
              </coordinates>
            </LinearRing>
          </outerBoundaryIs>
        </Polygon>
      </Placemark>
      <Placemark id="mthood.86">
        <name>Area87: 370 obs</name>
        <description>26 Lithospermum ruderale
25 Trifolium macrocephalum
24 Lomatium columbianum
17 Hydrophyllum capitatum
15 Castilleja hispida
15 Frasera albicaulis
15 Lomatium nudicaule
14 Senecio integerrimus
11 Delphinium nuttallianum
11 Lithophragma parviflorum

Cluster 6 standouts:
2.06 Lomatium nudicaule
2.00 Castilleja hispida
1.93 Erythronium grandiflorum
1.93 Lomatium triternatum
1.81 Hydrophyllum capitatum</description>
        <Style>
          <LineStyle>
            <width>2</width>
          </LineStyle>
          <PolyStyle>
            <color>ff2fd9ff</color>
          </PolyStyle>
        </Style>
        <ExtendedData>
          <SchemaData schemaUrl="#mthood.schema">
            <SimpleData name="grid_id">87</SimpleData>
            <SimpleData name="n_obs">370</SimpleData>
            <SimpleData name="cluster">6</SimpleData>
            <SimpleData name="cluster_ordered">7</SimpleData>
            <SimpleData name="top_species">26 Lithospermum ruderale
25 Trifolium macrocephalum
24 Lomatium columbianum
17 Hydrophyllum capitatum
15 Castilleja hispida
15 Frasera albicaulis
15 Lomatium nudicaule
14 Senecio integerrimus
11 Delphinium nuttallianum
11 Lithophragma parviflorum</SimpleData>
            <SimpleData name="standouts">2.06 Lomatium nudicaule
2.00 Castilleja hispida
1.93 Erythronium grandiflorum
1.93 Lomatium triternatum
1.81 Hydrophyllum capitatum</SimpleData>
            <SimpleData name="OGR_STYLE">PEN(fc:#FF666666,w:2px);BRUSH(fc:#FFD92FFF)</SimpleData>
          </SchemaData>
        </ExtendedData>
        <Polygon>
          <outerBoundaryIs>
            <LinearRing>
              <coordinates>
                -121.297212,45.519072,0
                -121.277928,45.562071,0
                -121.28117,45.573396,0
                -121.28118,45.573413,0
                -121.2816317,45.574158,0
                -121.282032,45.574492,0
                -121.283662,45.575947,0
                -121.2904513,45.5887063,0
                -121.30527,45.61315,0
                -121.331245,45.635387,0
                -121.338211,45.638541,0
                -121.338369,45.638441,0
                -121.349192,45.622206,0
                -121.372453,45.58247,0
                -121.326726,45.543111,0
                -121.297212,45.519072,0
              </coordinates>
            </LinearRing>
          </outerBoundaryIs>
        </Polygon>
      </Placemark>
      <Placemark id="mthood.87">
        <name>Area88: 374 obs</name>
        <description>31 Pulsatilla occidentalis
17 Tsuga mertensiana
16 Erythranthe lewisii
15 Pinus albicaulis
13 Callospermophilus lateralis
13 Luetkea pectinata
11 Eriogonum umbellatum
11 Erythronium montanum
11 Gentiana calycosa
11 Koenigia davisiae

Cluster 5 standouts:
2.39 Calochortus subalpinus
2.33 Tsuga mertensiana
2.32 Sorbus sitchensis
2.22 Valeriana sitchensis
1.97 Lomatium martindalei</description>
        <Style>
          <LineStyle>
            <width>2</width>
          </LineStyle>
          <PolyStyle>
            <color>ff54d8a6</color>
          </PolyStyle>
        </Style>
        <ExtendedData>
          <SchemaData schemaUrl="#mthood.schema">
            <SimpleData name="grid_id">88</SimpleData>
            <SimpleData name="n_obs">374</SimpleData>
            <SimpleData name="cluster">5</SimpleData>
            <SimpleData name="cluster_ordered">1</SimpleData>
            <SimpleData name="top_species">31 Pulsatilla occidentalis
17 Tsuga mertensiana
16 Erythranthe lewisii
15 Pinus albicaulis
13 Callospermophilus lateralis
13 Luetkea pectinata
11 Eriogonum umbellatum
11 Erythronium montanum
11 Gentiana calycosa
11 Koenigia davisiae</SimpleData>
            <SimpleData name="standouts">2.39 Calochortus subalpinus
2.33 Tsuga mertensiana
2.32 Sorbus sitchensis
2.22 Valeriana sitchensis
1.97 Lomatium martindalei</SimpleData>
            <SimpleData name="OGR_STYLE">PEN(fc:#FF666666,w:2px);BRUSH(fc:#A6D854FF)</SimpleData>
          </SchemaData>
        </ExtendedData>
        <Polygon>
          <outerBoundaryIs>
            <LinearRing>
              <coordinates>
                -121.706102,45.358467,0
                -121.6857186,45.3698087,0
                -121.681672,45.374992,0
                -121.670587,45.381445,0
                -121.668628,45.382131,0
                -121.6635869,45.3821233,0
                -121.660622,45.383773,0
                -121.634819,45.402167,0
                -121.638025,45.417001,0
                -121.646058,45.424553,0
                -121.676195,45.446508,0
                -121.677923,45.447188,0
                -121.684775,45.447749,0
                -121.71923,45.41605,0
                -121.719282,45.415814,0
                -121.719887,45.409,0
                -121.719697,45.403728,0
                -121.706102,45.358467,0
              </coordinates>
            </LinearRing>
          </outerBoundaryIs>
        </Polygon>
      </Placemark>
      <Placemark id="mthood.88">
        <name>Area89: 370 obs</name>
        <description>37 Lomatium columbianum
27 Lomatium klickitatense
17 Olsynium douglasii
14 Sedum spathulifolium
13 Centaurea cyanus
13 Eriogonum compositum
12 Quercus garryana
11 Amelanchier alnifolia
11 Pinus ponderosa
10 Lomatium triternatum

Cluster 6 standouts:
2.06 Lomatium nudicaule
2.00 Castilleja hispida
1.93 Erythronium grandiflorum
1.93 Lomatium triternatum
1.81 Hydrophyllum capitatum</description>
        <Style>
          <LineStyle>
            <width>2</width>
          </LineStyle>
          <PolyStyle>
            <color>ff2fd9ff</color>
          </PolyStyle>
        </Style>
        <ExtendedData>
          <SchemaData schemaUrl="#mthood.schema">
            <SimpleData name="grid_id">89</SimpleData>
            <SimpleData name="n_obs">370</SimpleData>
            <SimpleData name="cluster">6</SimpleData>
            <SimpleData name="cluster_ordered">7</SimpleData>
            <SimpleData name="top_species">37 Lomatium columbianum
27 Lomatium klickitatense
17 Olsynium douglasii
14 Sedum spathulifolium
13 Centaurea cyanus
13 Eriogonum compositum
12 Quercus garryana
11 Amelanchier alnifolia
11 Pinus ponderosa
10 Lomatium triternatum</SimpleData>
            <SimpleData name="standouts">2.06 Lomatium nudicaule
2.00 Castilleja hispida
1.93 Erythronium grandiflorum
1.93 Lomatium triternatum
1.81 Hydrophyllum capitatum</SimpleData>
            <SimpleData name="OGR_STYLE">PEN(fc:#FF666666,w:2px);BRUSH(fc:#FFD92FFF)</SimpleData>
          </SchemaData>
        </ExtendedData>
        <Polygon>
          <outerBoundaryIs>
            <LinearRing>
              <coordinates>
                -121.449138,45.66672,0
                -121.403856,45.665906,0
                -121.407491,45.681835,0
                -121.40855,45.685662,0
                -121.453737,45.692812,0
                -121.455355,45.692844,0
                -121.455808,45.692692,0
                -121.456201,45.692392,0
                -121.4561154,45.6884287,0
                -121.4541292,45.6688692,0
                -121.454118,45.668823,0
                -121.449138,45.66672,0
              </coordinates>
            </LinearRing>
          </outerBoundaryIs>
        </Polygon>
      </Placemark>
      <Placemark id="mthood.89">
        <name>Area90: 380 obs</name>
        <description>28 Castilleja hispida
19 Fritillaria affinis
19 Lomatium columbianum
19 Lomatium klickitatense
13 Hydrophyllum capitatum
13 Trifolium macrocephalum
12 Collinsia grandiflora
11 Aphyllon uniflorum
11 Frasera albicaulis
10 Pinus ponderosa

Cluster 6 standouts:
2.06 Lomatium nudicaule
2.00 Castilleja hispida
1.93 Erythronium grandiflorum
1.93 Lomatium triternatum
1.81 Hydrophyllum capitatum</description>
        <Style>
          <LineStyle>
            <width>2</width>
          </LineStyle>
          <PolyStyle>
            <color>ff2fd9ff</color>
          </PolyStyle>
        </Style>
        <ExtendedData>
          <SchemaData schemaUrl="#mthood.schema">
            <SimpleData name="grid_id">90</SimpleData>
            <SimpleData name="n_obs">380</SimpleData>
            <SimpleData name="cluster">6</SimpleData>
            <SimpleData name="cluster_ordered">7</SimpleData>
            <SimpleData name="top_species">28 Castilleja hispida
19 Fritillaria affinis
19 Lomatium columbianum
19 Lomatium klickitatense
13 Hydrophyllum capitatum
13 Trifolium macrocephalum
12 Collinsia grandiflora
11 Aphyllon uniflorum
11 Frasera albicaulis
10 Pinus ponderosa</SimpleData>
            <SimpleData name="standouts">2.06 Lomatium nudicaule
2.00 Castilleja hispida
1.93 Erythronium grandiflorum
1.93 Lomatium triternatum
1.81 Hydrophyllum capitatum</SimpleData>
            <SimpleData name="OGR_STYLE">PEN(fc:#FF666666,w:2px);BRUSH(fc:#FFD92FFF)</SimpleData>
          </SchemaData>
        </ExtendedData>
        <Polygon>
          <outerBoundaryIs>
            <LinearRing>
              <coordinates>
                -121.361978,45.709087,0
                -121.362883,45.708483,0
                -121.363614,45.70797,0
                -121.369664,45.697844,0
                -121.370014,45.687614,0
                -121.355916,45.6685,0
                -121.353247,45.667337,0
                -121.351783,45.667178,0
                -121.351242,45.667142,0
                -121.344247,45.667952,0
                -121.343954,45.668013,0
                -121.342742,45.668488,0
                -121.342338,45.668942,0
                -121.341657,45.670069,0
                -121.3447382,45.6776597,0
                -121.348403,45.678228,0
                -121.348892,45.679231,0
                -121.350088,45.683517,0
                -121.349998,45.684564,0
                -121.349725,45.685683,0
                -121.3489081,45.6879327,0
                -121.349045,45.68827,0
                -121.3497547,45.6896099,0
                -121.349819,45.689599,0
                -121.349976,45.689653,0
                -121.350906,45.690646,0
                -121.35222,45.693312,0
                -121.3522359,45.6942948,0
                -121.352333,45.694478,0
                -121.3608997,45.7079025,0
                -121.360975,45.707901,0
                -121.361391,45.708224,0
                -121.361619,45.708818,0
                -121.361676,45.709093,0
                -121.3616803,45.7091257,0
                -121.361722,45.709191,0
                -121.361731,45.709201,0
                -121.361773,45.709184,0
                -121.361917,45.709117,0
                -121.361978,45.709087,0
              </coordinates>
            </LinearRing>
          </outerBoundaryIs>
        </Polygon>
      </Placemark>
      <Placemark id="mthood.90">
        <name>Area91: 370 obs</name>
        <description>49 Polystichum munitum
28 Rubus ursinus
18 Gaultheria shallon
11 Pteridium aquilinum
10 Acer macrophyllum
10 Mahonia nervosa
10 Thuja plicata
10 Trillium ovatum
9 Turdus migratorius
8 Ariolimax columbianus

Cluster 3 standouts:
2.10 Digitalis purpurea
1.98 Prunella vulgaris
1.96 Corydalis scouleri
1.88 Gaultheria shallon
1.83 Vaccinium parvifolium</description>
        <Style>
          <LineStyle>
            <width>2</width>
          </LineStyle>
          <PolyStyle>
            <color>ffcba08d</color>
          </PolyStyle>
        </Style>
        <ExtendedData>
          <SchemaData schemaUrl="#mthood.schema">
            <SimpleData name="grid_id">91</SimpleData>
            <SimpleData name="n_obs">370</SimpleData>
            <SimpleData name="cluster">3</SimpleData>
            <SimpleData name="cluster_ordered">4</SimpleData>
            <SimpleData name="top_species">49 Polystichum munitum
28 Rubus ursinus
18 Gaultheria shallon
11 Pteridium aquilinum
10 Acer macrophyllum
10 Mahonia nervosa
10 Thuja plicata
10 Trillium ovatum
9 Turdus migratorius
8 Ariolimax columbianus</SimpleData>
            <SimpleData name="standouts">2.10 Digitalis purpurea
1.98 Prunella vulgaris
1.96 Corydalis scouleri
1.88 Gaultheria shallon
1.83 Vaccinium parvifolium</SimpleData>
            <SimpleData name="OGR_STYLE">PEN(fc:#FF666666,w:2px);BRUSH(fc:#8DA0CBFF)</SimpleData>
          </SchemaData>
        </ExtendedData>
        <Polygon>
          <outerBoundaryIs>
            <LinearRing>
              <coordinates>
                -122.328751,45.372612,0
                -122.28512,45.362575,0
                -122.275042,45.367275,0
                -122.266454,45.382099,0
                -122.266974,45.390439,0
                -122.2704,45.3993,0
                -122.27562,45.409328,0
                -122.277557,45.410705,0
                -122.333367,45.4315,0
                -122.328751,45.372612,0
              </coordinates>
            </LinearRing>
          </outerBoundaryIs>
        </Polygon>
      </Placemark>
      <Placemark id="mthood.91">
        <name>Area92: 384 obs</name>
        <description>13 Oplopanax horridus
11 Dicentra formosa
11 Erythronium montanum
10 Clintonia uniflora
10 Rubus parviflorus
8 Rhododendron menziesii
7 Actaea rubra
7 Chamaenerion angustifolium
7 Lysimachia latifolia
7 Mahonia nervosa

Cluster 1 standouts:
2.42 Rhododendron macrophyllum
2.37 Cornus unalaschkensis
2.11 Oplopanax horridus
1.91 Lysichiton americanus
1.84 Tsuga heterophylla</description>
        <Style>
          <LineStyle>
            <width>2</width>
          </LineStyle>
          <PolyStyle>
            <color>ffa5c266</color>
          </PolyStyle>
        </Style>
        <ExtendedData>
          <SchemaData schemaUrl="#mthood.schema">
            <SimpleData name="grid_id">92</SimpleData>
            <SimpleData name="n_obs">384</SimpleData>
            <SimpleData name="cluster">1</SimpleData>
            <SimpleData name="cluster_ordered">2</SimpleData>
            <SimpleData name="top_species">13 Oplopanax horridus
11 Dicentra formosa
11 Erythronium montanum
10 Clintonia uniflora
10 Rubus parviflorus
8 Rhododendron menziesii
7 Actaea rubra
7 Chamaenerion angustifolium
7 Lysimachia latifolia
7 Mahonia nervosa</SimpleData>
            <SimpleData name="standouts">2.42 Rhododendron macrophyllum
2.37 Cornus unalaschkensis
2.11 Oplopanax horridus
1.91 Lysichiton americanus
1.84 Tsuga heterophylla</SimpleData>
            <SimpleData name="OGR_STYLE">PEN(fc:#FF666666,w:2px);BRUSH(fc:#66C2A5FF)</SimpleData>
          </SchemaData>
        </ExtendedData>
        <Polygon>
          <outerBoundaryIs>
            <LinearRing>
              <coordinates>
                -122.001594,45.609612,0
                -122.001778,45.609913,0
                -122.003739,45.611992,0
                -122.004605,45.612582,0
                -122.004901,45.612678,0
                -122.010942,45.613237,0
                -122.013271,45.612669,0
                -122.0154032,45.6102415,0
                -122.012975,45.60304,0
                -122.043542,45.55492,0
                -122.061011,45.536749,0
                -122.069739,45.533066,0
                -122.071381,45.532569,0
                -122.072089,45.532528,0
                -122.073303,45.533122,0
                -122.074238,45.535266,0
                -122.0732203,45.544417,0
                -122.086876,45.52887,0
                -122.086266,45.527824,0
                -122.043808,45.473897,0
                -122.016022,45.464911,0
                -122.011772,45.466247,0
                -121.985353,45.501503,0
                -121.9927,45.585578,0
                -121.994972,45.593792,0
                -122.001594,45.609612,0
              </coordinates>
            </LinearRing>
          </outerBoundaryIs>
        </Polygon>
      </Placemark>
      <Placemark id="mthood.92">
        <name>Area93: 349 obs</name>
        <description>17 Geranium robertianum
16 Adiantum aleuticum
14 Impatiens capensis
14 Toxicodendron diversilobum
13 Dicentra formosa
13 Polypodium glycyrrhiza
12 Digitalis purpurea
12 Rubus parviflorus
11 Symphoricarpos albus
10 Cyanocitta stelleri

Cluster 8 standouts:
2.07 Tellima grandiflora
2.00 Adiantum aleuticum
1.92 Geranium robertianum
1.90 Sedum spathulifolium
1.87 Heracleum maximum</description>
        <Style>
          <LineStyle>
            <width>2</width>
          </LineStyle>
          <PolyStyle>
            <color>ffb3b3b3</color>
          </PolyStyle>
        </Style>
        <ExtendedData>
          <SchemaData schemaUrl="#mthood.schema">
            <SimpleData name="grid_id">93</SimpleData>
            <SimpleData name="n_obs">349</SimpleData>
            <SimpleData name="cluster">8</SimpleData>
            <SimpleData name="cluster_ordered">3</SimpleData>
            <SimpleData name="top_species">17 Geranium robertianum
16 Adiantum aleuticum
14 Impatiens capensis
14 Toxicodendron diversilobum
13 Dicentra formosa
13 Polypodium glycyrrhiza
12 Digitalis purpurea
12 Rubus parviflorus
11 Symphoricarpos albus
10 Cyanocitta stelleri</SimpleData>
            <SimpleData name="standouts">2.07 Tellima grandiflora
2.00 Adiantum aleuticum
1.92 Geranium robertianum
1.90 Sedum spathulifolium
1.87 Heracleum maximum</SimpleData>
            <SimpleData name="OGR_STYLE">PEN(fc:#FF666666,w:2px);BRUSH(fc:#B3B3B3FF)</SimpleData>
          </SchemaData>
        </ExtendedData>
        <Polygon>
          <outerBoundaryIs>
            <LinearRing>
              <coordinates>
                -122.189032,45.544702,0
                -122.18972,45.543606,0
                -122.1804422,45.5450419,0
                -122.1753949,45.5595107,0
                -122.177206,45.559534,0
                -122.180613,45.557898,0
                -122.189032,45.544702,0
              </coordinates>
            </LinearRing>
          </outerBoundaryIs>
        </Polygon>
      </Placemark>
      <Placemark id="mthood.93">
        <name>Area94: 373 obs</name>
        <description>14 Rubus parviflorus
13 Hydrophyllum tenuipes
11 Aquilegia formosa
11 Dicentra formosa
11 Geranium robertianum
11 Tellima grandiflora
9 Maianthemum racemosum
8 Symphoricarpos albus
7 Claytonia sibirica
7 Polypodium glycyrrhiza

Cluster 8 standouts:
2.07 Tellima grandiflora
2.00 Adiantum aleuticum
1.92 Geranium robertianum
1.90 Sedum spathulifolium
1.87 Heracleum maximum</description>
        <Style>
          <LineStyle>
            <width>2</width>
          </LineStyle>
          <PolyStyle>
            <color>ffb3b3b3</color>
          </PolyStyle>
        </Style>
        <ExtendedData>
          <SchemaData schemaUrl="#mthood.schema">
            <SimpleData name="grid_id">94</SimpleData>
            <SimpleData name="n_obs">373</SimpleData>
            <SimpleData name="cluster">8</SimpleData>
            <SimpleData name="cluster_ordered">3</SimpleData>
            <SimpleData name="top_species">14 Rubus parviflorus
13 Hydrophyllum tenuipes
11 Aquilegia formosa
11 Dicentra formosa
11 Geranium robertianum
11 Tellima grandiflora
9 Maianthemum racemosum
8 Symphoricarpos albus
7 Claytonia sibirica
7 Polypodium glycyrrhiza</SimpleData>
            <SimpleData name="standouts">2.07 Tellima grandiflora
2.00 Adiantum aleuticum
1.92 Geranium robertianum
1.90 Sedum spathulifolium
1.87 Heracleum maximum</SimpleData>
            <SimpleData name="OGR_STYLE">PEN(fc:#FF666666,w:2px);BRUSH(fc:#B3B3B3FF)</SimpleData>
          </SchemaData>
        </ExtendedData>
        <Polygon>
          <outerBoundaryIs>
            <LinearRing>
              <coordinates>
                -122.043542,45.55492,0
                -122.012975,45.60304,0
                -122.01598,45.611952,0
                -122.022361,45.627087,0
                -122.022553,45.627347,0
                -122.023003,45.627951,0
                -122.026117,45.628722,0
                -122.0387399,45.6173095,0
                -122.039117,45.615875,0
                -122.0588753,45.5991048,0
                -122.068062,45.590799,0
                -122.068093,45.59052,0
                -122.067186,45.59012,0
                -122.066618,45.589815,0
                -122.065413,45.589078,0
                -122.061342,45.566295,0
                -122.061005,45.545063,0
                -122.062882,45.542699,0
                -122.068267,45.538922,0
                -122.068597,45.53882,0
                -122.0729722,45.5466475,0
                -122.074238,45.535266,0
                -122.073303,45.533122,0
                -122.072089,45.532528,0
                -122.071381,45.532569,0
                -122.069739,45.533066,0
                -122.061011,45.536749,0
                -122.043542,45.55492,0
              </coordinates>
            </LinearRing>
          </outerBoundaryIs>
        </Polygon>
      </Placemark>
      <Placemark id="mthood.94">
        <name>Area95: 370 obs</name>
        <description>33 Eschscholzia californica
25 Ailanthus altissima
23 Aphelocoma californica
14 Mahonia aquifolium
12 Populus trichocarpa
11 Ardea herodias
11 Pandion haliaetus
10 Branta canadensis
10 Centaurea cyanus
10 Trifolium arvense

Cluster 7 standouts:
2.20 Haliaeetus leucocephalus
2.20 Pandion haliaetus
1.92 Turdus migratorius
1.88 Pseudacris regilla
1.82 Cathartes aura</description>
        <Style>
          <LineStyle>
            <width>2</width>
          </LineStyle>
          <PolyStyle>
            <color>ff94c4e5</color>
          </PolyStyle>
        </Style>
        <ExtendedData>
          <SchemaData schemaUrl="#mthood.schema">
            <SimpleData name="grid_id">95</SimpleData>
            <SimpleData name="n_obs">370</SimpleData>
            <SimpleData name="cluster">7</SimpleData>
            <SimpleData name="cluster_ordered">6</SimpleData>
            <SimpleData name="top_species">33 Eschscholzia californica
25 Ailanthus altissima
23 Aphelocoma californica
14 Mahonia aquifolium
12 Populus trichocarpa
11 Ardea herodias
11 Pandion haliaetus
10 Branta canadensis
10 Centaurea cyanus
10 Trifolium arvense</SimpleData>
            <SimpleData name="standouts">2.20 Haliaeetus leucocephalus
2.20 Pandion haliaetus
1.92 Turdus migratorius
1.88 Pseudacris regilla
1.82 Cathartes aura</SimpleData>
            <SimpleData name="OGR_STYLE">PEN(fc:#FF666666,w:2px);BRUSH(fc:#E5C494FF)</SimpleData>
          </SchemaData>
        </ExtendedData>
        <Polygon>
          <outerBoundaryIs>
            <LinearRing>
              <coordinates>
                -121.522508,45.714886,0
                -121.516838,45.708958,0
                -121.516533,45.708672,0
                -121.509549,45.704431,0
                -121.506947,45.703439,0
                -121.492276,45.703328,0
                -121.487489,45.703613,0
                -121.486992,45.705353,0
                -121.494705,45.728083,0
                -121.496951,45.733405,0
                -121.505904,45.732206,0
                -121.516074,45.729093,0
                -121.516331,45.729003,0
                -121.516717,45.728854,0
                -121.523095,45.716329,0
                -121.522508,45.714886,0
              </coordinates>
            </LinearRing>
          </outerBoundaryIs>
        </Polygon>
      </Placemark>
      <Placemark id="mthood.95">
        <name>Area96: 370 obs</name>
        <description>22 Fritillaria affinis
18 Dicentra formosa
16 Marah oregana
13 Cinclus mexicanus
10 Tellima grandiflora
9 Valeriana congesta
8 Petasites frigidus
8 Sedum oreganum
7 Aquilegia formosa
7 Occidryas colon

Cluster 8 standouts:
2.07 Tellima grandiflora
2.00 Adiantum aleuticum
1.92 Geranium robertianum
1.90 Sedum spathulifolium
1.87 Heracleum maximum</description>
        <Style>
          <LineStyle>
            <width>2</width>
          </LineStyle>
          <PolyStyle>
            <color>ffb3b3b3</color>
          </PolyStyle>
        </Style>
        <ExtendedData>
          <SchemaData schemaUrl="#mthood.schema">
            <SimpleData name="grid_id">96</SimpleData>
            <SimpleData name="n_obs">370</SimpleData>
            <SimpleData name="cluster">8</SimpleData>
            <SimpleData name="cluster_ordered">3</SimpleData>
            <SimpleData name="top_species">22 Fritillaria affinis
18 Dicentra formosa
16 Marah oregana
13 Cinclus mexicanus
10 Tellima grandiflora
9 Valeriana congesta
8 Petasites frigidus
8 Sedum oreganum
7 Aquilegia formosa
7 Occidryas colon</SimpleData>
            <SimpleData name="standouts">2.07 Tellima grandiflora
2.00 Adiantum aleuticum
1.92 Geranium robertianum
1.90 Sedum spathulifolium
1.87 Heracleum maximum</SimpleData>
            <SimpleData name="OGR_STYLE">PEN(fc:#FF666666,w:2px);BRUSH(fc:#B3B3B3FF)</SimpleData>
          </SchemaData>
        </ExtendedData>
        <Polygon>
          <outerBoundaryIs>
            <LinearRing>
              <coordinates>
                -121.912905,45.643727,0
                -121.918068,45.646865,0
                -121.927247,45.642714,0
                -121.927388,45.642358,0
                -121.928202,45.63676,0
                -121.9141861,45.6340051,0
                -121.9137724,45.6341022,0
                -121.913725,45.634202,0
                -121.912905,45.643727,0
              </coordinates>
            </LinearRing>
          </outerBoundaryIs>
        </Polygon>
      </Placemark>
      <Placemark id="mthood.96">
        <name>Area97: 348 obs</name>
        <description>27 Pulsatilla occidentalis
24 Erythranthe lewisii
20 Xerophyllum tenax
17 Erythronium montanum
16 Valeriana sitchensis
13 Calochortus subalpinus
13 Nothochelone nemorosa
11 Castilleja suksdorfii
11 Sorbus sitchensis
9 Aruncus dioicus

Cluster 5 standouts:
2.39 Calochortus subalpinus
2.33 Tsuga mertensiana
2.32 Sorbus sitchensis
2.22 Valeriana sitchensis
1.97 Lomatium martindalei</description>
        <Style>
          <LineStyle>
            <width>2</width>
          </LineStyle>
          <PolyStyle>
            <color>ff54d8a6</color>
          </PolyStyle>
        </Style>
        <ExtendedData>
          <SchemaData schemaUrl="#mthood.schema">
            <SimpleData name="grid_id">97</SimpleData>
            <SimpleData name="n_obs">348</SimpleData>
            <SimpleData name="cluster">5</SimpleData>
            <SimpleData name="cluster_ordered">1</SimpleData>
            <SimpleData name="top_species">27 Pulsatilla occidentalis
24 Erythranthe lewisii
20 Xerophyllum tenax
17 Erythronium montanum
16 Valeriana sitchensis
13 Calochortus subalpinus
13 Nothochelone nemorosa
11 Castilleja suksdorfii
11 Sorbus sitchensis
9 Aruncus dioicus</SimpleData>
            <SimpleData name="standouts">2.39 Calochortus subalpinus
2.33 Tsuga mertensiana
2.32 Sorbus sitchensis
2.22 Valeriana sitchensis
1.97 Lomatium martindalei</SimpleData>
            <SimpleData name="OGR_STYLE">PEN(fc:#FF666666,w:2px);BRUSH(fc:#A6D854FF)</SimpleData>
          </SchemaData>
        </ExtendedData>
        <Polygon>
          <outerBoundaryIs>
            <LinearRing>
              <coordinates>
                -121.7643632,45.342048,0
                -121.76863,45.336722,0
                -121.768476,45.33662,0
                -121.748843,45.334127,0
                -121.744014,45.341458,0
                -121.7421,45.35141,0
                -121.7472029,45.3549239,0
                -121.7643632,45.342048,0
              </coordinates>
            </LinearRing>
          </outerBoundaryIs>
        </Polygon>
      </Placemark>
      <Placemark id="mthood.97">
        <name>Area98: 476 obs</name>
        <description>29 Calochortus subalpinus
23 Calyptridium umbellatum
22 Luetkea pectinata
22 Penstemon davidsonii
21 Erythranthe lewisii
20 Koenigia davisiae
20 Pinus albicaulis
17 Pulsatilla occidentalis
16 Erigeron glacialis
16 Eucephalus ledophyllus

Cluster 5 standouts:
2.39 Calochortus subalpinus
2.33 Tsuga mertensiana
2.32 Sorbus sitchensis
2.22 Valeriana sitchensis
1.97 Lomatium martindalei</description>
        <Style>
          <LineStyle>
            <width>2</width>
          </LineStyle>
          <PolyStyle>
            <color>ff54d8a6</color>
          </PolyStyle>
        </Style>
        <ExtendedData>
          <SchemaData schemaUrl="#mthood.schema">
            <SimpleData name="grid_id">98</SimpleData>
            <SimpleData name="n_obs">476</SimpleData>
            <SimpleData name="cluster">5</SimpleData>
            <SimpleData name="cluster_ordered">1</SimpleData>
            <SimpleData name="top_species">29 Calochortus subalpinus
23 Calyptridium umbellatum
22 Luetkea pectinata
22 Penstemon davidsonii
21 Erythranthe lewisii
20 Koenigia davisiae
20 Pinus albicaulis
17 Pulsatilla occidentalis
16 Erigeron glacialis
16 Eucephalus ledophyllus</SimpleData>
            <SimpleData name="standouts">2.39 Calochortus subalpinus
2.33 Tsuga mertensiana
2.32 Sorbus sitchensis
2.22 Valeriana sitchensis
1.97 Lomatium martindalei</SimpleData>
            <SimpleData name="OGR_STYLE">PEN(fc:#FF666666,w:2px);BRUSH(fc:#A6D854FF)</SimpleData>
          </SchemaData>
        </ExtendedData>
        <Polygon>
          <outerBoundaryIs>
            <LinearRing>
              <coordinates>
                -121.681672,45.374992,0
                -121.704628,45.345588,0
                -121.708035,45.340217,0
                -121.708267,45.334587,0
                -121.708262,45.332317,0
                -121.708187,45.33083,0
                -121.707855,45.328045,0
                -121.706904,45.324216,0
                -121.705915,45.320726,0
                -121.705365,45.319302,0
                -121.704671,45.319482,0
                -121.6604,45.335055,0
                -121.6597296,45.3362441,0
                -121.659728,45.336647,0
                -121.659337,45.341946,0
                -121.649238,45.361466,0
                -121.6449706,45.3624205,0
                -121.637913,45.374938,0
                -121.661453,45.38212,0
                -121.668628,45.382131,0
                -121.670587,45.381445,0
                -121.681672,45.374992,0
              </coordinates>
            </LinearRing>
          </outerBoundaryIs>
        </Polygon>
      </Placemark>
      <Placemark id="mthood.98">
        <name>Area99: 366 obs</name>
        <description>13 Rubus spectabilis
12 Dicentra formosa
12 Trillium ovatum
11 Gaultheria shallon
11 Vaccinium parvifolium
10 Corydalis scouleri
9 Polystichum munitum
8 Maianthemum dilatatum
8 Prunella vulgaris
7 Adiantum aleuticum

Cluster 3 standouts:
2.10 Digitalis purpurea
1.98 Prunella vulgaris
1.96 Corydalis scouleri
1.88 Gaultheria shallon
1.83 Vaccinium parvifolium</description>
        <Style>
          <LineStyle>
            <width>2</width>
          </LineStyle>
          <PolyStyle>
            <color>ffcba08d</color>
          </PolyStyle>
        </Style>
        <ExtendedData>
          <SchemaData schemaUrl="#mthood.schema">
            <SimpleData name="grid_id">99</SimpleData>
            <SimpleData name="n_obs">366</SimpleData>
            <SimpleData name="cluster">3</SimpleData>
            <SimpleData name="cluster_ordered">4</SimpleData>
            <SimpleData name="top_species">13 Rubus spectabilis
12 Dicentra formosa
12 Trillium ovatum
11 Gaultheria shallon
11 Vaccinium parvifolium
10 Corydalis scouleri
9 Polystichum munitum
8 Maianthemum dilatatum
8 Prunella vulgaris
7 Adiantum aleuticum</SimpleData>
            <SimpleData name="standouts">2.10 Digitalis purpurea
1.98 Prunella vulgaris
1.96 Corydalis scouleri
1.88 Gaultheria shallon
1.83 Vaccinium parvifolium</SimpleData>
            <SimpleData name="OGR_STYLE">PEN(fc:#FF666666,w:2px);BRUSH(fc:#8DA0CBFF)</SimpleData>
          </SchemaData>
        </ExtendedData>
        <Polygon>
          <outerBoundaryIs>
            <LinearRing>
              <coordinates>
                -122.396728,45.84753,0
                -122.399675,45.843578,0
                -122.399654,45.723001,0
                -122.36414,45.728355,0
                -122.3577161,45.7321903,0
                -122.2980592,45.7785847,0
                -122.296845,45.780633,0
                -122.294645,45.785932,0
                -122.28736,45.804591,0
                -122.396728,45.84753,0
              </coordinates>
            </LinearRing>
          </outerBoundaryIs>
        </Polygon>
      </Placemark>
      <Placemark id="mthood.99">
        <name>Area100: 404 obs</name>
        <description>28 Chamaenerion angustifolium
26 Marah oregana
19 Geranium robertianum
16 Sedum spathulifolium
14 Tellima grandiflora
13 Toxicodendron diversilobum
12 Acer macrophyllum
12 Heracleum maximum
12 Ribes sanguineum
10 Holodiscus discolor

Cluster 8 standouts:
2.07 Tellima grandiflora
2.00 Adiantum aleuticum
1.92 Geranium robertianum
1.90 Sedum spathulifolium
1.87 Heracleum maximum</description>
        <Style>
          <LineStyle>
            <width>2</width>
          </LineStyle>
          <PolyStyle>
            <color>ffb3b3b3</color>
          </PolyStyle>
        </Style>
        <ExtendedData>
          <SchemaData schemaUrl="#mthood.schema">
            <SimpleData name="grid_id">100</SimpleData>
            <SimpleData name="n_obs">404</SimpleData>
            <SimpleData name="cluster">8</SimpleData>
            <SimpleData name="cluster_ordered">3</SimpleData>
            <SimpleData name="top_species">28 Chamaenerion angustifolium
26 Marah oregana
19 Geranium robertianum
16 Sedum spathulifolium
14 Tellima grandiflora
13 Toxicodendron diversilobum
12 Acer macrophyllum
12 Heracleum maximum
12 Ribes sanguineum
10 Holodiscus discolor</SimpleData>
            <SimpleData name="standouts">2.07 Tellima grandiflora
2.00 Adiantum aleuticum
1.92 Geranium robertianum
1.90 Sedum spathulifolium
1.87 Heracleum maximum</SimpleData>
            <SimpleData name="OGR_STYLE">PEN(fc:#FF666666,w:2px);BRUSH(fc:#B3B3B3FF)</SimpleData>
          </SchemaData>
        </ExtendedData>
        <Polygon>
          <outerBoundaryIs>
            <LinearRing>
              <coordinates>
                -122.115579,45.576578,0
                -122.115514,45.576909,0
                -122.115464,45.577308,0
                -122.115464,45.577362,0
                -122.115494,45.577463,0
                -122.115669,45.577805,0
                -122.1157,45.577812,0
                -122.115722,45.577805,0
                -122.1157439,45.5777897,0
                -122.115883,45.577613,0
                -122.116363,45.577264,0
                -122.116644,45.577117,0
                -122.116751,45.577084,0
                -122.1167568,45.5770843,0
                -122.116786,45.577064,0
                -122.116541,45.5768331,0
                -122.116516,45.576811,0
                -122.116294,45.576612,0
                -122.1162473,45.5765563,0
                -122.116005,45.576328,0
                -122.115818,45.576155,0
                -122.115776,45.57616,0
                -122.115579,45.576578,0
              </coordinates>
            </LinearRing>
          </outerBoundaryIs>
        </Polygon>
      </Placemark>
      <Placemark id="mthood.100">
        <name>Area101: 375 obs</name>
        <description>19 Sedum spathulifolium
17 Corydalis scouleri
16 Penstemon rupicola
13 Lomatium martindalei
12 Selaginella douglasii
11 Erythranthe alsinoides
10 Penstemon richardsonii
10 Sedum oreganum
9 Rubus spectabilis
9 Valeriana sitchensis

Cluster 8 standouts:
2.07 Tellima grandiflora
2.00 Adiantum aleuticum
1.92 Geranium robertianum
1.90 Sedum spathulifolium
1.87 Heracleum maximum</description>
        <Style>
          <LineStyle>
            <width>2</width>
          </LineStyle>
          <PolyStyle>
            <color>ffb3b3b3</color>
          </PolyStyle>
        </Style>
        <ExtendedData>
          <SchemaData schemaUrl="#mthood.schema">
            <SimpleData name="grid_id">101</SimpleData>
            <SimpleData name="n_obs">375</SimpleData>
            <SimpleData name="cluster">8</SimpleData>
            <SimpleData name="cluster_ordered">3</SimpleData>
            <SimpleData name="top_species">19 Sedum spathulifolium
17 Corydalis scouleri
16 Penstemon rupicola
13 Lomatium martindalei
12 Selaginella douglasii
11 Erythranthe alsinoides
10 Penstemon richardsonii
10 Sedum oreganum
9 Rubus spectabilis
9 Valeriana sitchensis</SimpleData>
            <SimpleData name="standouts">2.07 Tellima grandiflora
2.00 Adiantum aleuticum
1.92 Geranium robertianum
1.90 Sedum spathulifolium
1.87 Heracleum maximum</SimpleData>
            <SimpleData name="OGR_STYLE">PEN(fc:#FF666666,w:2px);BRUSH(fc:#B3B3B3FF)</SimpleData>
          </SchemaData>
        </ExtendedData>
        <Polygon>
          <outerBoundaryIs>
            <LinearRing>
              <coordinates>
                -121.986916,45.616791,0
                -121.990044,45.61584,0
                -121.9914777,45.6177024,0
                -121.994546,45.616833,0
                -121.995959,45.615367,0
                -121.996912,45.614162,0
                -121.99872,45.611218,0
                -121.998819,45.610895,0
                -121.964286,45.589906,0
                -121.953502,45.6165843,0
                -121.9531521,45.6242286,0
                -121.953682,45.626629,0
                -121.953873,45.627247,0
                -121.954208,45.628208,0
                -121.954283,45.628242,0
                -121.9590004,45.6269053,0
                -121.967288,45.623037,0
                -121.986916,45.616791,0
              </coordinates>
            </LinearRing>
          </outerBoundaryIs>
        </Polygon>
      </Placemark>
      <Placemark id="mthood.101">
        <name>Area102: 383 obs</name>
        <description>40 Euphagus cyanocephalus
36 Anas platyrhynchos
17 Pseudotsuga menziesii
12 Mahonia aquifolium
11 Tanacetum vulgare
9 Geranium robertianum
9 Lathyrus latifolius
8 Cinclus mexicanus
7 Aphelocoma californica
6 Cichorium intybus

Cluster 3 standouts:
2.10 Digitalis purpurea
1.98 Prunella vulgaris
1.96 Corydalis scouleri
1.88 Gaultheria shallon
1.83 Vaccinium parvifolium</description>
        <Style>
          <LineStyle>
            <width>2</width>
          </LineStyle>
          <PolyStyle>
            <color>ffcba08d</color>
          </PolyStyle>
        </Style>
        <ExtendedData>
          <SchemaData schemaUrl="#mthood.schema">
            <SimpleData name="grid_id">102</SimpleData>
            <SimpleData name="n_obs">383</SimpleData>
            <SimpleData name="cluster">3</SimpleData>
            <SimpleData name="cluster_ordered">4</SimpleData>
            <SimpleData name="top_species">40 Euphagus cyanocephalus
36 Anas platyrhynchos
17 Pseudotsuga menziesii
12 Mahonia aquifolium
11 Tanacetum vulgare
9 Geranium robertianum
9 Lathyrus latifolius
8 Cinclus mexicanus
7 Aphelocoma californica
6 Cichorium intybus</SimpleData>
            <SimpleData name="standouts">2.10 Digitalis purpurea
1.98 Prunella vulgaris
1.96 Corydalis scouleri
1.88 Gaultheria shallon
1.83 Vaccinium parvifolium</SimpleData>
            <SimpleData name="OGR_STYLE">PEN(fc:#FF666666,w:2px);BRUSH(fc:#8DA0CBFF)</SimpleData>
          </SchemaData>
        </ExtendedData>
        <Polygon>
          <outerBoundaryIs>
            <LinearRing>
              <coordinates>
                -121.991646,45.617921,0
                -121.990044,45.61584,0
                -121.986916,45.616791,0
                -121.967288,45.623037,0
                -121.954986,45.628779,0
                -121.954009,45.630069,0
                -121.95393,45.630219,0
                -121.953216,45.631978,0
                -121.952225,45.635845,0
                -121.951862,45.637437,0
                -121.952963,45.642464,0
                -121.959228,45.642938,0
                -121.980461,45.643406,0
                -121.992761,45.628012,0
                -121.991646,45.617921,0
              </coordinates>
            </LinearRing>
          </outerBoundaryIs>
        </Polygon>
      </Placemark>
      <Placemark id="mthood.102">
        <name>Area103: 373 obs</name>
        <description>27 Odocoileus hemionus
13 Geranium robertianum
11 Adiantum aleuticum
9 Digitalis purpurea
9 Gaultheria shallon
9 Petasites frigidus
8 Claytonia sibirica
7 Mergus merganser
7 Pseudacris regilla
7 Trillium ovatum

Cluster 3 standouts:
2.10 Digitalis purpurea
1.98 Prunella vulgaris
1.96 Corydalis scouleri
1.88 Gaultheria shallon
1.83 Vaccinium parvifolium</description>
        <Style>
          <LineStyle>
            <width>2</width>
          </LineStyle>
          <PolyStyle>
            <color>ffcba08d</color>
          </PolyStyle>
        </Style>
        <ExtendedData>
          <SchemaData schemaUrl="#mthood.schema">
            <SimpleData name="grid_id">103</SimpleData>
            <SimpleData name="n_obs">373</SimpleData>
            <SimpleData name="cluster">3</SimpleData>
            <SimpleData name="cluster_ordered">4</SimpleData>
            <SimpleData name="top_species">27 Odocoileus hemionus
13 Geranium robertianum
11 Adiantum aleuticum
9 Digitalis purpurea
9 Gaultheria shallon
9 Petasites frigidus
8 Claytonia sibirica
7 Mergus merganser
7 Pseudacris regilla
7 Trillium ovatum</SimpleData>
            <SimpleData name="standouts">2.10 Digitalis purpurea
1.98 Prunella vulgaris
1.96 Corydalis scouleri
1.88 Gaultheria shallon
1.83 Vaccinium parvifolium</SimpleData>
            <SimpleData name="OGR_STYLE">PEN(fc:#FF666666,w:2px);BRUSH(fc:#8DA0CBFF)</SimpleData>
          </SchemaData>
        </ExtendedData>
        <Polygon>
          <outerBoundaryIs>
            <LinearRing>
              <coordinates>
                -122.297212,45.526294,0
                -122.297339,45.526438,0
                -122.309517,45.538928,0
                -122.336975,45.527203,0
                -122.33988,45.524933,0
                -122.341654,45.516329,0
                -122.335556,45.507477,0
                -122.310687,45.483238,0
                -122.305297,45.489067,0
                -122.304239,45.490708,0
                -122.301125,45.495705,0
                -122.298692,45.501342,0
                -122.296837,45.518856,0
                -122.297212,45.526294,0
              </coordinates>
            </LinearRing>
          </outerBoundaryIs>
        </Polygon>
      </Placemark>
      <Placemark id="mthood.103">
        <name>Area104: 317 obs</name>
        <description>14 Physocarpus capitatus
13 Balsamorhiza careyana
9 Lilium columbianum
8 Ceanothus velutinus
8 Collomia grandiflora
8 Limenitis lorquini
8 Purshia tridentata
8 Senecio triangularis
7 Lilium washingtonianum
7 Lonicera involucrata

Cluster 2 standouts:
2.32 Calypso bulbosa
2.15 Corallorhiza maculata
2.05 Cornus nuttallii
1.84 Moehringia macrophylla
1.83 Lonicera ciliosa</description>
        <Style>
          <LineStyle>
            <width>2</width>
          </LineStyle>
          <PolyStyle>
            <color>ff628dfc</color>
          </PolyStyle>
        </Style>
        <ExtendedData>
          <SchemaData schemaUrl="#mthood.schema">
            <SimpleData name="grid_id">104</SimpleData>
            <SimpleData name="n_obs">317</SimpleData>
            <SimpleData name="cluster">2</SimpleData>
            <SimpleData name="cluster_ordered">5</SimpleData>
            <SimpleData name="top_species">14 Physocarpus capitatus
13 Balsamorhiza careyana
9 Lilium columbianum
8 Ceanothus velutinus
8 Collomia grandiflora
8 Limenitis lorquini
8 Purshia tridentata
8 Senecio triangularis
7 Lilium washingtonianum
7 Lonicera involucrata</SimpleData>
            <SimpleData name="standouts">2.32 Calypso bulbosa
2.15 Corallorhiza maculata
2.05 Cornus nuttallii
1.84 Moehringia macrophylla
1.83 Lonicera ciliosa</SimpleData>
            <SimpleData name="OGR_STYLE">PEN(fc:#FF666666,w:2px);BRUSH(fc:#FC8D62FF)</SimpleData>
          </SchemaData>
        </ExtendedData>
        <Polygon>
          <outerBoundaryIs>
            <LinearRing>
              <coordinates>
                -121.323365,44.502035,0
                -121.30067,44.519493,0
                -121.288256,44.5291,0
                -121.288231,44.532915,0
                -121.288247,44.535301,0
                -121.313995,44.582183,0
                -121.559387,44.673488,0
                -121.603425,44.612125,0
                -121.615412,44.58654,0
                -121.6179118,44.5774663,0
                -121.6249332,44.5406385,0
                -121.626412,44.527725,0
                -121.627317,44.505357,0
                -121.525826,44.502444,0
                -121.323365,44.502035,0
              </coordinates>
            </LinearRing>
          </outerBoundaryIs>
        </Polygon>
      </Placemark>
      <Placemark id="mthood.104">
        <name>Area105: 368 obs</name>
        <description>22 Cytisus scoparius
15 Luetkea pectinata
15 Xerophyllum tenax
12 Anaphalis margaritacea
12 Dicentra formosa
11 Erythranthe lewisii
9 Chamaenerion angustifolium
9 Gentiana calycosa
8 Castilleja parviflora
6 Nymphalis californica

Cluster 1 standouts:
2.42 Rhododendron macrophyllum
2.37 Cornus unalaschkensis
2.11 Oplopanax horridus
1.91 Lysichiton americanus
1.84 Tsuga heterophylla</description>
        <Style>
          <LineStyle>
            <width>2</width>
          </LineStyle>
          <PolyStyle>
            <color>ffa5c266</color>
          </PolyStyle>
        </Style>
        <ExtendedData>
          <SchemaData schemaUrl="#mthood.schema">
            <SimpleData name="grid_id">105</SimpleData>
            <SimpleData name="n_obs">368</SimpleData>
            <SimpleData name="cluster">1</SimpleData>
            <SimpleData name="cluster_ordered">2</SimpleData>
            <SimpleData name="top_species">22 Cytisus scoparius
15 Luetkea pectinata
15 Xerophyllum tenax
12 Anaphalis margaritacea
12 Dicentra formosa
11 Erythranthe lewisii
9 Chamaenerion angustifolium
9 Gentiana calycosa
8 Castilleja parviflora
6 Nymphalis californica</SimpleData>
            <SimpleData name="standouts">2.42 Rhododendron macrophyllum
2.37 Cornus unalaschkensis
2.11 Oplopanax horridus
1.91 Lysichiton americanus
1.84 Tsuga heterophylla</SimpleData>
            <SimpleData name="OGR_STYLE">PEN(fc:#FF666666,w:2px);BRUSH(fc:#66C2A5FF)</SimpleData>
          </SchemaData>
        </ExtendedData>
        <Polygon>
          <outerBoundaryIs>
            <LinearRing>
              <coordinates>
                -121.855957,44.65741,0
                -121.853502,44.655353,0
                -121.8485344,44.6533385,0
                -121.84285,44.652583,0
                -121.834762,44.650677,0
                -121.8209363,44.6421466,0
                -121.775375,44.62367,0
                -121.585945,44.661888,0
                -121.571077,44.819222,0
                -121.743428,44.888522,0
                -121.793249,44.898811,0
                -121.815246,44.898454,0
                -121.835188,44.893145,0
                -121.944345,44.856442,0
                -121.944405,44.856372,0
                -121.9776,44.812697,0
                -121.980911,44.795814,0
                -121.977814,44.788442,0
                -121.9727425,44.7829886,0
                -121.971622,44.782675,0
                -121.966812,44.78113,0
                -121.964333,44.779842,0
                -121.916543,44.744552,0
                -121.880216,44.714169,0
                -121.863815,44.679592,0
                -121.857235,44.6587843,0
                -121.855957,44.65741,0
              </coordinates>
            </LinearRing>
          </outerBoundaryIs>
        </Polygon>
      </Placemark>
      <Placemark id="mthood.105">
        <name>Area106: 375 obs</name>
        <description>31 Ericameria nauseosa
24 Lomatium nudicaule
22 Pandion haliaetus
21 Sceloporus occidentalis
11 Achillea millefolium
11 Fritillaria pudica
10 Erodium cicutarium
10 Purshia tridentata
9 Zonotrichia leucophrys
8 Ailanthus altissima

Cluster 7 standouts:
2.20 Haliaeetus leucocephalus
2.20 Pandion haliaetus
1.92 Turdus migratorius
1.88 Pseudacris regilla
1.82 Cathartes aura</description>
        <Style>
          <LineStyle>
            <width>2</width>
          </LineStyle>
          <PolyStyle>
            <color>ff94c4e5</color>
          </PolyStyle>
        </Style>
        <ExtendedData>
          <SchemaData schemaUrl="#mthood.schema">
            <SimpleData name="grid_id">106</SimpleData>
            <SimpleData name="n_obs">375</SimpleData>
            <SimpleData name="cluster">7</SimpleData>
            <SimpleData name="cluster_ordered">6</SimpleData>
            <SimpleData name="top_species">31 Ericameria nauseosa
24 Lomatium nudicaule
22 Pandion haliaetus
21 Sceloporus occidentalis
11 Achillea millefolium
11 Fritillaria pudica
10 Erodium cicutarium
10 Purshia tridentata
9 Zonotrichia leucophrys
8 Ailanthus altissima</SimpleData>
            <SimpleData name="standouts">2.20 Haliaeetus leucocephalus
2.20 Pandion haliaetus
1.92 Turdus migratorius
1.88 Pseudacris regilla
1.82 Cathartes aura</SimpleData>
            <SimpleData name="OGR_STYLE">PEN(fc:#FF666666,w:2px);BRUSH(fc:#E5C494FF)</SimpleData>
          </SchemaData>
        </ExtendedData>
        <Polygon>
          <outerBoundaryIs>
            <LinearRing>
              <coordinates>
                -121.285392,44.632512,0
                -121.281194,44.598976,0
                -121.276559,44.599516,0
                -121.2738834,44.6011267,0
                -121.236595,44.673122,0
                -121.19587,44.720013,0
                -121.086054,44.77439,0
                -121.003469,44.766013,0
                -121.0014277,44.7651469,0
                -120.960129,44.790009,0
                -120.962133,45.172329,0
                -121.063497,45.179917,0
                -121.065793,45.179468,0
                -121.081392,45.175486,0
                -121.096405,45.16972,0
                -121.124969,45.143111,0
                -121.293701,44.776733,0
                -121.285392,44.632512,0
              </coordinates>
            </LinearRing>
          </outerBoundaryIs>
        </Polygon>
      </Placemark>
      <Placemark id="mthood.106">
        <name>Area107: 372 obs</name>
        <description>21 Quercus garryana
19 Lomatium nudicaule
19 Marah oregana
17 Eriogonum compositum
17 Lomatium papilioniferum
17 Triteleia grandiflora
16 Trifolium macrocephalum
15 Acer macrophyllum
15 Erodium cicutarium
15 Hydrophyllum capitatum

Cluster 6 standouts:
2.06 Lomatium nudicaule
2.00 Castilleja hispida
1.93 Erythronium grandiflorum
1.93 Lomatium triternatum
1.81 Hydrophyllum capitatum</description>
        <Style>
          <LineStyle>
            <width>2</width>
          </LineStyle>
          <PolyStyle>
            <color>ff2fd9ff</color>
          </PolyStyle>
        </Style>
        <ExtendedData>
          <SchemaData schemaUrl="#mthood.schema">
            <SimpleData name="grid_id">107</SimpleData>
            <SimpleData name="n_obs">372</SimpleData>
            <SimpleData name="cluster">6</SimpleData>
            <SimpleData name="cluster_ordered">7</SimpleData>
            <SimpleData name="top_species">21 Quercus garryana
19 Lomatium nudicaule
19 Marah oregana
17 Eriogonum compositum
17 Lomatium papilioniferum
17 Triteleia grandiflora
16 Trifolium macrocephalum
15 Acer macrophyllum
15 Erodium cicutarium
15 Hydrophyllum capitatum</SimpleData>
            <SimpleData name="standouts">2.06 Lomatium nudicaule
2.00 Castilleja hispida
1.93 Erythronium grandiflorum
1.93 Lomatium triternatum
1.81 Hydrophyllum capitatum</SimpleData>
            <SimpleData name="OGR_STYLE">PEN(fc:#FF666666,w:2px);BRUSH(fc:#FFD92FFF)</SimpleData>
          </SchemaData>
        </ExtendedData>
        <Polygon>
          <outerBoundaryIs>
            <LinearRing>
              <coordinates>
                -121.0558751,45.6736168,0
                -121.075906,45.680917,0
                -121.085678,45.682307,0
                -121.088287,45.680206,0
                -121.088644,45.678979,0
                -121.088669,45.678855,0
                -121.093644,45.651403,0
                -121.073403,45.615187,0
                -120.958461,45.636042,0
                -120.957086,45.637059,0
                -120.957987,45.637942,0
                -120.9727775,45.6433323,0
                -120.97984,45.640401,0
                -121.01288,45.64667,0
                -121.0558751,45.6736168,0
              </coordinates>
            </LinearRing>
          </outerBoundaryIs>
        </Polygon>
      </Placemark>
      <Placemark id="mthood.107">
        <name>Area108: 369 obs</name>
        <description>25 Geranium robertianum
23 Ribes sanguineum
21 Claytonia sibirica
21 Dicentra formosa
17 Acer macrophyllum
16 Rubus parviflorus
14 Tellima grandiflora
12 Thuja plicata
11 Aquilegia formosa
10 Junco hyemalis

Cluster 8 standouts:
2.07 Tellima grandiflora
2.00 Adiantum aleuticum
1.92 Geranium robertianum
1.90 Sedum spathulifolium
1.87 Heracleum maximum</description>
        <Style>
          <LineStyle>
            <width>2</width>
          </LineStyle>
          <PolyStyle>
            <color>ffb3b3b3</color>
          </PolyStyle>
        </Style>
        <ExtendedData>
          <SchemaData schemaUrl="#mthood.schema">
            <SimpleData name="grid_id">108</SimpleData>
            <SimpleData name="n_obs">369</SimpleData>
            <SimpleData name="cluster">8</SimpleData>
            <SimpleData name="cluster_ordered">3</SimpleData>
            <SimpleData name="top_species">25 Geranium robertianum
23 Ribes sanguineum
21 Claytonia sibirica
21 Dicentra formosa
17 Acer macrophyllum
16 Rubus parviflorus
14 Tellima grandiflora
12 Thuja plicata
11 Aquilegia formosa
10 Junco hyemalis</SimpleData>
            <SimpleData name="standouts">2.07 Tellima grandiflora
2.00 Adiantum aleuticum
1.92 Geranium robertianum
1.90 Sedum spathulifolium
1.87 Heracleum maximum</SimpleData>
            <SimpleData name="OGR_STYLE">PEN(fc:#FF666666,w:2px);BRUSH(fc:#B3B3B3FF)</SimpleData>
          </SchemaData>
        </ExtendedData>
        <Polygon>
          <outerBoundaryIs>
            <LinearRing>
              <coordinates>
                -122.11684,45.577102,0
                -122.116805,45.577087,0
                -122.116751,45.577084,0
                -122.116644,45.577117,0
                -122.116363,45.577264,0
                -122.115883,45.577613,0
                -122.115691,45.577857,0
                -122.115755,45.57843,0
                -122.11664,45.578958,0
                -122.117108,45.578928,0
                -122.117225,45.578833,0
                -122.117386,45.577633,0
                -122.117393,45.577568,0
                -122.117391,45.577556,0
                -122.117379,45.577511,0
                -122.117045,45.577254,0
                -122.11684,45.577102,0
              </coordinates>
            </LinearRing>
          </outerBoundaryIs>
        </Polygon>
      </Placemark>
      <Placemark id="mthood.108">
        <name>Area109: 168 obs</name>
        <description>18 Centaurea cyanus
17 Fritillaria pudica
14 Olsynium douglasii
12 Eriogonum compositum
10 Triteleia grandiflora
9 Lomatium columbianum
8 Marah oregana
7 Achillea millefolium
5 Lomatium triternatum
4 Castilleja hispida

Cluster 6 standouts:
2.06 Lomatium nudicaule
2.00 Castilleja hispida
1.93 Erythronium grandiflorum
1.93 Lomatium triternatum
1.81 Hydrophyllum capitatum</description>
        <Style>
          <LineStyle>
            <width>2</width>
          </LineStyle>
          <PolyStyle>
            <color>ff2fd9ff</color>
          </PolyStyle>
        </Style>
        <ExtendedData>
          <SchemaData schemaUrl="#mthood.schema">
            <SimpleData name="grid_id">109</SimpleData>
            <SimpleData name="n_obs">168</SimpleData>
            <SimpleData name="cluster">6</SimpleData>
            <SimpleData name="cluster_ordered">7</SimpleData>
            <SimpleData name="top_species">18 Centaurea cyanus
17 Fritillaria pudica
14 Olsynium douglasii
12 Eriogonum compositum
10 Triteleia grandiflora
9 Lomatium columbianum
8 Marah oregana
7 Achillea millefolium
5 Lomatium triternatum
4 Castilleja hispida</SimpleData>
            <SimpleData name="standouts">2.06 Lomatium nudicaule
2.00 Castilleja hispida
1.93 Erythronium grandiflorum
1.93 Lomatium triternatum
1.81 Hydrophyllum capitatum</SimpleData>
            <SimpleData name="OGR_STYLE">PEN(fc:#FF666666,w:2px);BRUSH(fc:#FFD92FFF)</SimpleData>
          </SchemaData>
        </ExtendedData>
        <Polygon>
          <outerBoundaryIs>
            <LinearRing>
              <coordinates>
                -121.302527,45.684162,0
                -121.3028002,45.6838725,0
                -121.3001337,45.6805477,0
                -121.300028,45.680733,0
                -121.299999,45.681242,0
                -121.300408,45.682688,0
                -121.301147,45.684055,0
                -121.302495,45.684177,0
                -121.302527,45.684162,0
              </coordinates>
            </LinearRing>
          </outerBoundaryIs>
        </Polygon>
      </Placemark>
      <Placemark id="mthood.109">
        <name>Area110: 370 obs</name>
        <description>16 Toxicodendron diversilobum
14 Lathyrus latifolius
11 Rubus parviflorus
10 Acer macrophyllum
10 Pandion haliaetus
10 Synthyris reniformis
9 Acer circinatum
9 Mahonia nervosa
8 Cichorium intybus
8 Mahonia aquifolium

Cluster 3 standouts:
2.10 Digitalis purpurea
1.98 Prunella vulgaris
1.96 Corydalis scouleri
1.88 Gaultheria shallon
1.83 Vaccinium parvifolium</description>
        <Style>
          <LineStyle>
            <width>2</width>
          </LineStyle>
          <PolyStyle>
            <color>ffcba08d</color>
          </PolyStyle>
        </Style>
        <ExtendedData>
          <SchemaData schemaUrl="#mthood.schema">
            <SimpleData name="grid_id">110</SimpleData>
            <SimpleData name="n_obs">370</SimpleData>
            <SimpleData name="cluster">3</SimpleData>
            <SimpleData name="cluster_ordered">4</SimpleData>
            <SimpleData name="top_species">16 Toxicodendron diversilobum
14 Lathyrus latifolius
11 Rubus parviflorus
10 Acer macrophyllum
10 Pandion haliaetus
10 Synthyris reniformis
9 Acer circinatum
9 Mahonia nervosa
8 Cichorium intybus
8 Mahonia aquifolium</SimpleData>
            <SimpleData name="standouts">2.10 Digitalis purpurea
1.98 Prunella vulgaris
1.96 Corydalis scouleri
1.88 Gaultheria shallon
1.83 Vaccinium parvifolium</SimpleData>
            <SimpleData name="OGR_STYLE">PEN(fc:#FF666666,w:2px);BRUSH(fc:#8DA0CBFF)</SimpleData>
          </SchemaData>
        </ExtendedData>
        <Polygon>
          <outerBoundaryIs>
            <LinearRing>
              <coordinates>
                -121.89729,45.670473,0
                -121.890623,45.689774,0
                -121.890714,45.690416,0
                -121.893226,45.692244,0
                -121.950972,45.71003,0
                -121.979188,45.667429,0
                -121.986192,45.654404,0
                -121.982297,45.651519,0
                -121.958725,45.64355,0
                -121.951496,45.64303,0
                -121.946458,45.642919,0
                -121.940637,45.644284,0
                -121.912506,45.655102,0
                -121.91173,45.655553,0
                -121.89729,45.670473,0
              </coordinates>
            </LinearRing>
          </outerBoundaryIs>
        </Polygon>
      </Placemark>
      <Placemark id="mthood.110">
        <name>Area111: 824 obs</name>
        <description>83 Lomatium columbianum
42 Triteleia grandiflora
38 Hydrophyllum capitatum
37 Olsynium douglasii
30 Fritillaria pudica
29 Delphinium nuttallianum
28 Castilleja hispida
27 Lomatium macrocarpum
25 Fritillaria affinis
22 Centaurea cyanus

Cluster 6 standouts:
2.06 Lomatium nudicaule
2.00 Castilleja hispida
1.93 Erythronium grandiflorum
1.93 Lomatium triternatum
1.81 Hydrophyllum capitatum</description>
        <Style>
          <LineStyle>
            <width>2</width>
          </LineStyle>
          <PolyStyle>
            <color>ff2fd9ff</color>
          </PolyStyle>
        </Style>
        <ExtendedData>
          <SchemaData schemaUrl="#mthood.schema">
            <SimpleData name="grid_id">111</SimpleData>
            <SimpleData name="n_obs">824</SimpleData>
            <SimpleData name="cluster">6</SimpleData>
            <SimpleData name="cluster_ordered">7</SimpleData>
            <SimpleData name="top_species">83 Lomatium columbianum
42 Triteleia grandiflora
38 Hydrophyllum capitatum
37 Olsynium douglasii
30 Fritillaria pudica
29 Delphinium nuttallianum
28 Castilleja hispida
27 Lomatium macrocarpum
25 Fritillaria affinis
22 Centaurea cyanus</SimpleData>
            <SimpleData name="standouts">2.06 Lomatium nudicaule
2.00 Castilleja hispida
1.93 Erythronium grandiflorum
1.93 Lomatium triternatum
1.81 Hydrophyllum capitatum</SimpleData>
            <SimpleData name="OGR_STYLE">PEN(fc:#FF666666,w:2px);BRUSH(fc:#FFD92FFF)</SimpleData>
          </SchemaData>
        </ExtendedData>
        <Polygon>
          <outerBoundaryIs>
            <LinearRing>
              <coordinates>
                -121.299534,45.6798,0
                -121.30303,45.684159,0
                -121.303525,45.684477,0
                -121.305881,45.685433,0
                -121.309333,45.68138,0
                -121.309175,45.678677,0
                -121.30916,45.678572,0
                -121.308578,45.676111,0
                -121.304383,45.670812,0
                -121.303955,45.670663,0
                -121.303319,45.670471,0
                -121.303042,45.670395,0
                -121.302532,45.671425,0
                -121.299645,45.679163,0
                -121.299534,45.6798,0
              </coordinates>
            </LinearRing>
          </outerBoundaryIs>
        </Polygon>
      </Placemark>
      <Placemark id="mthood.111">
        <name>Area112: 370 obs</name>
        <description>15 Rubus parviflorus
11 Lomatium martindalei
10 Dicentra formosa
10 Pseudotsuga menziesii
8 Aquilegia formosa
7 Mahonia nervosa
7 Maianthemum racemosum
7 Rubus spectabilis
7 Sedum spathulifolium
6 Calochortus subalpinus

Cluster 8 standouts:
2.07 Tellima grandiflora
2.00 Adiantum aleuticum
1.92 Geranium robertianum
1.90 Sedum spathulifolium
1.87 Heracleum maximum</description>
        <Style>
          <LineStyle>
            <width>2</width>
          </LineStyle>
          <PolyStyle>
            <color>ffb3b3b3</color>
          </PolyStyle>
        </Style>
        <ExtendedData>
          <SchemaData schemaUrl="#mthood.schema">
            <SimpleData name="grid_id">112</SimpleData>
            <SimpleData name="n_obs">370</SimpleData>
            <SimpleData name="cluster">8</SimpleData>
            <SimpleData name="cluster_ordered">3</SimpleData>
            <SimpleData name="top_species">15 Rubus parviflorus
11 Lomatium martindalei
10 Dicentra formosa
10 Pseudotsuga menziesii
8 Aquilegia formosa
7 Mahonia nervosa
7 Maianthemum racemosum
7 Rubus spectabilis
7 Sedum spathulifolium
6 Calochortus subalpinus</SimpleData>
            <SimpleData name="standouts">2.07 Tellima grandiflora
2.00 Adiantum aleuticum
1.92 Geranium robertianum
1.90 Sedum spathulifolium
1.87 Heracleum maximum</SimpleData>
            <SimpleData name="OGR_STYLE">PEN(fc:#FF666666,w:2px);BRUSH(fc:#B3B3B3FF)</SimpleData>
          </SchemaData>
        </ExtendedData>
        <Polygon>
          <outerBoundaryIs>
            <LinearRing>
              <coordinates>
                -122.03128,45.642075,0
                -122.031219,45.642075,0
                -122.026913,45.642867,0
                -122.007775,45.64872,0
                -122.005997,45.649528,0
                -122.0057,45.64975,0
                -121.978455,45.672047,0
                -121.9672,45.708578,0
                -121.968094,45.714397,0
                -121.970459,45.716843,0
                -122.02703,45.735583,0
                -122.044973,45.734722,0
                -122.081459,45.683207,0
                -122.088583,45.671638,0
                -122.078261,45.653887,0
                -122.03128,45.642075,0
              </coordinates>
            </LinearRing>
          </outerBoundaryIs>
        </Polygon>
      </Placemark>
      <Placemark id="mthood.112">
        <name>Area113: 373 obs</name>
        <description>17 Xerophyllum tenax
14 Occidryas colon
11 Penstemon cardwellii
10 Tsuga heterophylla
9 Gentiana calycosa
9 Ochotona princeps
8 Lomatium martindalei
7 Aquilegia formosa
7 Calochortus subalpinus
7 Gaultheria shallon

Cluster 1 standouts:
2.42 Rhododendron macrophyllum
2.37 Cornus unalaschkensis
2.11 Oplopanax horridus
1.91 Lysichiton americanus
1.84 Tsuga heterophylla</description>
        <Style>
          <LineStyle>
            <width>2</width>
          </LineStyle>
          <PolyStyle>
            <color>ffa5c266</color>
          </PolyStyle>
        </Style>
        <ExtendedData>
          <SchemaData schemaUrl="#mthood.schema">
            <SimpleData name="grid_id">113</SimpleData>
            <SimpleData name="n_obs">373</SimpleData>
            <SimpleData name="cluster">1</SimpleData>
            <SimpleData name="cluster_ordered">2</SimpleData>
            <SimpleData name="top_species">17 Xerophyllum tenax
14 Occidryas colon
11 Penstemon cardwellii
10 Tsuga heterophylla
9 Gentiana calycosa
9 Ochotona princeps
8 Lomatium martindalei
7 Aquilegia formosa
7 Calochortus subalpinus
7 Gaultheria shallon</SimpleData>
            <SimpleData name="standouts">2.42 Rhododendron macrophyllum
2.37 Cornus unalaschkensis
2.11 Oplopanax horridus
1.91 Lysichiton americanus
1.84 Tsuga heterophylla</SimpleData>
            <SimpleData name="OGR_STYLE">PEN(fc:#FF666666,w:2px);BRUSH(fc:#66C2A5FF)</SimpleData>
          </SchemaData>
        </ExtendedData>
        <Polygon>
          <outerBoundaryIs>
            <LinearRing>
              <coordinates>
                -122.254427,45.733598,0
                -122.254467,45.732979,0
                -122.254395,45.731338,0
                -122.239806,45.663545,0
                -122.16909,45.652381,0
                -122.08873,45.691647,0
                -122.049116,45.732271,0
                -122.043435,45.740309,0
                -122.032722,45.765822,0
                -122.034744,45.80133,0
                -122.042053,45.842495,0
                -122.106003,45.847955,0
                -122.142464,45.843995,0
                -122.194901,45.824871,0
                -122.2191839,45.7878177,0
                -122.221222,45.778194,0
                -122.238324,45.748138,0
                -122.239113,45.746947,0
                -122.23922,45.746842,0
                -122.242681,45.74502,0
                -122.2468375,45.7456211,0
                -122.25415,45.734463,0
                -122.254342,45.734092,0
                -122.254403,45.73377,0
                -122.254427,45.733598,0
              </coordinates>
            </LinearRing>
          </outerBoundaryIs>
        </Polygon>
      </Placemark>
      <Placemark id="mthood.113">
        <name>Area114: 412 obs</name>
        <description>15 Rubus parviflorus
14 Maianthemum racemosum
13 Chamaenerion angustifolium
12 Aquilegia formosa
12 Holodiscus discolor
10 Delphinium trolliifolium
9 Ariolimax columbianus
9 Lilium columbianum
9 Physocarpus capitatus
8 Geranium robertianum

Cluster 8 standouts:
2.07 Tellima grandiflora
2.00 Adiantum aleuticum
1.92 Geranium robertianum
1.90 Sedum spathulifolium
1.87 Heracleum maximum</description>
        <Style>
          <LineStyle>
            <width>2</width>
          </LineStyle>
          <PolyStyle>
            <color>ffb3b3b3</color>
          </PolyStyle>
        </Style>
        <ExtendedData>
          <SchemaData schemaUrl="#mthood.schema">
            <SimpleData name="grid_id">114</SimpleData>
            <SimpleData name="n_obs">412</SimpleData>
            <SimpleData name="cluster">8</SimpleData>
            <SimpleData name="cluster_ordered">3</SimpleData>
            <SimpleData name="top_species">15 Rubus parviflorus
14 Maianthemum racemosum
13 Chamaenerion angustifolium
12 Aquilegia formosa
12 Holodiscus discolor
10 Delphinium trolliifolium
9 Ariolimax columbianus
9 Lilium columbianum
9 Physocarpus capitatus
8 Geranium robertianum</SimpleData>
            <SimpleData name="standouts">2.07 Tellima grandiflora
2.00 Adiantum aleuticum
1.92 Geranium robertianum
1.90 Sedum spathulifolium
1.87 Heracleum maximum</SimpleData>
            <SimpleData name="OGR_STYLE">PEN(fc:#FF666666,w:2px);BRUSH(fc:#B3B3B3FF)</SimpleData>
          </SchemaData>
        </ExtendedData>
        <Polygon>
          <outerBoundaryIs>
            <LinearRing>
              <coordinates>
                -122.128953,45.5783,0
                -122.157617,45.574739,0
                -122.157765,45.573901,0
                -122.157802,45.572523,0
                -122.155122,45.552445,0
                -122.1435156,45.5536323,0
                -122.1280439,45.5744146,0
                -122.128033,45.575276,0
                -122.128089,45.575756,0
                -122.128491,45.577137,0
                -122.128953,45.5783,0
              </coordinates>
            </LinearRing>
          </outerBoundaryIs>
        </Polygon>
      </Placemark>
      <Placemark id="mthood.114">
        <name>Area115: 373 obs</name>
        <description>22 Aquilegia formosa
13 Geranium robertianum
11 Lilium columbianum
10 Adiantum aleuticum
10 Pseudotsuga menziesii
8 Mahonia nervosa
7 Anemone oregana
7 Ariolimax columbianus
7 Cornus nuttallii
7 Cornus unalaschkensis

Cluster 8 standouts:
2.07 Tellima grandiflora
2.00 Adiantum aleuticum
1.92 Geranium robertianum
1.90 Sedum spathulifolium
1.87 Heracleum maximum</description>
        <Style>
          <LineStyle>
            <width>2</width>
          </LineStyle>
          <PolyStyle>
            <color>ffb3b3b3</color>
          </PolyStyle>
        </Style>
        <ExtendedData>
          <SchemaData schemaUrl="#mthood.schema">
            <SimpleData name="grid_id">115</SimpleData>
            <SimpleData name="n_obs">373</SimpleData>
            <SimpleData name="cluster">8</SimpleData>
            <SimpleData name="cluster_ordered">3</SimpleData>
            <SimpleData name="top_species">22 Aquilegia formosa
13 Geranium robertianum
11 Lilium columbianum
10 Adiantum aleuticum
10 Pseudotsuga menziesii
8 Mahonia nervosa
7 Anemone oregana
7 Ariolimax columbianus
7 Cornus nuttallii
7 Cornus unalaschkensis</SimpleData>
            <SimpleData name="standouts">2.07 Tellima grandiflora
2.00 Adiantum aleuticum
1.92 Geranium robertianum
1.90 Sedum spathulifolium
1.87 Heracleum maximum</SimpleData>
            <SimpleData name="OGR_STYLE">PEN(fc:#FF666666,w:2px);BRUSH(fc:#B3B3B3FF)</SimpleData>
          </SchemaData>
        </ExtendedData>
        <Polygon>
          <outerBoundaryIs>
            <LinearRing>
              <coordinates>
                -121.869971,45.681401,0
                -121.890886,45.673284,0
                -121.89402,45.670587,0
                -121.894246,45.669976,0
                -121.894092,45.669756,0
                -121.89318,45.668528,0
                -121.892049,45.667044,0
                -121.886483,45.659867,0
                -121.881997,45.658322,0
                -121.879139,45.657675,0
                -121.867589,45.656948,0
                -121.867063,45.657025,0
                -121.866645,45.657087,0
                -121.86169,45.667897,0
                -121.861711,45.66815,0
                -121.868142,45.679527,0
                -121.869971,45.681401,0
              </coordinates>
            </LinearRing>
          </outerBoundaryIs>
        </Polygon>
      </Placemark>
      <Placemark id="mthood.115">
        <name>Area116: 369 obs</name>
        <description>17 Calochortus subalpinus
17 Xerophyllum tenax
15 Erigeron glacialis
14 Spiraea splendens
13 Erythronium montanum
12 Aquilegia formosa
12 Gentiana calycosa
10 Lilium columbianum
10 Lomatium martindalei
9 Eriophyllum lanatum

Cluster 1 standouts:
2.42 Rhododendron macrophyllum
2.37 Cornus unalaschkensis
2.11 Oplopanax horridus
1.91 Lysichiton americanus
1.84 Tsuga heterophylla</description>
        <Style>
          <LineStyle>
            <width>2</width>
          </LineStyle>
          <PolyStyle>
            <color>ffa5c266</color>
          </PolyStyle>
        </Style>
        <ExtendedData>
          <SchemaData schemaUrl="#mthood.schema">
            <SimpleData name="grid_id">116</SimpleData>
            <SimpleData name="n_obs">369</SimpleData>
            <SimpleData name="cluster">1</SimpleData>
            <SimpleData name="cluster_ordered">2</SimpleData>
            <SimpleData name="top_species">17 Calochortus subalpinus
17 Xerophyllum tenax
15 Erigeron glacialis
14 Spiraea splendens
13 Erythronium montanum
12 Aquilegia formosa
12 Gentiana calycosa
10 Lilium columbianum
10 Lomatium martindalei
9 Eriophyllum lanatum</SimpleData>
            <SimpleData name="standouts">2.42 Rhododendron macrophyllum
2.37 Cornus unalaschkensis
2.11 Oplopanax horridus
1.91 Lysichiton americanus
1.84 Tsuga heterophylla</SimpleData>
            <SimpleData name="OGR_STYLE">PEN(fc:#FF666666,w:2px);BRUSH(fc:#66C2A5FF)</SimpleData>
          </SchemaData>
        </ExtendedData>
        <Polygon>
          <outerBoundaryIs>
            <LinearRing>
              <coordinates>
                -122.21034,45.829578,0
                -122.210369,45.83008,0
                -122.213233,45.831153,0
                -122.276151,45.818636,0
                -122.277983,45.81725,0
                -122.272208,45.78667,0
                -122.25325,45.746595,0
                -122.253005,45.746513,0
                -122.242681,45.74502,0
                -122.23922,45.746842,0
                -122.239113,45.746947,0
                -122.238324,45.748138,0
                -122.221222,45.778194,0
                -122.21034,45.829578,0
              </coordinates>
            </LinearRing>
          </outerBoundaryIs>
        </Polygon>
      </Placemark>
      <Placemark id="mthood.116">
        <name>Area117: 369 obs</name>
        <description>20 Phlox diffusa
19 Dicentra cucullaria
18 Fritillaria affinis
14 Sedum spathulifolium
13 Trillium ovatum
12 Hydrophyllum capitatum
12 Senecio integerrimus
11 Penstemon rupicola
9 Heracleum maximum
9 Lithophragma parviflorum

Cluster 2 standouts:
2.32 Calypso bulbosa
2.15 Corallorhiza maculata
2.05 Cornus nuttallii
1.84 Moehringia macrophylla
1.83 Lonicera ciliosa</description>
        <Style>
          <LineStyle>
            <width>2</width>
          </LineStyle>
          <PolyStyle>
            <color>ff628dfc</color>
          </PolyStyle>
        </Style>
        <ExtendedData>
          <SchemaData schemaUrl="#mthood.schema">
            <SimpleData name="grid_id">117</SimpleData>
            <SimpleData name="n_obs">369</SimpleData>
            <SimpleData name="cluster">2</SimpleData>
            <SimpleData name="cluster_ordered">5</SimpleData>
            <SimpleData name="top_species">20 Phlox diffusa
19 Dicentra cucullaria
18 Fritillaria affinis
14 Sedum spathulifolium
13 Trillium ovatum
12 Hydrophyllum capitatum
12 Senecio integerrimus
11 Penstemon rupicola
9 Heracleum maximum
9 Lithophragma parviflorum</SimpleData>
            <SimpleData name="standouts">2.32 Calypso bulbosa
2.15 Corallorhiza maculata
2.05 Cornus nuttallii
1.84 Moehringia macrophylla
1.83 Lonicera ciliosa</SimpleData>
            <SimpleData name="OGR_STYLE">PEN(fc:#FF666666,w:2px);BRUSH(fc:#FC8D62FF)</SimpleData>
          </SchemaData>
        </ExtendedData>
        <Polygon>
          <outerBoundaryIs>
            <LinearRing>
              <coordinates>
                -121.703694,45.7184,0
                -121.703736,45.718364,0
                -121.70454,45.713517,0
                -121.704545,45.713112,0
                -121.704392,45.712537,0
                -121.703728,45.71135,0
                -121.701325,45.707767,0
                -121.701223,45.707788,0
                -121.695292,45.715048,0
                -121.700165,45.717469,0
                -121.703694,45.7184,0
              </coordinates>
            </LinearRing>
          </outerBoundaryIs>
        </Polygon>
      </Placemark>
      <Placemark id="mthood.117">
        <name>Area118: 469 obs</name>
        <description>34 Anas platyrhynchos
33 Taricha granulosa
23 Lysichiton americanus
22 Trillium ovatum
19 Aquilegia formosa
16 Heracleum maximum
15 Chamaenerion angustifolium
15 Rubus parviflorus
14 Spiraea douglasii
12 Cornus unalaschkensis

Cluster 1 standouts:
2.42 Rhododendron macrophyllum
2.37 Cornus unalaschkensis
2.11 Oplopanax horridus
1.91 Lysichiton americanus
1.84 Tsuga heterophylla</description>
        <Style>
          <LineStyle>
            <width>2</width>
          </LineStyle>
          <PolyStyle>
            <color>ffa5c266</color>
          </PolyStyle>
        </Style>
        <ExtendedData>
          <SchemaData schemaUrl="#mthood.schema">
            <SimpleData name="grid_id">118</SimpleData>
            <SimpleData name="n_obs">469</SimpleData>
            <SimpleData name="cluster">1</SimpleData>
            <SimpleData name="cluster_ordered">2</SimpleData>
            <SimpleData name="top_species">34 Anas platyrhynchos
33 Taricha granulosa
23 Lysichiton americanus
22 Trillium ovatum
19 Aquilegia formosa
16 Heracleum maximum
15 Chamaenerion angustifolium
15 Rubus parviflorus
14 Spiraea douglasii
12 Cornus unalaschkensis</SimpleData>
            <SimpleData name="standouts">2.42 Rhododendron macrophyllum
2.37 Cornus unalaschkensis
2.11 Oplopanax horridus
1.91 Lysichiton americanus
1.84 Tsuga heterophylla</SimpleData>
            <SimpleData name="OGR_STYLE">PEN(fc:#FF666666,w:2px);BRUSH(fc:#66C2A5FF)</SimpleData>
          </SchemaData>
        </ExtendedData>
        <Polygon>
          <outerBoundaryIs>
            <LinearRing>
              <coordinates>
                -121.745332,45.269125,0
                -121.743422,45.266947,0
                -121.741669,45.26651,0
                -121.741345,45.266447,0
                -121.74122,45.266555,0
                -121.738548,45.271051,0
                -121.739886,45.272642,0
                -121.740342,45.272592,0
                -121.745332,45.269125,0
              </coordinates>
            </LinearRing>
          </outerBoundaryIs>
        </Polygon>
      </Placemark>
      <Placemark id="mthood.118">
        <name>Area119: 371 obs</name>
        <description>22 Trifolium macrocephalum
21 Olsynium douglasii
15 Adelinia grandis
14 Marah oregana
13 Lewisia rediviva
12 Quercus garryana
12 Sceloporus occidentalis
11 Ranunculus occidentalis
10 Cardamine nuttallii
10 Toxicodendron diversilobum

Cluster 4 standouts:
2.19 Valeriana congesta
2.14 Lomatium klickitatense
2.02 Lithophragma glabrum
1.97 Crocidium multicaule
1.86 Olsynium douglasii</description>
        <Style>
          <LineStyle>
            <width>2</width>
          </LineStyle>
          <PolyStyle>
            <color>ffc38ae7</color>
          </PolyStyle>
        </Style>
        <ExtendedData>
          <SchemaData schemaUrl="#mthood.schema">
            <SimpleData name="grid_id">119</SimpleData>
            <SimpleData name="n_obs">371</SimpleData>
            <SimpleData name="cluster">4</SimpleData>
            <SimpleData name="cluster_ordered">8</SimpleData>
            <SimpleData name="top_species">22 Trifolium macrocephalum
21 Olsynium douglasii
15 Adelinia grandis
14 Marah oregana
13 Lewisia rediviva
12 Quercus garryana
12 Sceloporus occidentalis
11 Ranunculus occidentalis
10 Cardamine nuttallii
10 Toxicodendron diversilobum</SimpleData>
            <SimpleData name="standouts">2.19 Valeriana congesta
2.14 Lomatium klickitatense
2.02 Lithophragma glabrum
1.97 Crocidium multicaule
1.86 Olsynium douglasii</SimpleData>
            <SimpleData name="OGR_STYLE">PEN(fc:#FF666666,w:2px);BRUSH(fc:#E78AC3FF)</SimpleData>
          </SchemaData>
        </ExtendedData>
        <Polygon>
          <outerBoundaryIs>
            <LinearRing>
              <coordinates>
                -121.342387,45.824061,0
                -121.353016,45.830241,0
                -121.4078,45.83912,0
                -121.435309,45.827805,0
                -121.446621,45.798983,0
                -121.445938,45.797055,0
                -121.428645,45.762598,0
                -121.38137,45.724133,0
                -121.379037,45.723145,0
                -121.364553,45.719006,0
                -121.362727,45.718676,0
                -121.362388,45.718625,0
                -121.355147,45.717537,0
                -121.349533,45.716953,0
                -121.34931,45.71734,0
                -121.34877,45.719147,0
                -121.348372,45.7216,0
                -121.3455076,45.770637,0
                -121.347167,45.782238,0
                -121.345537,45.78252,0
                -121.3448179,45.7824443,0
                -121.342387,45.824061,0
              </coordinates>
            </LinearRing>
          </outerBoundaryIs>
        </Polygon>
      </Placemark>
      <Placemark id="mthood.119">
        <name>Area120: 412 obs</name>
        <description>27 Calochortus subalpinus
25 Xerophyllum tenax
19 Lilium washingtonianum
16 Tsuga mertensiana
14 Erythranthe lewisii
13 Polemonium californicum
12 Clintonia uniflora
10 Sorbus sitchensis
9 Aquilegia formosa
8 Castilleja miniata

Cluster 5 standouts:
2.39 Calochortus subalpinus
2.33 Tsuga mertensiana
2.32 Sorbus sitchensis
2.22 Valeriana sitchensis
1.97 Lomatium martindalei</description>
        <Style>
          <LineStyle>
            <width>2</width>
          </LineStyle>
          <PolyStyle>
            <color>ff54d8a6</color>
          </PolyStyle>
        </Style>
        <ExtendedData>
          <SchemaData schemaUrl="#mthood.schema">
            <SimpleData name="grid_id">120</SimpleData>
            <SimpleData name="n_obs">412</SimpleData>
            <SimpleData name="cluster">5</SimpleData>
            <SimpleData name="cluster_ordered">1</SimpleData>
            <SimpleData name="top_species">27 Calochortus subalpinus
25 Xerophyllum tenax
19 Lilium washingtonianum
16 Tsuga mertensiana
14 Erythranthe lewisii
13 Polemonium californicum
12 Clintonia uniflora
10 Sorbus sitchensis
9 Aquilegia formosa
8 Castilleja miniata</SimpleData>
            <SimpleData name="standouts">2.39 Calochortus subalpinus
2.33 Tsuga mertensiana
2.32 Sorbus sitchensis
2.22 Valeriana sitchensis
1.97 Lomatium martindalei</SimpleData>
            <SimpleData name="OGR_STYLE">PEN(fc:#FF666666,w:2px);BRUSH(fc:#A6D854FF)</SimpleData>
          </SchemaData>
        </ExtendedData>
        <Polygon>
          <outerBoundaryIs>
            <LinearRing>
              <coordinates>
                -121.659728,45.336647,0
                -121.659745,45.332305,0
                -121.659088,45.328503,0
                -121.658592,45.326737,0
                -121.65773,45.324487,0
                -121.648278,45.320525,0
                -121.625529,45.336382,0
                -121.625486,45.337164,0
                -121.625467,45.340538,0
                -121.626113,45.342537,0
                -121.628898,45.347427,0
                -121.629913,45.349151,0
                -121.636383,45.359142,0
                -121.644754,45.362469,0
                -121.649238,45.361466,0
                -121.659337,45.341946,0
                -121.659728,45.336647,0
              </coordinates>
            </LinearRing>
          </outerBoundaryIs>
        </Polygon>
      </Placemark>
      <Placemark id="mthood.120">
        <name>Area121: 367 obs</name>
        <description>14 Xerophyllum tenax
13 Corvus corax
12 Chamaenerion angustifolium
12 Nymphalis californica
11 Anaphalis margaritacea
11 Spiraea douglasii
10 Cornus unalaschkensis
10 Pinus contorta
10 Rubus spectabilis
9 Lysichiton americanus

Cluster 1 standouts:
2.42 Rhododendron macrophyllum
2.37 Cornus unalaschkensis
2.11 Oplopanax horridus
1.91 Lysichiton americanus
1.84 Tsuga heterophylla</description>
        <Style>
          <LineStyle>
            <width>2</width>
          </LineStyle>
          <PolyStyle>
            <color>ffa5c266</color>
          </PolyStyle>
        </Style>
        <ExtendedData>
          <SchemaData schemaUrl="#mthood.schema">
            <SimpleData name="grid_id">121</SimpleData>
            <SimpleData name="n_obs">367</SimpleData>
            <SimpleData name="cluster">1</SimpleData>
            <SimpleData name="cluster_ordered">2</SimpleData>
            <SimpleData name="top_species">14 Xerophyllum tenax
13 Corvus corax
12 Chamaenerion angustifolium
12 Nymphalis californica
11 Anaphalis margaritacea
11 Spiraea douglasii
10 Cornus unalaschkensis
10 Pinus contorta
10 Rubus spectabilis
9 Lysichiton americanus</SimpleData>
            <SimpleData name="standouts">2.42 Rhododendron macrophyllum
2.37 Cornus unalaschkensis
2.11 Oplopanax horridus
1.91 Lysichiton americanus
1.84 Tsuga heterophylla</SimpleData>
            <SimpleData name="OGR_STYLE">PEN(fc:#FF666666,w:2px);BRUSH(fc:#66C2A5FF)</SimpleData>
          </SchemaData>
        </ExtendedData>
        <Polygon>
          <outerBoundaryIs>
            <LinearRing>
              <coordinates>
                -121.744567,45.308228,0
                -121.749442,45.313388,0
                -121.760293,45.309946,0
                -121.7650197,45.305751,0
                -121.7671829,45.2983643,0
                -121.767297,45.297488,0
                -121.762789,45.29511,0
                -121.747197,45.297046,0
                -121.744992,45.302639,0
                -121.744567,45.308228,0
              </coordinates>
            </LinearRing>
          </outerBoundaryIs>
        </Polygon>
      </Placemark>
      <Placemark id="mthood.121">
        <name>Area122: 369 obs</name>
        <description>31 Ailanthus altissima
18 Mahonia aquifolium
16 Lunaria annua
15 Cytisus scoparius
14 Lathyrus latifolius
13 Aphelocoma californica
13 Cichorium intybus
11 Eschscholzia californica
10 Pinus ponderosa
8 Andricus quercuscalifornicus

Cluster 7 standouts:
2.20 Haliaeetus leucocephalus
2.20 Pandion haliaetus
1.92 Turdus migratorius
1.88 Pseudacris regilla
1.82 Cathartes aura</description>
        <Style>
          <LineStyle>
            <width>2</width>
          </LineStyle>
          <PolyStyle>
            <color>ff94c4e5</color>
          </PolyStyle>
        </Style>
        <ExtendedData>
          <SchemaData schemaUrl="#mthood.schema">
            <SimpleData name="grid_id">122</SimpleData>
            <SimpleData name="n_obs">369</SimpleData>
            <SimpleData name="cluster">7</SimpleData>
            <SimpleData name="cluster_ordered">6</SimpleData>
            <SimpleData name="top_species">31 Ailanthus altissima
18 Mahonia aquifolium
16 Lunaria annua
15 Cytisus scoparius
14 Lathyrus latifolius
13 Aphelocoma californica
13 Cichorium intybus
11 Eschscholzia californica
10 Pinus ponderosa
8 Andricus quercuscalifornicus</SimpleData>
            <SimpleData name="standouts">2.20 Haliaeetus leucocephalus
2.20 Pandion haliaetus
1.92 Turdus migratorius
1.88 Pseudacris regilla
1.82 Cathartes aura</SimpleData>
            <SimpleData name="OGR_STYLE">PEN(fc:#FF666666,w:2px);BRUSH(fc:#E5C494FF)</SimpleData>
          </SchemaData>
        </ExtendedData>
        <Polygon>
          <outerBoundaryIs>
            <LinearRing>
              <coordinates>
                -121.530945,45.671879,0
                -121.516123,45.699334,0
                -121.515362,45.700964,0
                -121.51671,45.708711,0
                -121.525925,45.71723,0
                -121.532043,45.719073,0
                -121.553995,45.724442,0
                -121.556633,45.711403,0
                -121.556717,45.710907,0
                -121.556362,45.7024,0
                -121.554736,45.696312,0
                -121.549152,45.684506,0
                -121.54847,45.683567,0
                -121.532262,45.67176,0
                -121.530945,45.671879,0
              </coordinates>
            </LinearRing>
          </outerBoundaryIs>
        </Polygon>
      </Placemark>
      <Placemark id="mthood.122">
        <name>Area123: 356 obs</name>
        <description>11 Taricha granulosa
10 Chamaenerion angustifolium
8 Claytonia sibirica
8 Digitalis purpurea
8 Nymphalis californica
8 Rubus parviflorus
7 Microsteris gracilis
6 Prunella vulgaris
6 Pseudotsuga menziesii
6 Thamnophis sirtalis

Cluster 3 standouts:
2.10 Digitalis purpurea
1.98 Prunella vulgaris
1.96 Corydalis scouleri
1.88 Gaultheria shallon
1.83 Vaccinium parvifolium</description>
        <Style>
          <LineStyle>
            <width>2</width>
          </LineStyle>
          <PolyStyle>
            <color>ffcba08d</color>
          </PolyStyle>
        </Style>
        <ExtendedData>
          <SchemaData schemaUrl="#mthood.schema">
            <SimpleData name="grid_id">123</SimpleData>
            <SimpleData name="n_obs">356</SimpleData>
            <SimpleData name="cluster">3</SimpleData>
            <SimpleData name="cluster_ordered">4</SimpleData>
            <SimpleData name="top_species">11 Taricha granulosa
10 Chamaenerion angustifolium
8 Claytonia sibirica
8 Digitalis purpurea
8 Nymphalis californica
8 Rubus parviflorus
7 Microsteris gracilis
6 Prunella vulgaris
6 Pseudotsuga menziesii
6 Thamnophis sirtalis</SimpleData>
            <SimpleData name="standouts">2.10 Digitalis purpurea
1.98 Prunella vulgaris
1.96 Corydalis scouleri
1.88 Gaultheria shallon
1.83 Vaccinium parvifolium</SimpleData>
            <SimpleData name="OGR_STYLE">PEN(fc:#FF666666,w:2px);BRUSH(fc:#8DA0CBFF)</SimpleData>
          </SchemaData>
        </ExtendedData>
        <Polygon>
          <outerBoundaryIs>
            <LinearRing>
              <coordinates>
                -122.192041,44.683391,0
                -122.275428,44.74668,0
                -122.275909,44.746998,0
                -122.2828657,44.7507969,0
                -122.3402411,44.7673004,0
                -122.397747,44.753764,0
                -122.399086,44.72955,0
                -122.399567,44.70367,0
                -122.393322,44.588409,0
                -122.386033,44.507305,0
                -122.385912,44.507297,0
                -122.172128,44.5019,0
                -122.132186,44.525917,0
                -122.128067,44.56955,0
                -122.132042,44.583692,0
                -122.18465,44.676863,0
                -122.192041,44.683391,0
              </coordinates>
            </LinearRing>
          </outerBoundaryIs>
        </Polygon>
      </Placemark>
      <Placemark id="mthood.123">
        <name>Area124: 370 obs</name>
        <description>13 Heracleum maximum
12 Rubus parviflorus
11 Aquilegia formosa
10 Eriophyllum lanatum
9 Dicentra formosa
9 Digitalis purpurea
9 Sedum oreganum
8 Marah oregana
8 Trillium ovatum
7 Maianthemum racemosum

Cluster 8 standouts:
2.07 Tellima grandiflora
2.00 Adiantum aleuticum
1.92 Geranium robertianum
1.90 Sedum spathulifolium
1.87 Heracleum maximum</description>
        <Style>
          <LineStyle>
            <width>2</width>
          </LineStyle>
          <PolyStyle>
            <color>ffb3b3b3</color>
          </PolyStyle>
        </Style>
        <ExtendedData>
          <SchemaData schemaUrl="#mthood.schema">
            <SimpleData name="grid_id">124</SimpleData>
            <SimpleData name="n_obs">370</SimpleData>
            <SimpleData name="cluster">8</SimpleData>
            <SimpleData name="cluster_ordered">3</SimpleData>
            <SimpleData name="top_species">13 Heracleum maximum
12 Rubus parviflorus
11 Aquilegia formosa
10 Eriophyllum lanatum
9 Dicentra formosa
9 Digitalis purpurea
9 Sedum oreganum
8 Marah oregana
8 Trillium ovatum
7 Maianthemum racemosum</SimpleData>
            <SimpleData name="standouts">2.07 Tellima grandiflora
2.00 Adiantum aleuticum
1.92 Geranium robertianum
1.90 Sedum spathulifolium
1.87 Heracleum maximum</SimpleData>
            <SimpleData name="OGR_STYLE">PEN(fc:#FF666666,w:2px);BRUSH(fc:#B3B3B3FF)</SimpleData>
          </SchemaData>
        </ExtendedData>
        <Polygon>
          <outerBoundaryIs>
            <LinearRing>
              <coordinates>
                -122.225297,45.624305,0
                -122.228164,45.610257,0
                -122.2282063,45.6102239,0
                -122.228967,45.606137,0
                -122.21595,45.584705,0
                -122.215247,45.583992,0
                -122.198061,45.578783,0
                -122.197352,45.578801,0
                -122.196395,45.578997,0
                -122.182645,45.590273,0
                -122.18242,45.590513,0
                -122.182328,45.590655,0
                -122.169992,45.6165,0
                -122.186613,45.644153,0
                -122.212153,45.650056,0
                -122.224992,45.627492,0
                -122.2251643,45.6265664,0
                -122.225297,45.624305,0
              </coordinates>
            </LinearRing>
          </outerBoundaryIs>
        </Polygon>
      </Placemark>
      <Placemark id="mthood.124">
        <name>Area125: 456 obs</name>
        <description>44 Dicamptodon tenebrosus
22 Ensatina eschscholtzii
16 Mahonia aquifolium
14 Chrysolepis chrysophylla
12 Quercus garryana
11 Pseudotsuga menziesii
10 Toxicodendron diversilobum
9 Acer macrophyllum
9 Dicentra cucullaria
9 Prosartes hookeri

Cluster 2 standouts:
2.32 Calypso bulbosa
2.15 Corallorhiza maculata
2.05 Cornus nuttallii
1.84 Moehringia macrophylla
1.83 Lonicera ciliosa</description>
        <Style>
          <LineStyle>
            <width>2</width>
          </LineStyle>
          <PolyStyle>
            <color>ff628dfc</color>
          </PolyStyle>
        </Style>
        <ExtendedData>
          <SchemaData schemaUrl="#mthood.schema">
            <SimpleData name="grid_id">125</SimpleData>
            <SimpleData name="n_obs">456</SimpleData>
            <SimpleData name="cluster">2</SimpleData>
            <SimpleData name="cluster_ordered">5</SimpleData>
            <SimpleData name="top_species">44 Dicamptodon tenebrosus
22 Ensatina eschscholtzii
16 Mahonia aquifolium
14 Chrysolepis chrysophylla
12 Quercus garryana
11 Pseudotsuga menziesii
10 Toxicodendron diversilobum
9 Acer macrophyllum
9 Dicentra cucullaria
9 Prosartes hookeri</SimpleData>
            <SimpleData name="standouts">2.32 Calypso bulbosa
2.15 Corallorhiza maculata
2.05 Cornus nuttallii
1.84 Moehringia macrophylla
1.83 Lonicera ciliosa</SimpleData>
            <SimpleData name="OGR_STYLE">PEN(fc:#FF666666,w:2px);BRUSH(fc:#FC8D62FF)</SimpleData>
          </SchemaData>
        </ExtendedData>
        <Polygon>
          <outerBoundaryIs>
            <LinearRing>
              <coordinates>
                -121.611,45.685711,0
                -121.68922,45.712961,0
                -121.695971,45.687248,0
                -121.695563,45.684753,0
                -121.690667,45.66012,0
                -121.687697,45.652442,0
                -121.677433,45.635318,0
                -121.634156,45.603868,0
                -121.633727,45.60357,0
                -121.633263,45.604512,0
                -121.609031,45.676908,0
                -121.610825,45.685555,0
                -121.611,45.685711,0
              </coordinates>
            </LinearRing>
          </outerBoundaryIs>
        </Polygon>
      </Placemark>
      <Placemark id="mthood.125">
        <name>Area126: 374 obs</name>
        <description>16 Cornus unalaschkensis
15 Rhododendron macrophyllum
10 Calochortus subalpinus
10 Trillium ovatum
10 Xerophyllum tenax
9 Lilium washingtonianum
8 Chamaenerion angustifolium
8 Eriophyllum lanatum
7 Fomitopsis mounceae
7 Goodyera oblongifolia

Cluster 1 standouts:
2.42 Rhododendron macrophyllum
2.37 Cornus unalaschkensis
2.11 Oplopanax horridus
1.91 Lysichiton americanus
1.84 Tsuga heterophylla</description>
        <Style>
          <LineStyle>
            <width>2</width>
          </LineStyle>
          <PolyStyle>
            <color>ffa5c266</color>
          </PolyStyle>
        </Style>
        <ExtendedData>
          <SchemaData schemaUrl="#mthood.schema">
            <SimpleData name="grid_id">126</SimpleData>
            <SimpleData name="n_obs">374</SimpleData>
            <SimpleData name="cluster">1</SimpleData>
            <SimpleData name="cluster_ordered">2</SimpleData>
            <SimpleData name="top_species">16 Cornus unalaschkensis
15 Rhododendron macrophyllum
10 Calochortus subalpinus
10 Trillium ovatum
10 Xerophyllum tenax
9 Lilium washingtonianum
8 Chamaenerion angustifolium
8 Eriophyllum lanatum
7 Fomitopsis mounceae
7 Goodyera oblongifolia</SimpleData>
            <SimpleData name="standouts">2.42 Rhododendron macrophyllum
2.37 Cornus unalaschkensis
2.11 Oplopanax horridus
1.91 Lysichiton americanus
1.84 Tsuga heterophylla</SimpleData>
            <SimpleData name="OGR_STYLE">PEN(fc:#FF666666,w:2px);BRUSH(fc:#66C2A5FF)</SimpleData>
          </SchemaData>
        </ExtendedData>
        <Polygon>
          <outerBoundaryIs>
            <LinearRing>
              <coordinates>
                -121.964333,44.779842,0
                -121.966812,44.78113,0
                -121.971622,44.782675,0
                -121.973687,44.783253,0
                -122.039981,44.786987,0
                -122.040438,44.786865,0
                -122.081362,44.773872,0
                -122.095864,44.767778,0
                -122.101636,44.76526,0
                -122.117414,44.75567,0
                -122.1021939,44.7355869,0
                -122.032044,44.693458,0
                -122.030464,44.68808,0
                -122.018586,44.625837,0
                -122.018558,44.625666,0
                -122.018633,44.6253277,0
                -122.017814,44.624247,0
                -121.980033,44.622319,0
                -121.965743,44.6262041,0
                -121.944528,44.640397,0
                -121.922254,44.650547,0
                -121.866425,44.655022,0
                -121.8613963,44.6545738,0
                -121.856353,44.655945,0
                -121.856772,44.65732,0
                -121.863815,44.679592,0
                -121.880216,44.714169,0
                -121.916543,44.744552,0
                -121.964333,44.779842,0
              </coordinates>
            </LinearRing>
          </outerBoundaryIs>
        </Polygon>
      </Placemark>
      <Placemark id="mthood.126">
        <name>Area127: 368 obs</name>
        <description>29 Collinsia grandiflora
25 Trifolium macrocephalum
20 Lomatium columbianum
18 Fritillaria affinis
17 Erythronium grandiflorum
17 Senecio integerrimus
15 Lithophragma parviflorum
14 Hydrophyllum capitatum
13 Lomatium macrocarpum
12 Quercus garryana

Cluster 6 standouts:
2.06 Lomatium nudicaule
2.00 Castilleja hispida
1.93 Erythronium grandiflorum
1.93 Lomatium triternatum
1.81 Hydrophyllum capitatum</description>
        <Style>
          <LineStyle>
            <width>2</width>
          </LineStyle>
          <PolyStyle>
            <color>ff2fd9ff</color>
          </PolyStyle>
        </Style>
        <ExtendedData>
          <SchemaData schemaUrl="#mthood.schema">
            <SimpleData name="grid_id">127</SimpleData>
            <SimpleData name="n_obs">368</SimpleData>
            <SimpleData name="cluster">6</SimpleData>
            <SimpleData name="cluster_ordered">7</SimpleData>
            <SimpleData name="top_species">29 Collinsia grandiflora
25 Trifolium macrocephalum
20 Lomatium columbianum
18 Fritillaria affinis
17 Erythronium grandiflorum
17 Senecio integerrimus
15 Lithophragma parviflorum
14 Hydrophyllum capitatum
13 Lomatium macrocarpum
12 Quercus garryana</SimpleData>
            <SimpleData name="standouts">2.06 Lomatium nudicaule
2.00 Castilleja hispida
1.93 Erythronium grandiflorum
1.93 Lomatium triternatum
1.81 Hydrophyllum capitatum</SimpleData>
            <SimpleData name="OGR_STYLE">PEN(fc:#FF666666,w:2px);BRUSH(fc:#FFD92FFF)</SimpleData>
          </SchemaData>
        </ExtendedData>
        <Polygon>
          <outerBoundaryIs>
            <LinearRing>
              <coordinates>
                -121.343063,45.6774,0
                -121.337964,45.683151,0
                -121.339592,45.685958,0
                -121.344782,45.689488,0
                -121.348087,45.688594,0
                -121.348782,45.68828,0
                -121.349725,45.685683,0
                -121.349998,45.684564,0
                -121.350088,45.683517,0
                -121.348892,45.679231,0
                -121.348403,45.678228,0
                -121.343063,45.6774,0
              </coordinates>
            </LinearRing>
          </outerBoundaryIs>
        </Polygon>
      </Placemark>
      <Placemark id="mthood.127">
        <name>Area128: 368 obs</name>
        <description>32 Lomatium columbianum
30 Delphinium nuttallianum
28 Lithophragma parviflorum
22 Marah oregana
20 Olsynium douglasii
18 Castilleja hispida
17 Aphyllon uniflorum
17 Triteleia grandiflora
13 Centaurea cyanus
11 Quercus garryana

Cluster 6 standouts:
2.06 Lomatium nudicaule
2.00 Castilleja hispida
1.93 Erythronium grandiflorum
1.93 Lomatium triternatum
1.81 Hydrophyllum capitatum</description>
        <Style>
          <LineStyle>
            <width>2</width>
          </LineStyle>
          <PolyStyle>
            <color>ff2fd9ff</color>
          </PolyStyle>
        </Style>
        <ExtendedData>
          <SchemaData schemaUrl="#mthood.schema">
            <SimpleData name="grid_id">128</SimpleData>
            <SimpleData name="n_obs">368</SimpleData>
            <SimpleData name="cluster">6</SimpleData>
            <SimpleData name="cluster_ordered">7</SimpleData>
            <SimpleData name="top_species">32 Lomatium columbianum
30 Delphinium nuttallianum
28 Lithophragma parviflorum
22 Marah oregana
20 Olsynium douglasii
18 Castilleja hispida
17 Aphyllon uniflorum
17 Triteleia grandiflora
13 Centaurea cyanus
11 Quercus garryana</SimpleData>
            <SimpleData name="standouts">2.06 Lomatium nudicaule
2.00 Castilleja hispida
1.93 Erythronium grandiflorum
1.93 Lomatium triternatum
1.81 Hydrophyllum capitatum</SimpleData>
            <SimpleData name="OGR_STYLE">PEN(fc:#FF666666,w:2px);BRUSH(fc:#FFD92FFF)</SimpleData>
          </SchemaData>
        </ExtendedData>
        <Polygon>
          <outerBoundaryIs>
            <LinearRing>
              <coordinates>
                -121.346703,45.694192,0
                -121.347978,45.696328,0
                -121.348631,45.696854,0
                -121.348797,45.696804,0
                -121.349056,45.696667,0
                -121.352239,45.694483,0
                -121.35222,45.693312,0
                -121.350906,45.690646,0
                -121.349976,45.689653,0
                -121.349819,45.689599,0
                -121.349026,45.689734,0
                -121.346843,45.691668,0
                -121.34654,45.693634,0
                -121.346703,45.694192,0
              </coordinates>
            </LinearRing>
          </outerBoundaryIs>
        </Polygon>
      </Placemark>
      <Placemark id="mthood.128">
        <name>Area129: 374 obs</name>
        <description>25 Callospermophilus lateralis
25 Xerophyllum tenax
23 Rhododendron macrophyllum
11 Cornus unalaschkensis
10 Spiraea douglasii
9 Monotropa hypopitys
9 Perisoreus canadensis
9 Tsuga mertensiana
8 Pterospora andromedea
7 Actaea rubra

Cluster 1 standouts:
2.42 Rhododendron macrophyllum
2.37 Cornus unalaschkensis
2.11 Oplopanax horridus
1.91 Lysichiton americanus
1.84 Tsuga heterophylla</description>
        <Style>
          <LineStyle>
            <width>2</width>
          </LineStyle>
          <PolyStyle>
            <color>ffa5c266</color>
          </PolyStyle>
        </Style>
        <ExtendedData>
          <SchemaData schemaUrl="#mthood.schema">
            <SimpleData name="grid_id">129</SimpleData>
            <SimpleData name="n_obs">374</SimpleData>
            <SimpleData name="cluster">1</SimpleData>
            <SimpleData name="cluster_ordered">2</SimpleData>
            <SimpleData name="top_species">25 Callospermophilus lateralis
25 Xerophyllum tenax
23 Rhododendron macrophyllum
11 Cornus unalaschkensis
10 Spiraea douglasii
9 Monotropa hypopitys
9 Perisoreus canadensis
9 Tsuga mertensiana
8 Pterospora andromedea
7 Actaea rubra</SimpleData>
            <SimpleData name="standouts">2.42 Rhododendron macrophyllum
2.37 Cornus unalaschkensis
2.11 Oplopanax horridus
1.91 Lysichiton americanus
1.84 Tsuga heterophylla</SimpleData>
            <SimpleData name="OGR_STYLE">PEN(fc:#FF666666,w:2px);BRUSH(fc:#66C2A5FF)</SimpleData>
          </SchemaData>
        </ExtendedData>
        <Polygon>
          <outerBoundaryIs>
            <LinearRing>
              <coordinates>
                -121.80233,45.311047,0
                -121.810899,45.294511,0
                -121.810786,45.294454,0
                -121.79725,45.290317,0
                -121.7944611,45.2958511,0
                -121.794116,45.296601,0
                -121.7940392,45.2966884,0
                -121.79399,45.296786,0
                -121.7936,45.2976,0
                -121.79358,45.297642,0
                -121.7935667,45.2977184,0
                -121.793572,45.29773,0
                -121.793388,45.300633,0
                -121.7924804,45.3039747,0
                -121.791998,45.306753,0
                -121.800483,45.311914,0
                -121.80233,45.311047,0
              </coordinates>
            </LinearRing>
          </outerBoundaryIs>
        </Polygon>
      </Placemark>
      <Placemark id="mthood.129">
        <name>Area130: 369 obs</name>
        <description>15 Pseudacris regilla
12 Mahonia aquifolium
12 Petasites frigidus
10 Digitalis purpurea
10 Trillium ovatum
9 Geranium lucidum
9 Hydrophyllum tenuipes
9 Prunella vulgaris
7 Gaultheria shallon
7 Mergus merganser

Cluster 3 standouts:
2.10 Digitalis purpurea
1.98 Prunella vulgaris
1.96 Corydalis scouleri
1.88 Gaultheria shallon
1.83 Vaccinium parvifolium</description>
        <Style>
          <LineStyle>
            <width>2</width>
          </LineStyle>
          <PolyStyle>
            <color>ffcba08d</color>
          </PolyStyle>
        </Style>
        <ExtendedData>
          <SchemaData schemaUrl="#mthood.schema">
            <SimpleData name="grid_id">130</SimpleData>
            <SimpleData name="n_obs">369</SimpleData>
            <SimpleData name="cluster">3</SimpleData>
            <SimpleData name="cluster_ordered">4</SimpleData>
            <SimpleData name="top_species">15 Pseudacris regilla
12 Mahonia aquifolium
12 Petasites frigidus
10 Digitalis purpurea
10 Trillium ovatum
9 Geranium lucidum
9 Hydrophyllum tenuipes
9 Prunella vulgaris
7 Gaultheria shallon
7 Mergus merganser</SimpleData>
            <SimpleData name="standouts">2.10 Digitalis purpurea
1.98 Prunella vulgaris
1.96 Corydalis scouleri
1.88 Gaultheria shallon
1.83 Vaccinium parvifolium</SimpleData>
            <SimpleData name="OGR_STYLE">PEN(fc:#FF666666,w:2px);BRUSH(fc:#8DA0CBFF)</SimpleData>
          </SchemaData>
        </ExtendedData>
        <Polygon>
          <outerBoundaryIs>
            <LinearRing>
              <coordinates>
                -122.351307,45.296955,0
                -122.351075,45.298206,0
                -122.354781,45.322504,0
                -122.359045,45.332213,0
                -122.371768,45.345525,0
                -122.378555,45.350117,0
                -122.398475,45.354538,0
                -122.398497,45.354538,0
                -122.398688,45.354522,0
                -122.399963,45.305504,0
                -122.3844018,45.3019973,0
                -122.377092,45.302137,0
                -122.36169,45.298019,0
                -122.3534018,45.2950116,0
                -122.35209,45.294716,0
                -122.351745,45.295313,0
                -122.351307,45.296955,0
              </coordinates>
            </LinearRing>
          </outerBoundaryIs>
        </Polygon>
      </Placemark>
      <Placemark id="mthood.130">
        <name>Area131: 373 obs</name>
        <description>16 Erythronium montanum
16 Rhododendron macrophyllum
13 Oplopanax horridus
12 Cornus unalaschkensis
11 Amanita muscaria
11 Castilleja parviflora
11 Gentiana calycosa
10 Lysichiton americanus
9 Rhododendron menziesii
9 Xerophyllum tenax

Cluster 1 standouts:
2.42 Rhododendron macrophyllum
2.37 Cornus unalaschkensis
2.11 Oplopanax horridus
1.91 Lysichiton americanus
1.84 Tsuga heterophylla</description>
        <Style>
          <LineStyle>
            <width>2</width>
          </LineStyle>
          <PolyStyle>
            <color>ffa5c266</color>
          </PolyStyle>
        </Style>
        <ExtendedData>
          <SchemaData schemaUrl="#mthood.schema">
            <SimpleData name="grid_id">131</SimpleData>
            <SimpleData name="n_obs">373</SimpleData>
            <SimpleData name="cluster">1</SimpleData>
            <SimpleData name="cluster_ordered">2</SimpleData>
            <SimpleData name="top_species">16 Erythronium montanum
16 Rhododendron macrophyllum
13 Oplopanax horridus
12 Cornus unalaschkensis
11 Amanita muscaria
11 Castilleja parviflora
11 Gentiana calycosa
10 Lysichiton americanus
9 Rhododendron menziesii
9 Xerophyllum tenax</SimpleData>
            <SimpleData name="standouts">2.42 Rhododendron macrophyllum
2.37 Cornus unalaschkensis
2.11 Oplopanax horridus
1.91 Lysichiton americanus
1.84 Tsuga heterophylla</SimpleData>
            <SimpleData name="OGR_STYLE">PEN(fc:#FF666666,w:2px);BRUSH(fc:#66C2A5FF)</SimpleData>
          </SchemaData>
        </ExtendedData>
        <Polygon>
          <outerBoundaryIs>
            <LinearRing>
              <coordinates>
                -121.744392,45.357033,0
                -121.742242,45.358812,0
                -121.741632,45.359646,0
                -121.744887,45.363355,0
                -121.7748763,45.3795537,0
                -121.7811249,45.3796481,0
                -121.782794,45.379312,0
                -121.8073468,45.3629795,0
                -121.807472,45.3627473,0
                -121.814151,45.349576,0
                -121.813469,45.348928,0
                -121.813438,45.348903,0
                -121.81263,45.348305,0
                -121.810207,45.346798,0
                -121.77362,45.336517,0
                -121.77182,45.336453,0
                -121.744392,45.357033,0
              </coordinates>
            </LinearRing>
          </outerBoundaryIs>
        </Polygon>
      </Placemark>
      <Placemark id="mthood.131">
        <name>Area132: 387 obs</name>
        <description>32 Tsuga heterophylla
21 Trillium ovatum
16 Petasites frigidus
15 Rubus spectabilis
13 Thuja plicata
12 Oplopanax horridus
11 Gaultheria shallon
10 Erythranthe decora
9 Cornus unalaschkensis
9 Dicentra formosa

Cluster 8 standouts:
2.07 Tellima grandiflora
2.00 Adiantum aleuticum
1.92 Geranium robertianum
1.90 Sedum spathulifolium
1.87 Heracleum maximum</description>
        <Style>
          <LineStyle>
            <width>2</width>
          </LineStyle>
          <PolyStyle>
            <color>ffb3b3b3</color>
          </PolyStyle>
        </Style>
        <ExtendedData>
          <SchemaData schemaUrl="#mthood.schema">
            <SimpleData name="grid_id">132</SimpleData>
            <SimpleData name="n_obs">387</SimpleData>
            <SimpleData name="cluster">8</SimpleData>
            <SimpleData name="cluster_ordered">3</SimpleData>
            <SimpleData name="top_species">32 Tsuga heterophylla
21 Trillium ovatum
16 Petasites frigidus
15 Rubus spectabilis
13 Thuja plicata
12 Oplopanax horridus
11 Gaultheria shallon
10 Erythranthe decora
9 Cornus unalaschkensis
9 Dicentra formosa</SimpleData>
            <SimpleData name="standouts">2.07 Tellima grandiflora
2.00 Adiantum aleuticum
1.92 Geranium robertianum
1.90 Sedum spathulifolium
1.87 Heracleum maximum</SimpleData>
            <SimpleData name="OGR_STYLE">PEN(fc:#FF666666,w:2px);BRUSH(fc:#B3B3B3FF)</SimpleData>
          </SchemaData>
        </ExtendedData>
        <Polygon>
          <outerBoundaryIs>
            <LinearRing>
              <coordinates>
                -122.12778,45.57433,0
                -122.127904,45.574404,0
                -122.128028,45.574436,0
                -122.149278,45.545892,0
                -122.148994,45.545524,0
                -122.115556,45.536525,0
                -122.114722,45.537638,0
                -122.114396,45.541774,0
                -122.114522,45.546492,0
                -122.118839,45.563202,0
                -122.119369,45.565017,0
                -122.121746,45.568361,0
                -122.121833,45.568478,0
                -122.124295,45.571151,0
                -122.125511,45.572452,0
                -122.126403,45.573212,0
                -122.12778,45.57433,0
              </coordinates>
            </LinearRing>
          </outerBoundaryIs>
        </Polygon>
      </Placemark>
      <Placemark id="mthood.132">
        <name>Area133: 416 obs</name>
        <description>41 Trillium ovatum
14 Claytonia sibirica
14 Mahonia nervosa
13 Polystichum munitum
13 Tsuga heterophylla
12 Hydrophyllum tenuipes
11 Geranium robertianum
10 Oxalis oregana
9 Rubus parviflorus
9 Sedum oreganum

Cluster 8 standouts:
2.07 Tellima grandiflora
2.00 Adiantum aleuticum
1.92 Geranium robertianum
1.90 Sedum spathulifolium
1.87 Heracleum maximum</description>
        <Style>
          <LineStyle>
            <width>2</width>
          </LineStyle>
          <PolyStyle>
            <color>ffb3b3b3</color>
          </PolyStyle>
        </Style>
        <ExtendedData>
          <SchemaData schemaUrl="#mthood.schema">
            <SimpleData name="grid_id">133</SimpleData>
            <SimpleData name="n_obs">416</SimpleData>
            <SimpleData name="cluster">8</SimpleData>
            <SimpleData name="cluster_ordered">3</SimpleData>
            <SimpleData name="top_species">41 Trillium ovatum
14 Claytonia sibirica
14 Mahonia nervosa
13 Polystichum munitum
13 Tsuga heterophylla
12 Hydrophyllum tenuipes
11 Geranium robertianum
10 Oxalis oregana
9 Rubus parviflorus
9 Sedum oreganum</SimpleData>
            <SimpleData name="standouts">2.07 Tellima grandiflora
2.00 Adiantum aleuticum
1.92 Geranium robertianum
1.90 Sedum spathulifolium
1.87 Heracleum maximum</SimpleData>
            <SimpleData name="OGR_STYLE">PEN(fc:#FF666666,w:2px);BRUSH(fc:#B3B3B3FF)</SimpleData>
          </SchemaData>
        </ExtendedData>
        <Polygon>
          <outerBoundaryIs>
            <LinearRing>
              <coordinates>
                -122.142239,45.523209,0
                -122.143321,45.52548,0
                -122.155892,45.55172,0
                -122.167405,45.561445,0
                -122.167428,45.561455,0
                -122.174439,45.562251,0
                -122.189555,45.518919,0
                -122.183235,45.509235,0
                -122.180112,45.506062,0
                -122.157385,45.483657,0
                -122.142739,45.519328,0
                -122.142191,45.521619,0
                -122.142239,45.523209,0
              </coordinates>
            </LinearRing>
          </outerBoundaryIs>
        </Polygon>
      </Placemark>
      <Placemark id="mthood.133">
        <name>Area134: 372 obs</name>
        <description>11 Rhododendron macrophyllum
10 Petasites frigidus
8 Calochortus subalpinus
8 Cornus unalaschkensis
8 Oplopanax horridus
8 Ribes lacustre
8 Trautvetteria carolinensis
7 Nothochelone nemorosa
7 Penstemon cardwellii
7 Sorbus sitchensis

Cluster 1 standouts:
2.42 Rhododendron macrophyllum
2.37 Cornus unalaschkensis
2.11 Oplopanax horridus
1.91 Lysichiton americanus
1.84 Tsuga heterophylla</description>
        <Style>
          <LineStyle>
            <width>2</width>
          </LineStyle>
          <PolyStyle>
            <color>ffa5c266</color>
          </PolyStyle>
        </Style>
        <ExtendedData>
          <SchemaData schemaUrl="#mthood.schema">
            <SimpleData name="grid_id">134</SimpleData>
            <SimpleData name="n_obs">372</SimpleData>
            <SimpleData name="cluster">1</SimpleData>
            <SimpleData name="cluster_ordered">2</SimpleData>
            <SimpleData name="top_species">11 Rhododendron macrophyllum
10 Petasites frigidus
8 Calochortus subalpinus
8 Cornus unalaschkensis
8 Oplopanax horridus
8 Ribes lacustre
8 Trautvetteria carolinensis
7 Nothochelone nemorosa
7 Penstemon cardwellii
7 Sorbus sitchensis</SimpleData>
            <SimpleData name="standouts">2.42 Rhododendron macrophyllum
2.37 Cornus unalaschkensis
2.11 Oplopanax horridus
1.91 Lysichiton americanus
1.84 Tsuga heterophylla</SimpleData>
            <SimpleData name="OGR_STYLE">PEN(fc:#FF666666,w:2px);BRUSH(fc:#66C2A5FF)</SimpleData>
          </SchemaData>
        </ExtendedData>
        <Polygon>
          <outerBoundaryIs>
            <LinearRing>
              <coordinates>
                -122.384996,45.17534,0
                -122.388728,45.170054,0
                -122.377463,44.969555,0
                -122.374615,44.96577,0
                -122.37105,44.9633501,0
                -122.371033,44.963458,0
                -122.308722,44.94203,0
                -122.262572,44.8897151,0
                -122.226928,44.86552,0
                -122.210773,44.863693,0
                -122.207261,44.863831,0
                -122.199683,44.864514,0
                -122.158413,44.956903,0
                -122.156844,44.968283,0
                -122.216872,45.113022,0
                -122.26213,45.149789,0
                -122.352272,45.176272,0
                -122.384996,45.17534,0
              </coordinates>
            </LinearRing>
          </outerBoundaryIs>
        </Polygon>
      </Placemark>
      <Placemark id="mthood.134">
        <name>Area135: 367 obs</name>
        <description>17 Digitalis purpurea
12 Gaultheria shallon
11 Arctostaphylos columbiana
11 Vaccinium parvifolium
9 Aquilegia formosa
9 Rhododendron macrophyllum
8 Lilium columbianum
7 Linnaea borealis
7 Trillium ovatum
6 Calypso bulbosa

Cluster 1 standouts:
2.42 Rhododendron macrophyllum
2.37 Cornus unalaschkensis
2.11 Oplopanax horridus
1.91 Lysichiton americanus
1.84 Tsuga heterophylla</description>
        <Style>
          <LineStyle>
            <width>2</width>
          </LineStyle>
          <PolyStyle>
            <color>ffa5c266</color>
          </PolyStyle>
        </Style>
        <ExtendedData>
          <SchemaData schemaUrl="#mthood.schema">
            <SimpleData name="grid_id">135</SimpleData>
            <SimpleData name="n_obs">367</SimpleData>
            <SimpleData name="cluster">1</SimpleData>
            <SimpleData name="cluster_ordered">2</SimpleData>
            <SimpleData name="top_species">17 Digitalis purpurea
12 Gaultheria shallon
11 Arctostaphylos columbiana
11 Vaccinium parvifolium
9 Aquilegia formosa
9 Rhododendron macrophyllum
8 Lilium columbianum
7 Linnaea borealis
7 Trillium ovatum
6 Calypso bulbosa</SimpleData>
            <SimpleData name="standouts">2.42 Rhododendron macrophyllum
2.37 Cornus unalaschkensis
2.11 Oplopanax horridus
1.91 Lysichiton americanus
1.84 Tsuga heterophylla</SimpleData>
            <SimpleData name="OGR_STYLE">PEN(fc:#FF666666,w:2px);BRUSH(fc:#66C2A5FF)</SimpleData>
          </SchemaData>
        </ExtendedData>
        <Polygon>
          <outerBoundaryIs>
            <LinearRing>
              <coordinates>
                -121.923547,45.341637,0
                -121.920105,45.340428,0
                -121.909323,45.342453,0
                -121.906312,45.343437,0
                -121.87186,45.369749,0
                -121.869788,45.378842,0
                -121.86988,45.383217,0
                -121.8704452,45.3864542,0
                -121.8708792,45.3877622,0
                -121.870972,45.387937,0
                -121.910522,45.383792,0
                -121.955017,45.3788,0
                -121.957917,45.376842,0
                -121.93698,45.351803,0
                -121.923547,45.341637,0
              </coordinates>
            </LinearRing>
          </outerBoundaryIs>
        </Polygon>
      </Placemark>
      <Placemark id="mthood.135">
        <name>Area136: 606 obs</name>
        <description>29 Dicentra formosa
27 Nothochelone nemorosa
23 Trillium ovatum
22 Aquilegia formosa
21 Adiantum aleuticum
19 Mahonia nervosa
18 Rubus parviflorus
15 Gaultheria shallon
14 Sedum oreganum
12 Corydalis scouleri

Cluster 8 standouts:
2.07 Tellima grandiflora
2.00 Adiantum aleuticum
1.92 Geranium robertianum
1.90 Sedum spathulifolium
1.87 Heracleum maximum</description>
        <Style>
          <LineStyle>
            <width>2</width>
          </LineStyle>
          <PolyStyle>
            <color>ffb3b3b3</color>
          </PolyStyle>
        </Style>
        <ExtendedData>
          <SchemaData schemaUrl="#mthood.schema">
            <SimpleData name="grid_id">136</SimpleData>
            <SimpleData name="n_obs">606</SimpleData>
            <SimpleData name="cluster">8</SimpleData>
            <SimpleData name="cluster_ordered">3</SimpleData>
            <SimpleData name="top_species">29 Dicentra formosa
27 Nothochelone nemorosa
23 Trillium ovatum
22 Aquilegia formosa
21 Adiantum aleuticum
19 Mahonia nervosa
18 Rubus parviflorus
15 Gaultheria shallon
14 Sedum oreganum
12 Corydalis scouleri</SimpleData>
            <SimpleData name="standouts">2.07 Tellima grandiflora
2.00 Adiantum aleuticum
1.92 Geranium robertianum
1.90 Sedum spathulifolium
1.87 Heracleum maximum</SimpleData>
            <SimpleData name="OGR_STYLE">PEN(fc:#FF666666,w:2px);BRUSH(fc:#B3B3B3FF)</SimpleData>
          </SchemaData>
        </ExtendedData>
        <Polygon>
          <outerBoundaryIs>
            <LinearRing>
              <coordinates>
                -122.114098,45.568262,0
                -122.108235,45.572099,0
                -122.108003,45.572497,0
                -122.107834,45.572968,0
                -122.107597,45.573662,0
                -122.107497,45.5741,0
                -122.108254,45.579127,0
                -122.108392,45.579145,0
                -122.109102,45.579026,0
                -122.114808,45.575858,0
                -122.114875,45.575808,0
                -122.114958,45.575625,0
                -122.1149045,45.5736683,0
                -122.114455,45.572667,0
                -122.1148362,45.5711665,0
                -122.114751,45.56805,0
                -122.114098,45.568262,0
              </coordinates>
            </LinearRing>
          </outerBoundaryIs>
        </Polygon>
      </Placemark>
      <Placemark id="mthood.136">
        <name>Area137: 748 obs</name>
        <description>78 Lomatium columbianum
37 Lomatium nudicaule
31 Olsynium douglasii
29 Triteleia grandiflora
23 Hydrophyllum capitatum
22 Eriogonum compositum
22 Vicia villosa
21 Lithophragma parviflorum
21 Lomatium papilioniferum
20 Lomatium triternatum

Cluster 6 standouts:
2.06 Lomatium nudicaule
2.00 Castilleja hispida
1.93 Erythronium grandiflorum
1.93 Lomatium triternatum
1.81 Hydrophyllum capitatum</description>
        <Style>
          <LineStyle>
            <width>2</width>
          </LineStyle>
          <PolyStyle>
            <color>ff2fd9ff</color>
          </PolyStyle>
        </Style>
        <ExtendedData>
          <SchemaData schemaUrl="#mthood.schema">
            <SimpleData name="grid_id">137</SimpleData>
            <SimpleData name="n_obs">748</SimpleData>
            <SimpleData name="cluster">6</SimpleData>
            <SimpleData name="cluster_ordered">7</SimpleData>
            <SimpleData name="top_species">78 Lomatium columbianum
37 Lomatium nudicaule
31 Olsynium douglasii
29 Triteleia grandiflora
23 Hydrophyllum capitatum
22 Eriogonum compositum
22 Vicia villosa
21 Lithophragma parviflorum
21 Lomatium papilioniferum
20 Lomatium triternatum</SimpleData>
            <SimpleData name="standouts">2.06 Lomatium nudicaule
2.00 Castilleja hispida
1.93 Erythronium grandiflorum
1.93 Lomatium triternatum
1.81 Hydrophyllum capitatum</SimpleData>
            <SimpleData name="OGR_STYLE">PEN(fc:#FF666666,w:2px);BRUSH(fc:#FFD92FFF)</SimpleData>
          </SchemaData>
        </ExtendedData>
        <Polygon>
          <outerBoundaryIs>
            <LinearRing>
              <coordinates>
                -121.273808,45.690945,0
                -121.2745,45.690517,0
                -121.2824706,45.6839852,0
                -121.29005,45.67664,0
                -121.297522,45.664597,0
                -121.30349,45.61321,0
                -121.283662,45.575947,0
                -121.282032,45.574492,0
                -121.280717,45.573395,0
                -121.279005,45.573395,0
                -121.278747,45.573453,0
                -121.278422,45.57353,0
                -121.273529,45.577175,0
                -121.2480154,45.6061501,0
                -121.245496,45.609722,0
                -121.242606,45.613667,0
                -121.237983,45.618889,0
                -121.237489,45.619328,0
                -121.2350499,45.6208747,0
                -121.234,45.622067,0
                -121.232502,45.623826,0
                -121.233041,45.62969,0
                -121.2646591,45.68553,0
                -121.26538,45.686192,0
                -121.265589,45.686485,0
                -121.26563,45.686555,0
                -121.265962,45.687277,0
                -121.2666647,45.6890719,0
                -121.268112,45.691628,0
                -121.269073,45.691902,0
                -121.269665,45.692006,0
                -121.272748,45.691316,0
                -121.273808,45.690945,0
              </coordinates>
            </LinearRing>
          </outerBoundaryIs>
        </Polygon>
      </Placemark>
      <Placemark id="mthood.137">
        <name>Area138: 382 obs</name>
        <description>53 Vicia villosa
52 Lomatium nudicaule
40 Lithophragma parviflorum
31 Microsteris gracilis
16 Lomatium triternatum
15 Hydrophyllum capitatum
13 Achillea millefolium
12 Erodium cicutarium
10 Balsamorhiza careyana
8 Olsynium douglasii

Cluster 6 standouts:
2.06 Lomatium nudicaule
2.00 Castilleja hispida
1.93 Erythronium grandiflorum
1.93 Lomatium triternatum
1.81 Hydrophyllum capitatum</description>
        <Style>
          <LineStyle>
            <width>2</width>
          </LineStyle>
          <PolyStyle>
            <color>ff2fd9ff</color>
          </PolyStyle>
        </Style>
        <ExtendedData>
          <SchemaData schemaUrl="#mthood.schema">
            <SimpleData name="grid_id">138</SimpleData>
            <SimpleData name="n_obs">382</SimpleData>
            <SimpleData name="cluster">6</SimpleData>
            <SimpleData name="cluster_ordered">7</SimpleData>
            <SimpleData name="top_species">53 Vicia villosa
52 Lomatium nudicaule
40 Lithophragma parviflorum
31 Microsteris gracilis
16 Lomatium triternatum
15 Hydrophyllum capitatum
13 Achillea millefolium
12 Erodium cicutarium
10 Balsamorhiza careyana
8 Olsynium douglasii</SimpleData>
            <SimpleData name="standouts">2.06 Lomatium nudicaule
2.00 Castilleja hispida
1.93 Erythronium grandiflorum
1.93 Lomatium triternatum
1.81 Hydrophyllum capitatum</SimpleData>
            <SimpleData name="OGR_STYLE">PEN(fc:#FF666666,w:2px);BRUSH(fc:#FFD92FFF)</SimpleData>
          </SchemaData>
        </ExtendedData>
        <Polygon>
          <outerBoundaryIs>
            <LinearRing>
              <coordinates>
                -121.237983,45.618889,0
                -121.242606,45.613667,0
                -121.245496,45.609722,0
                -121.253625,45.598197,0
                -121.266438,45.57965,0
                -121.233711,45.536115,0
                -121.22628,45.537187,0
                -121.19038,45.546225,0
                -121.182661,45.548296,0
                -121.196517,45.593533,0
                -121.198212,45.59871,0
                -121.200266,45.6025,0
                -121.2154957,45.6112421,0
                -121.219447,45.6131,0
                -121.2200776,45.6138722,0
                -121.233392,45.621515,0
                -121.233925,45.621588,0
                -121.237489,45.619328,0
                -121.237983,45.618889,0
              </coordinates>
            </LinearRing>
          </outerBoundaryIs>
        </Polygon>
      </Placemark>
      <Placemark id="mthood.138">
        <name>Area139: 369 obs</name>
        <description>45 Lomatium columbianum
30 Valeriana congesta
28 Fritillaria pudica
22 Aphyllon uniflorum
21 Lewisia rediviva
21 Olsynium douglasii
18 Lomatium macrocarpum
16 Crocidium multicaule
16 Lithophragma glabrum
15 Camassia quamash

Cluster 4 standouts:
2.19 Valeriana congesta
2.14 Lomatium klickitatense
2.02 Lithophragma glabrum
1.97 Crocidium multicaule
1.86 Olsynium douglasii</description>
        <Style>
          <LineStyle>
            <width>2</width>
          </LineStyle>
          <PolyStyle>
            <color>ffc38ae7</color>
          </PolyStyle>
        </Style>
        <ExtendedData>
          <SchemaData schemaUrl="#mthood.schema">
            <SimpleData name="grid_id">139</SimpleData>
            <SimpleData name="n_obs">369</SimpleData>
            <SimpleData name="cluster">4</SimpleData>
            <SimpleData name="cluster_ordered">8</SimpleData>
            <SimpleData name="top_species">45 Lomatium columbianum
30 Valeriana congesta
28 Fritillaria pudica
22 Aphyllon uniflorum
21 Lewisia rediviva
21 Olsynium douglasii
18 Lomatium macrocarpum
16 Crocidium multicaule
16 Lithophragma glabrum
15 Camassia quamash</SimpleData>
            <SimpleData name="standouts">2.19 Valeriana congesta
2.14 Lomatium klickitatense
2.02 Lithophragma glabrum
1.97 Crocidium multicaule
1.86 Olsynium douglasii</SimpleData>
            <SimpleData name="OGR_STYLE">PEN(fc:#FF666666,w:2px);BRUSH(fc:#E78AC3FF)</SimpleData>
          </SchemaData>
        </ExtendedData>
        <Polygon>
          <outerBoundaryIs>
            <LinearRing>
              <coordinates>
                -121.359197,45.711086,0
                -121.35858,45.710696,0
                -121.354284,45.709005,0
                -121.353055,45.70891,0
                -121.350577,45.710333,0
                -121.348685,45.712991,0
                -121.349572,45.716438,0
                -121.351906,45.716921,0
                -121.359322,45.717945,0
                -121.360917,45.715078,0
                -121.360681,45.713713,0
                -121.360672,45.71367,0
                -121.360641,45.713552,0
                -121.360275,45.712319,0
                -121.360269,45.712301,0
                -121.360153,45.712028,0
                -121.360092,45.711893,0
                -121.359197,45.711086,0
              </coordinates>
            </LinearRing>
          </outerBoundaryIs>
        </Polygon>
      </Placemark>
      <Placemark id="mthood.139">
        <name>Area140: 695 obs</name>
        <description>23 Marah oregana
22 Ariolimax columbianus
21 Amanita muscaria
18 Acer macrophyllum
18 Heracleum maximum
18 Physocarpus capitatus
18 Rubus spectabilis
17 Thuja plicata
13 Araneus diadematus
13 Pseudotsuga menziesii

Cluster 3 standouts:
2.10 Digitalis purpurea
1.98 Prunella vulgaris
1.96 Corydalis scouleri
1.88 Gaultheria shallon
1.83 Vaccinium parvifolium</description>
        <Style>
          <LineStyle>
            <width>2</width>
          </LineStyle>
          <PolyStyle>
            <color>ffcba08d</color>
          </PolyStyle>
        </Style>
        <ExtendedData>
          <SchemaData schemaUrl="#mthood.schema">
            <SimpleData name="grid_id">140</SimpleData>
            <SimpleData name="n_obs">695</SimpleData>
            <SimpleData name="cluster">3</SimpleData>
            <SimpleData name="cluster_ordered">4</SimpleData>
            <SimpleData name="top_species">23 Marah oregana
22 Ariolimax columbianus
21 Amanita muscaria
18 Acer macrophyllum
18 Heracleum maximum
18 Physocarpus capitatus
18 Rubus spectabilis
17 Thuja plicata
13 Araneus diadematus
13 Pseudotsuga menziesii</SimpleData>
            <SimpleData name="standouts">2.10 Digitalis purpurea
1.98 Prunella vulgaris
1.96 Corydalis scouleri
1.88 Gaultheria shallon
1.83 Vaccinium parvifolium</SimpleData>
            <SimpleData name="OGR_STYLE">PEN(fc:#FF666666,w:2px);BRUSH(fc:#8DA0CBFF)</SimpleData>
          </SchemaData>
        </ExtendedData>
        <Polygon>
          <outerBoundaryIs>
            <LinearRing>
              <coordinates>
                -122.367783,45.521288,0
                -122.371238,45.533576,0
                -122.371239,45.533578,0
                -122.375633,45.53823,0
                -122.376156,45.538755,0
                -122.378027,45.540179,0
                -122.378272,45.540358,0
                -122.381058,45.541145,0
                -122.381662,45.541305,0
                -122.382427,45.540677,0
                -122.383583,45.539567,0
                -122.399401,45.512539,0
                -122.399809,45.510441,0
                -122.399825,45.50937,0
                -122.399902,45.498505,0
                -122.399788,45.481561,0
                -122.398728,45.474033,0
                -122.398553,45.473942,0
                -122.398362,45.473858,0
                -122.398195,45.473808,0
                -122.385405,45.477053,0
                -122.371012,45.487787,0
                -122.367748,45.497155,0
                -122.36535,45.512378,0
                -122.367783,45.521288,0
              </coordinates>
            </LinearRing>
          </outerBoundaryIs>
        </Polygon>
      </Placemark>
      <Placemark id="mthood.140">
        <name>Area141: 369 obs</name>
        <description>19 Olsynium douglasii
16 Lomatium klickitatense
15 Erynnis propertius
11 Fritillaria pudica
10 Limenitis lorquini
10 Pituophis catenifer
9 Cardamine nuttallii
9 Lomatium nudicaule
9 Sceloporus occidentalis
9 Triteleia grandiflora

Cluster 6 standouts:
2.06 Lomatium nudicaule
2.00 Castilleja hispida
1.93 Erythronium grandiflorum
1.93 Lomatium triternatum
1.81 Hydrophyllum capitatum</description>
        <Style>
          <LineStyle>
            <width>2</width>
          </LineStyle>
          <PolyStyle>
            <color>ff2fd9ff</color>
          </PolyStyle>
        </Style>
        <ExtendedData>
          <SchemaData schemaUrl="#mthood.schema">
            <SimpleData name="grid_id">141</SimpleData>
            <SimpleData name="n_obs">369</SimpleData>
            <SimpleData name="cluster">6</SimpleData>
            <SimpleData name="cluster_ordered">7</SimpleData>
            <SimpleData name="top_species">19 Olsynium douglasii
16 Lomatium klickitatense
15 Erynnis propertius
11 Fritillaria pudica
10 Limenitis lorquini
10 Pituophis catenifer
9 Cardamine nuttallii
9 Lomatium nudicaule
9 Sceloporus occidentalis
9 Triteleia grandiflora</SimpleData>
            <SimpleData name="standouts">2.06 Lomatium nudicaule
2.00 Castilleja hispida
1.93 Erythronium grandiflorum
1.93 Lomatium triternatum
1.81 Hydrophyllum capitatum</SimpleData>
            <SimpleData name="OGR_STYLE">PEN(fc:#FF666666,w:2px);BRUSH(fc:#FFD92FFF)</SimpleData>
          </SchemaData>
        </ExtendedData>
        <Polygon>
          <outerBoundaryIs>
            <LinearRing>
              <coordinates>
                -121.088533,45.696608,0
                -121.0888337,45.6975552,0
                -121.09658,45.709083,0
                -121.107353,45.725717,0
                -121.116493,45.755602,0
                -121.1185454,45.7911568,0
                -121.127527,45.819452,0
                -121.155278,45.823862,0
                -121.242037,45.830353,0
                -121.270355,45.794597,0
                -121.262437,45.75892,0
                -121.255142,45.72807,0
                -121.255133,45.72805,0
                -121.2526617,45.724807,0
                -121.2440684,45.7154597,0
                -121.231292,45.70276,0
                -121.210847,45.686924,0
                -121.10463,45.666764,0
                -121.091369,45.676425,0
                -121.088921,45.678925,0
                -121.088533,45.696608,0
              </coordinates>
            </LinearRing>
          </outerBoundaryIs>
        </Polygon>
      </Placemark>
      <Placemark id="mthood.141">
        <name>Area142: 371 obs</name>
        <description>29 Quercus garryana
17 Pinus ponderosa
13 Marah oregana
12 Eriogonum compositum
11 Lomatium columbianum
10 Centaurea cyanus
8 Eschscholzia californica
7 Achillea millefolium
7 Asclepias fascicularis
7 Claytonia perfoliata

Cluster 6 standouts:
2.06 Lomatium nudicaule
2.00 Castilleja hispida
1.93 Erythronium grandiflorum
1.93 Lomatium triternatum
1.81 Hydrophyllum capitatum</description>
        <Style>
          <LineStyle>
            <width>2</width>
          </LineStyle>
          <PolyStyle>
            <color>ff2fd9ff</color>
          </PolyStyle>
        </Style>
        <ExtendedData>
          <SchemaData schemaUrl="#mthood.schema">
            <SimpleData name="grid_id">142</SimpleData>
            <SimpleData name="n_obs">371</SimpleData>
            <SimpleData name="cluster">6</SimpleData>
            <SimpleData name="cluster_ordered">7</SimpleData>
            <SimpleData name="top_species">29 Quercus garryana
17 Pinus ponderosa
13 Marah oregana
12 Eriogonum compositum
11 Lomatium columbianum
10 Centaurea cyanus
8 Eschscholzia californica
7 Achillea millefolium
7 Asclepias fascicularis
7 Claytonia perfoliata</SimpleData>
            <SimpleData name="standouts">2.06 Lomatium nudicaule
2.00 Castilleja hispida
1.93 Erythronium grandiflorum
1.93 Lomatium triternatum
1.81 Hydrophyllum capitatum</SimpleData>
            <SimpleData name="OGR_STYLE">PEN(fc:#FF666666,w:2px);BRUSH(fc:#FFD92FFF)</SimpleData>
          </SchemaData>
        </ExtendedData>
        <Polygon>
          <outerBoundaryIs>
            <LinearRing>
              <coordinates>
                -121.268144,45.712444,0
                -121.26976,45.721803,0
                -121.282269,45.768226,0
                -121.295849,45.777287,0
                -121.345537,45.78252,0
                -121.347167,45.782238,0
                -121.337718,45.716178,0
                -121.336622,45.71517,0
                -121.326058,45.705995,0
                -121.325431,45.705541,0
                -121.325317,45.70546,0
                -121.28993,45.69319,0
                -121.283042,45.69227,0
                -121.282036,45.692306,0
                -121.27879,45.692748,0
                -121.272737,45.69361,0
                -121.270556,45.695678,0
                -121.268144,45.712444,0
              </coordinates>
            </LinearRing>
          </outerBoundaryIs>
        </Polygon>
      </Placemark>
      <Placemark id="mthood.142">
        <name>Area143: 390 obs</name>
        <description>31 Polemonium californicum
23 Senecio triangularis
23 Valeriana sitchensis
20 Erigeron glacialis
15 Castilleja suksdorfii
15 Lonicera involucrata
14 Trautvetteria carolinensis
13 Calochortus subalpinus
13 Tsuga mertensiana
11 Lomatium martindalei

Cluster 5 standouts:
2.39 Calochortus subalpinus
2.33 Tsuga mertensiana
2.32 Sorbus sitchensis
2.22 Valeriana sitchensis
1.97 Lomatium martindalei</description>
        <Style>
          <LineStyle>
            <width>2</width>
          </LineStyle>
          <PolyStyle>
            <color>ff54d8a6</color>
          </PolyStyle>
        </Style>
        <ExtendedData>
          <SchemaData schemaUrl="#mthood.schema">
            <SimpleData name="grid_id">143</SimpleData>
            <SimpleData name="n_obs">390</SimpleData>
            <SimpleData name="cluster">5</SimpleData>
            <SimpleData name="cluster_ordered">1</SimpleData>
            <SimpleData name="top_species">31 Polemonium californicum
23 Senecio triangularis
23 Valeriana sitchensis
20 Erigeron glacialis
15 Castilleja suksdorfii
15 Lonicera involucrata
14 Trautvetteria carolinensis
13 Calochortus subalpinus
13 Tsuga mertensiana
11 Lomatium martindalei</SimpleData>
            <SimpleData name="standouts">2.39 Calochortus subalpinus
2.33 Tsuga mertensiana
2.32 Sorbus sitchensis
2.22 Valeriana sitchensis
1.97 Lomatium martindalei</SimpleData>
            <SimpleData name="OGR_STYLE">PEN(fc:#FF666666,w:2px);BRUSH(fc:#A6D854FF)</SimpleData>
          </SchemaData>
        </ExtendedData>
        <Polygon>
          <outerBoundaryIs>
            <LinearRing>
              <coordinates>
                -121.564294,45.337133,0
                -121.563905,45.336095,0
                -121.559031,45.335238,0
                -121.556533,45.335125,0
                -121.525449,45.342696,0
                -121.494375,45.356623,0
                -121.52118,45.422262,0
                -121.522696,45.423496,0
                -121.523072,45.423267,0
                -121.545127,45.407542,0
                -121.552293,45.400148,0
                -121.555586,45.395779,0
                -121.561653,45.383132,0
                -121.563225,45.37935,0
                -121.564905,45.372286,0
                -121.564294,45.337133,0
              </coordinates>
            </LinearRing>
          </outerBoundaryIs>
        </Polygon>
      </Placemark>
      <Placemark id="mthood.143">
        <name>Area144: 360 obs</name>
        <description>44 Lewisia rediviva
20 Olsynium douglasii
19 Lomatium columbianum
18 Lomatium klickitatense
16 Dicentra cucullaria
13 Lithophragma parviflorum
13 Triteleia grandiflora
10 Aphyllon uniflorum
10 Lithophragma glabrum
10 Pinus ponderosa

Cluster 4 standouts:
2.19 Valeriana congesta
2.14 Lomatium klickitatense
2.02 Lithophragma glabrum
1.97 Crocidium multicaule
1.86 Olsynium douglasii</description>
        <Style>
          <LineStyle>
            <width>2</width>
          </LineStyle>
          <PolyStyle>
            <color>ffc38ae7</color>
          </PolyStyle>
        </Style>
        <ExtendedData>
          <SchemaData schemaUrl="#mthood.schema">
            <SimpleData name="grid_id">144</SimpleData>
            <SimpleData name="n_obs">360</SimpleData>
            <SimpleData name="cluster">4</SimpleData>
            <SimpleData name="cluster_ordered">8</SimpleData>
            <SimpleData name="top_species">44 Lewisia rediviva
20 Olsynium douglasii
19 Lomatium columbianum
18 Lomatium klickitatense
16 Dicentra cucullaria
13 Lithophragma parviflorum
13 Triteleia grandiflora
10 Aphyllon uniflorum
10 Lithophragma glabrum
10 Pinus ponderosa</SimpleData>
            <SimpleData name="standouts">2.19 Valeriana congesta
2.14 Lomatium klickitatense
2.02 Lithophragma glabrum
1.97 Crocidium multicaule
1.86 Olsynium douglasii</SimpleData>
            <SimpleData name="OGR_STYLE">PEN(fc:#FF666666,w:2px);BRUSH(fc:#E78AC3FF)</SimpleData>
          </SchemaData>
        </ExtendedData>
        <Polygon>
          <outerBoundaryIs>
            <LinearRing>
              <coordinates>
                -121.363486,45.70842,0
                -121.3635095,45.7087191,0
                -121.36413,45.7097,0
                -121.36437,45.71012,0
                -121.364457,45.710359,0
                -121.36491,45.711627,0
                -121.364853,45.71223,0
                -121.364753,45.712445,0
                -121.364399,45.713151,0
                -121.364022,45.713882,0
                -121.3639175,45.7139213,0
                -121.363938,45.714182,0
                -121.367375,45.7172,0
                -121.368852,45.718268,0
                -121.370881,45.719269,0
                -121.37188,45.719713,0
                -121.371989,45.719731,0
                -121.3729075,45.7185177,0
                -121.3738044,45.7105364,0
                -121.373771,45.710439,0
                -121.373741,45.710405,0
                -121.372392,45.709814,0
                -121.364708,45.707925,0
                -121.364016,45.708047,0
                -121.363486,45.70842,0
              </coordinates>
            </LinearRing>
          </outerBoundaryIs>
        </Polygon>
      </Placemark>
      <Placemark id="mthood.144">
        <name>Area145: 237 obs</name>
        <description>14 Castilleja miniata
11 Lilium washingtonianum
9 Cornus unalaschkensis
9 Rhododendron macrophyllum
8 Clintonia uniflora
8 Trillium ovatum
7 Nothochelone nemorosa
6 Abies amabilis
6 Lysichiton americanus
6 Neotamias townsendii

Cluster 1 standouts:
2.42 Rhododendron macrophyllum
2.37 Cornus unalaschkensis
2.11 Oplopanax horridus
1.91 Lysichiton americanus
1.84 Tsuga heterophylla</description>
        <Style>
          <LineStyle>
            <width>2</width>
          </LineStyle>
          <PolyStyle>
            <color>ffa5c266</color>
          </PolyStyle>
        </Style>
        <ExtendedData>
          <SchemaData schemaUrl="#mthood.schema">
            <SimpleData name="grid_id">145</SimpleData>
            <SimpleData name="n_obs">237</SimpleData>
            <SimpleData name="cluster">1</SimpleData>
            <SimpleData name="cluster_ordered">2</SimpleData>
            <SimpleData name="top_species">14 Castilleja miniata
11 Lilium washingtonianum
9 Cornus unalaschkensis
9 Rhododendron macrophyllum
8 Clintonia uniflora
8 Trillium ovatum
7 Nothochelone nemorosa
6 Abies amabilis
6 Lysichiton americanus
6 Neotamias townsendii</SimpleData>
            <SimpleData name="standouts">2.42 Rhododendron macrophyllum
2.37 Cornus unalaschkensis
2.11 Oplopanax horridus
1.91 Lysichiton americanus
1.84 Tsuga heterophylla</SimpleData>
            <SimpleData name="OGR_STYLE">PEN(fc:#FF666666,w:2px);BRUSH(fc:#66C2A5FF)</SimpleData>
          </SchemaData>
        </ExtendedData>
        <Polygon>
          <outerBoundaryIs>
            <LinearRing>
              <coordinates>
                -121.772344,45.294813,0
                -121.77163,45.29715,0
                -121.7717869,45.2975393,0
                -121.7932812,45.2975509,0
                -121.794116,45.296601,0
                -121.797091,45.290137,0
                -121.796263,45.289575,0
                -121.781624,45.286686,0
                -121.778797,45.287474,0
                -121.776858,45.288122,0
                -121.772344,45.294813,0
              </coordinates>
            </LinearRing>
          </outerBoundaryIs>
        </Polygon>
      </Placemark>
      <Placemark id="mthood.145">
        <name>Area146: 646 obs</name>
        <description>40 Oplopanax horridus
37 Adiantum aleuticum
32 Oncorhynchus kisutch
30 Corydalis scouleri
30 Dicentra formosa
30 Tellima grandiflora
29 Digitalis purpurea
25 Claytonia sibirica
23 Ariolimax columbianus
22 Marah oregana

Cluster 8 standouts:
2.07 Tellima grandiflora
2.00 Adiantum aleuticum
1.92 Geranium robertianum
1.90 Sedum spathulifolium
1.87 Heracleum maximum</description>
        <Style>
          <LineStyle>
            <width>2</width>
          </LineStyle>
          <PolyStyle>
            <color>ffb3b3b3</color>
          </PolyStyle>
        </Style>
        <ExtendedData>
          <SchemaData schemaUrl="#mthood.schema">
            <SimpleData name="grid_id">146</SimpleData>
            <SimpleData name="n_obs">646</SimpleData>
            <SimpleData name="cluster">8</SimpleData>
            <SimpleData name="cluster_ordered">3</SimpleData>
            <SimpleData name="top_species">40 Oplopanax horridus
37 Adiantum aleuticum
32 Oncorhynchus kisutch
30 Corydalis scouleri
30 Dicentra formosa
30 Tellima grandiflora
29 Digitalis purpurea
25 Claytonia sibirica
23 Ariolimax columbianus
22 Marah oregana</SimpleData>
            <SimpleData name="standouts">2.07 Tellima grandiflora
2.00 Adiantum aleuticum
1.92 Geranium robertianum
1.90 Sedum spathulifolium
1.87 Heracleum maximum</SimpleData>
            <SimpleData name="OGR_STYLE">PEN(fc:#FF666666,w:2px);BRUSH(fc:#B3B3B3FF)</SimpleData>
          </SchemaData>
        </ExtendedData>
        <Polygon>
          <outerBoundaryIs>
            <LinearRing>
              <coordinates>
                -122.2157174,45.5403745,0
                -122.216163,45.53947,0
                -122.217574,45.538472,0
                -122.2179462,45.5382249,0
                -122.218055,45.53812,0
                -122.219612,45.533333,0
                -122.219697,45.532597,0
                -122.214414,45.530633,0
                -122.196267,45.540085,0
                -122.197542,45.546505,0
                -122.197858,45.547008,0
                -122.203688,45.549655,0
                -122.205545,45.549755,0
                -122.20652,45.549245,0
                -122.2157174,45.5403745,0
              </coordinates>
            </LinearRing>
          </outerBoundaryIs>
        </Polygon>
      </Placemark>
      <Placemark id="mthood.146">
        <name>Area147: 388 obs</name>
        <description>17 Xerophyllum tenax
16 Parnassius clodius
14 Dicentra formosa
10 Occidryas colon
9 Cornus unalaschkensis
8 Harpaphe haydeniana
8 Lilium columbianum
8 Pedicularis racemosa
8 Rubus spectabilis
7 Aruncus dioicus

Cluster 1 standouts:
2.42 Rhododendron macrophyllum
2.37 Cornus unalaschkensis
2.11 Oplopanax horridus
1.91 Lysichiton americanus
1.84 Tsuga heterophylla</description>
        <Style>
          <LineStyle>
            <width>2</width>
          </LineStyle>
          <PolyStyle>
            <color>ffa5c266</color>
          </PolyStyle>
        </Style>
        <ExtendedData>
          <SchemaData schemaUrl="#mthood.schema">
            <SimpleData name="grid_id">147</SimpleData>
            <SimpleData name="n_obs">388</SimpleData>
            <SimpleData name="cluster">1</SimpleData>
            <SimpleData name="cluster_ordered">2</SimpleData>
            <SimpleData name="top_species">17 Xerophyllum tenax
16 Parnassius clodius
14 Dicentra formosa
10 Occidryas colon
9 Cornus unalaschkensis
8 Harpaphe haydeniana
8 Lilium columbianum
8 Pedicularis racemosa
8 Rubus spectabilis
7 Aruncus dioicus</SimpleData>
            <SimpleData name="standouts">2.42 Rhododendron macrophyllum
2.37 Cornus unalaschkensis
2.11 Oplopanax horridus
1.91 Lysichiton americanus
1.84 Tsuga heterophylla</SimpleData>
            <SimpleData name="OGR_STYLE">PEN(fc:#FF666666,w:2px);BRUSH(fc:#66C2A5FF)</SimpleData>
          </SchemaData>
        </ExtendedData>
        <Polygon>
          <outerBoundaryIs>
            <LinearRing>
              <coordinates>
                -122.369605,45.710103,0
                -122.346817,45.632497,0
                -122.331778,45.620667,0
                -122.324347,45.625388,0
                -122.266342,45.679622,0
                -122.254501,45.731186,0
                -122.254712,45.734901,0
                -122.256737,45.746067,0
                -122.265898,45.769756,0
                -122.278097,45.782603,0
                -122.292764,45.781874,0
                -122.29631,45.779945,0
                -122.365973,45.725769,0
                -122.369605,45.710103,0
              </coordinates>
            </LinearRing>
          </outerBoundaryIs>
        </Polygon>
      </Placemark>
      <Placemark id="mthood.147">
        <name>Area148: 510 obs</name>
        <description>32 Rhododendron macrophyllum
28 Cornus unalaschkensis
23 Xerophyllum tenax
19 Lysichiton americanus
19 Pterospora andromedea
14 Trillium ovatum
13 Monotropa hypopitys
12 Chamaenerion angustifolium
12 Spiraea splendens
11 Anaphalis margaritacea

Cluster 1 standouts:
2.42 Rhododendron macrophyllum
2.37 Cornus unalaschkensis
2.11 Oplopanax horridus
1.91 Lysichiton americanus
1.84 Tsuga heterophylla</description>
        <Style>
          <LineStyle>
            <width>2</width>
          </LineStyle>
          <PolyStyle>
            <color>ffa5c266</color>
          </PolyStyle>
        </Style>
        <ExtendedData>
          <SchemaData schemaUrl="#mthood.schema">
            <SimpleData name="grid_id">148</SimpleData>
            <SimpleData name="n_obs">510</SimpleData>
            <SimpleData name="cluster">1</SimpleData>
            <SimpleData name="cluster_ordered">2</SimpleData>
            <SimpleData name="top_species">32 Rhododendron macrophyllum
28 Cornus unalaschkensis
23 Xerophyllum tenax
19 Lysichiton americanus
19 Pterospora andromedea
14 Trillium ovatum
13 Monotropa hypopitys
12 Chamaenerion angustifolium
12 Spiraea splendens
11 Anaphalis margaritacea</SimpleData>
            <SimpleData name="standouts">2.42 Rhododendron macrophyllum
2.37 Cornus unalaschkensis
2.11 Oplopanax horridus
1.91 Lysichiton americanus
1.84 Tsuga heterophylla</SimpleData>
            <SimpleData name="OGR_STYLE">PEN(fc:#FF666666,w:2px);BRUSH(fc:#66C2A5FF)</SimpleData>
          </SchemaData>
        </ExtendedData>
        <Polygon>
          <outerBoundaryIs>
            <LinearRing>
              <coordinates>
                -121.767455,45.297537,0
                -121.767405,45.297606,0
                -121.763672,45.310353,0
                -121.763707,45.310476,0
                -121.76667,45.319763,0
                -121.768702,45.321878,0
                -121.781647,45.315947,0
                -121.786884,45.31259,0
                -121.789272,45.3106,0
                -121.79208,45.305449,0
                -121.793388,45.300633,0
                -121.793572,45.29773,0
                -121.793558,45.297699,0
                -121.79347,45.297551,0
                -121.767455,45.297537,0
              </coordinates>
            </LinearRing>
          </outerBoundaryIs>
        </Polygon>
      </Placemark>
      <Placemark id="mthood.148">
        <name>Area149: 389 obs</name>
        <description>23 Adelinia grandis
22 Lomatium klickitatense
21 Olsynium douglasii
15 Lomatium columbianum
12 Hydrophyllum capitatum
11 Fritillaria affinis
11 Marah oregana
11 Pentagramma triangularis
10 Lithophragma parviflorum
9 Fritillaria pudica

Cluster 4 standouts:
2.19 Valeriana congesta
2.14 Lomatium klickitatense
2.02 Lithophragma glabrum
1.97 Crocidium multicaule
1.86 Olsynium douglasii</description>
        <Style>
          <LineStyle>
            <width>2</width>
          </LineStyle>
          <PolyStyle>
            <color>ffc38ae7</color>
          </PolyStyle>
        </Style>
        <ExtendedData>
          <SchemaData schemaUrl="#mthood.schema">
            <SimpleData name="grid_id">149</SimpleData>
            <SimpleData name="n_obs">389</SimpleData>
            <SimpleData name="cluster">4</SimpleData>
            <SimpleData name="cluster_ordered">8</SimpleData>
            <SimpleData name="top_species">23 Adelinia grandis
22 Lomatium klickitatense
21 Olsynium douglasii
15 Lomatium columbianum
12 Hydrophyllum capitatum
11 Fritillaria affinis
11 Marah oregana
11 Pentagramma triangularis
10 Lithophragma parviflorum
9 Fritillaria pudica</SimpleData>
            <SimpleData name="standouts">2.19 Valeriana congesta
2.14 Lomatium klickitatense
2.02 Lithophragma glabrum
1.97 Crocidium multicaule
1.86 Olsynium douglasii</SimpleData>
            <SimpleData name="OGR_STYLE">PEN(fc:#FF666666,w:2px);BRUSH(fc:#E78AC3FF)</SimpleData>
          </SchemaData>
        </ExtendedData>
        <Polygon>
          <outerBoundaryIs>
            <LinearRing>
              <coordinates>
                -121.390097,45.704358,0
                -121.387932,45.702278,0
                -121.387283,45.702305,0
                -121.374527,45.708828,0
                -121.373821,45.710389,0
                -121.372722,45.720168,0
                -121.372721,45.720272,0
                -121.373824,45.721125,0
                -121.375829,45.721955,0
                -121.380787,45.723754,0
                -121.392746,45.727274,0
                -121.395814,45.716953,0
                -121.391011,45.705556,0
                -121.390097,45.704358,0
              </coordinates>
            </LinearRing>
          </outerBoundaryIs>
        </Polygon>
      </Placemark>
      <Placemark id="mthood.149">
        <name>Area150: 310 obs</name>
        <description>16 Pterospora andromedea
15 Physocarpus capitatus
14 Limenitis lorquini
13 Aquilegia formosa
12 Platanthera dilatata
10 Lonicera ciliosa
10 Papilio eurymedon
10 Spiraea douglasii
9 Celastrina ladon
8 Lilium columbianum

Cluster 2 standouts:
2.32 Calypso bulbosa
2.15 Corallorhiza maculata
2.05 Cornus nuttallii
1.84 Moehringia macrophylla
1.83 Lonicera ciliosa</description>
        <Style>
          <LineStyle>
            <width>2</width>
          </LineStyle>
          <PolyStyle>
            <color>ff628dfc</color>
          </PolyStyle>
        </Style>
        <ExtendedData>
          <SchemaData schemaUrl="#mthood.schema">
            <SimpleData name="grid_id">150</SimpleData>
            <SimpleData name="n_obs">310</SimpleData>
            <SimpleData name="cluster">2</SimpleData>
            <SimpleData name="cluster_ordered">5</SimpleData>
            <SimpleData name="top_species">16 Pterospora andromedea
15 Physocarpus capitatus
14 Limenitis lorquini
13 Aquilegia formosa
12 Platanthera dilatata
10 Lonicera ciliosa
10 Papilio eurymedon
10 Spiraea douglasii
9 Celastrina ladon
8 Lilium columbianum</SimpleData>
            <SimpleData name="standouts">2.32 Calypso bulbosa
2.15 Corallorhiza maculata
2.05 Cornus nuttallii
1.84 Moehringia macrophylla
1.83 Lonicera ciliosa</SimpleData>
            <SimpleData name="OGR_STYLE">PEN(fc:#FF666666,w:2px);BRUSH(fc:#FC8D62FF)</SimpleData>
          </SchemaData>
        </ExtendedData>
        <Polygon>
          <outerBoundaryIs>
            <LinearRing>
              <coordinates>
                -121.6280473,44.5022836,0
                -121.627842,44.528923,0
                -121.6291987,44.5293499,0
                -121.6335577,44.5262641,0
                -121.653947,44.50473,0
                -121.6498795,44.5022904,0
                -121.6280473,44.5022836,0
              </coordinates>
            </LinearRing>
          </outerBoundaryIs>
        </Polygon>
      </Placemark>
      <Placemark id="mthood.150">
        <name>Area151: 373 obs</name>
        <description>22 Rhododendron macrophyllum
16 Oplopanax horridus
15 Gaultheria shallon
11 Xerophyllum tenax
10 Linnaea borealis
10 Tiarella trifoliata
9 Chrysolepis chrysophylla
9 Cornus unalaschkensis
9 Mahonia nervosa
9 Trillium ovatum

Cluster 1 standouts:
2.42 Rhododendron macrophyllum
2.37 Cornus unalaschkensis
2.11 Oplopanax horridus
1.91 Lysichiton americanus
1.84 Tsuga heterophylla</description>
        <Style>
          <LineStyle>
            <width>2</width>
          </LineStyle>
          <PolyStyle>
            <color>ffa5c266</color>
          </PolyStyle>
        </Style>
        <ExtendedData>
          <SchemaData schemaUrl="#mthood.schema">
            <SimpleData name="grid_id">151</SimpleData>
            <SimpleData name="n_obs">373</SimpleData>
            <SimpleData name="cluster">1</SimpleData>
            <SimpleData name="cluster_ordered">2</SimpleData>
            <SimpleData name="top_species">22 Rhododendron macrophyllum
16 Oplopanax horridus
15 Gaultheria shallon
11 Xerophyllum tenax
10 Linnaea borealis
10 Tiarella trifoliata
9 Chrysolepis chrysophylla
9 Cornus unalaschkensis
9 Mahonia nervosa
9 Trillium ovatum</SimpleData>
            <SimpleData name="standouts">2.42 Rhododendron macrophyllum
2.37 Cornus unalaschkensis
2.11 Oplopanax horridus
1.91 Lysichiton americanus
1.84 Tsuga heterophylla</SimpleData>
            <SimpleData name="OGR_STYLE">PEN(fc:#FF666666,w:2px);BRUSH(fc:#66C2A5FF)</SimpleData>
          </SchemaData>
        </ExtendedData>
        <Polygon>
          <outerBoundaryIs>
            <LinearRing>
              <coordinates>
                -121.806652,45.267187,0
                -121.858558,45.303145,0
                -121.866397,45.304618,0
                -121.867246,45.304649,0
                -121.86946,45.304438,0
                -121.884942,45.302228,0
                -121.893455,45.299855,0
                -121.923478,45.281053,0
                -121.92485,45.279925,0
                -121.888603,45.244158,0
                -121.86985,45.229339,0
                -121.869003,45.228989,0
                -121.868722,45.228942,0
                -121.806652,45.267187,0
              </coordinates>
            </LinearRing>
          </outerBoundaryIs>
        </Polygon>
      </Placemark>
      <Placemark id="mthood.151">
        <name>Area152: 370 obs</name>
        <description>12 Chamaenerion angustifolium
11 Anas platyrhynchos
10 Cytisus scoparius
10 Gaultheria shallon
9 Trifolium arvense
8 Acer macrophyllum
8 Callospermophilus lateralis
8 Lilium washingtonianum
8 Verbascum thapsus
7 Anaphalis margaritacea

Cluster 3 standouts:
2.10 Digitalis purpurea
1.98 Prunella vulgaris
1.96 Corydalis scouleri
1.88 Gaultheria shallon
1.83 Vaccinium parvifolium</description>
        <Style>
          <LineStyle>
            <width>2</width>
          </LineStyle>
          <PolyStyle>
            <color>ffcba08d</color>
          </PolyStyle>
        </Style>
        <ExtendedData>
          <SchemaData schemaUrl="#mthood.schema">
            <SimpleData name="grid_id">152</SimpleData>
            <SimpleData name="n_obs">370</SimpleData>
            <SimpleData name="cluster">3</SimpleData>
            <SimpleData name="cluster_ordered">4</SimpleData>
            <SimpleData name="top_species">12 Chamaenerion angustifolium
11 Anas platyrhynchos
10 Cytisus scoparius
10 Gaultheria shallon
9 Trifolium arvense
8 Acer macrophyllum
8 Callospermophilus lateralis
8 Lilium washingtonianum
8 Verbascum thapsus
7 Anaphalis margaritacea</SimpleData>
            <SimpleData name="standouts">2.10 Digitalis purpurea
1.98 Prunella vulgaris
1.96 Corydalis scouleri
1.88 Gaultheria shallon
1.83 Vaccinium parvifolium</SimpleData>
            <SimpleData name="OGR_STYLE">PEN(fc:#FF666666,w:2px);BRUSH(fc:#8DA0CBFF)</SimpleData>
          </SchemaData>
        </ExtendedData>
        <Polygon>
          <outerBoundaryIs>
            <LinearRing>
              <coordinates>
                -122.024257,44.619305,0
                -122.020172,44.621012,0
                -122.020119,44.621047,0
                -122.019486,44.621483,0
                -122.018558,44.625666,0
                -122.018586,44.625837,0
                -122.030464,44.68808,0
                -122.032044,44.693458,0
                -122.105456,44.737546,0
                -122.141175,44.748337,0
                -122.142319,44.748255,0
                -122.156769,44.746677,0
                -122.190505,44.73317,0
                -122.201875,44.702897,0
                -122.193603,44.694887,0
                -122.129097,44.639612,0
                -122.026297,44.619637,0
                -122.024257,44.619305,0
              </coordinates>
            </LinearRing>
          </outerBoundaryIs>
        </Polygon>
      </Placemark>
      <Placemark id="mthood.152">
        <name>Area153: 87 obs</name>
        <description>7 Pseudacris regilla
5 Dipsacus fullonum
4 Jacobaea vulgaris
3 Mahonia aquifolium
3 Solanum dulcamara
3 Thaleichthys pacificus
3 Turdus migratorius
2 Ardea herodias
2 Boisea rubrolineata
2 Cornus sericea

Cluster 7 standouts:
2.20 Haliaeetus leucocephalus
2.20 Pandion haliaetus
1.92 Turdus migratorius
1.88 Pseudacris regilla
1.82 Cathartes aura</description>
        <Style>
          <LineStyle>
            <width>2</width>
          </LineStyle>
          <PolyStyle>
            <color>ff94c4e5</color>
          </PolyStyle>
        </Style>
        <ExtendedData>
          <SchemaData schemaUrl="#mthood.schema">
            <SimpleData name="grid_id">153</SimpleData>
            <SimpleData name="n_obs">87</SimpleData>
            <SimpleData name="cluster">7</SimpleData>
            <SimpleData name="cluster_ordered">6</SimpleData>
            <SimpleData name="top_species">7 Pseudacris regilla
5 Dipsacus fullonum
4 Jacobaea vulgaris
3 Mahonia aquifolium
3 Solanum dulcamara
3 Thaleichthys pacificus
3 Turdus migratorius
2 Ardea herodias
2 Boisea rubrolineata
2 Cornus sericea</SimpleData>
            <SimpleData name="standouts">2.20 Haliaeetus leucocephalus
2.20 Pandion haliaetus
1.92 Turdus migratorius
1.88 Pseudacris regilla
1.82 Cathartes aura</SimpleData>
            <SimpleData name="OGR_STYLE">PEN(fc:#FF666666,w:2px);BRUSH(fc:#E5C494FF)</SimpleData>
          </SchemaData>
        </ExtendedData>
        <Polygon>
          <outerBoundaryIs>
            <LinearRing>
              <coordinates>
                -122.372765,45.578247,0
                -122.374583,45.5563816,0
                -122.374218,45.555771,0
                -122.374895,45.552593,0
                -122.3748995,45.5525752,0
                -122.374992,45.551463,0
                -122.3744251,45.550798,0
                -122.3507245,45.567155,0
                -122.346504,45.578032,0
                -122.368095,45.593388,0
                -122.368813,45.593478,0
                -122.368996,45.5933,0
                -122.372765,45.578247,0
              </coordinates>
            </LinearRing>
          </outerBoundaryIs>
        </Polygon>
      </Placemark>
      <Placemark id="mthood.153">
        <name>Area154: 369 obs</name>
        <description>10 Melospiza melodia
10 Trillium ovatum
10 Viola glabella
8 Acer macrophyllum
8 Digitalis purpurea
8 Maianthemum dilatatum
8 Odocoileus hemionus
8 Polystichum munitum
8 Thuja plicata
7 Dicentra formosa

Cluster 3 standouts:
2.10 Digitalis purpurea
1.98 Prunella vulgaris
1.96 Corydalis scouleri
1.88 Gaultheria shallon
1.83 Vaccinium parvifolium</description>
        <Style>
          <LineStyle>
            <width>2</width>
          </LineStyle>
          <PolyStyle>
            <color>ffcba08d</color>
          </PolyStyle>
        </Style>
        <ExtendedData>
          <SchemaData schemaUrl="#mthood.schema">
            <SimpleData name="grid_id">154</SimpleData>
            <SimpleData name="n_obs">369</SimpleData>
            <SimpleData name="cluster">3</SimpleData>
            <SimpleData name="cluster_ordered">4</SimpleData>
            <SimpleData name="top_species">10 Melospiza melodia
10 Trillium ovatum
10 Viola glabella
8 Acer macrophyllum
8 Digitalis purpurea
8 Maianthemum dilatatum
8 Odocoileus hemionus
8 Polystichum munitum
8 Thuja plicata
7 Dicentra formosa</SimpleData>
            <SimpleData name="standouts">2.10 Digitalis purpurea
1.98 Prunella vulgaris
1.96 Corydalis scouleri
1.88 Gaultheria shallon
1.83 Vaccinium parvifolium</SimpleData>
            <SimpleData name="OGR_STYLE">PEN(fc:#FF666666,w:2px);BRUSH(fc:#8DA0CBFF)</SimpleData>
          </SchemaData>
        </ExtendedData>
        <Polygon>
          <outerBoundaryIs>
            <LinearRing>
              <coordinates>
                -122.226813,45.645088,0
                -122.24658,45.656429,0
                -122.26748,45.663443,0
                -122.296917,45.631489,0
                -122.308003,45.57351,0
                -122.305589,45.561362,0
                -122.30174,45.559876,0
                -122.299229,45.559613,0
                -122.297433,45.559539,0
                -122.292838,45.559833,0
                -122.231177,45.607895,0
                -122.228164,45.610257,0
                -122.225297,45.624305,0
                -122.225147,45.626861,0
                -122.226813,45.645088,0
              </coordinates>
            </LinearRing>
          </outerBoundaryIs>
        </Polygon>
      </Placemark>
      <Placemark id="mthood.154">
        <name>Area155: 370 obs</name>
        <description>20 Trillium ovatum
12 Maianthemum dilatatum
11 Fomitopsis mounceae
11 Vaccinium parvifolium
10 Dicentra formosa
10 Polystichum munitum
10 Tsuga heterophylla
9 Gaultheria shallon
9 Goodyera oblongifolia
9 Rubus spectabilis

Cluster 3 standouts:
2.10 Digitalis purpurea
1.98 Prunella vulgaris
1.96 Corydalis scouleri
1.88 Gaultheria shallon
1.83 Vaccinium parvifolium</description>
        <Style>
          <LineStyle>
            <width>2</width>
          </LineStyle>
          <PolyStyle>
            <color>ffcba08d</color>
          </PolyStyle>
        </Style>
        <ExtendedData>
          <SchemaData schemaUrl="#mthood.schema">
            <SimpleData name="grid_id">155</SimpleData>
            <SimpleData name="n_obs">370</SimpleData>
            <SimpleData name="cluster">3</SimpleData>
            <SimpleData name="cluster_ordered">4</SimpleData>
            <SimpleData name="top_species">20 Trillium ovatum
12 Maianthemum dilatatum
11 Fomitopsis mounceae
11 Vaccinium parvifolium
10 Dicentra formosa
10 Polystichum munitum
10 Tsuga heterophylla
9 Gaultheria shallon
9 Goodyera oblongifolia
9 Rubus spectabilis</SimpleData>
            <SimpleData name="standouts">2.10 Digitalis purpurea
1.98 Prunella vulgaris
1.96 Corydalis scouleri
1.88 Gaultheria shallon
1.83 Vaccinium parvifolium</SimpleData>
            <SimpleData name="OGR_STYLE">PEN(fc:#FF666666,w:2px);BRUSH(fc:#8DA0CBFF)</SimpleData>
          </SchemaData>
        </ExtendedData>
        <Polygon>
          <outerBoundaryIs>
            <LinearRing>
              <coordinates>
                -122.140702,45.518877,0
                -122.1691,45.409095,0
                -122.102415,45.377954,0
                -122.082134,45.375229,0
                -122.08211,45.37523,0
                -122.043526,45.378292,0
                -122.03608,45.37947,0
                -122.034852,45.37975,0
                -122.034605,45.380078,0
                -122.033871,45.386438,0
                -122.065308,45.452988,0
                -122.101853,45.521062,0
                -122.116433,45.534654,0
                -122.127614,45.536866,0
                -122.136769,45.525893,0
                -122.140702,45.518877,0
              </coordinates>
            </LinearRing>
          </outerBoundaryIs>
        </Polygon>
      </Placemark>
      <Placemark id="mthood.155">
        <name>Area156: 381 obs</name>
        <description>11 Anaphalis margaritacea
11 Gaultheria shallon
10 Eriophyllum lanatum
9 Chamaenerion angustifolium
9 Dicentra formosa
9 Rubus parviflorus
9 Xerophyllum tenax
8 Mahonia nervosa
7 Lobaria oregana
7 Rhododendron macrophyllum

Cluster 1 standouts:
2.42 Rhododendron macrophyllum
2.37 Cornus unalaschkensis
2.11 Oplopanax horridus
1.91 Lysichiton americanus
1.84 Tsuga heterophylla</description>
        <Style>
          <LineStyle>
            <width>2</width>
          </LineStyle>
          <PolyStyle>
            <color>ffa5c266</color>
          </PolyStyle>
        </Style>
        <ExtendedData>
          <SchemaData schemaUrl="#mthood.schema">
            <SimpleData name="grid_id">156</SimpleData>
            <SimpleData name="n_obs">381</SimpleData>
            <SimpleData name="cluster">1</SimpleData>
            <SimpleData name="cluster_ordered">2</SimpleData>
            <SimpleData name="top_species">11 Anaphalis margaritacea
11 Gaultheria shallon
10 Eriophyllum lanatum
9 Chamaenerion angustifolium
9 Dicentra formosa
9 Rubus parviflorus
9 Xerophyllum tenax
8 Mahonia nervosa
7 Lobaria oregana
7 Rhododendron macrophyllum</SimpleData>
            <SimpleData name="standouts">2.42 Rhododendron macrophyllum
2.37 Cornus unalaschkensis
2.11 Oplopanax horridus
1.91 Lysichiton americanus
1.84 Tsuga heterophylla</SimpleData>
            <SimpleData name="OGR_STYLE">PEN(fc:#FF666666,w:2px);BRUSH(fc:#66C2A5FF)</SimpleData>
          </SchemaData>
        </ExtendedData>
        <Polygon>
          <outerBoundaryIs>
            <LinearRing>
              <coordinates>
                -122.221527,44.747885,0
                -122.216295,44.753197,0
                -122.219676,44.793171,0
                -122.226694,44.848894,0
                -122.241475,44.8658,0
                -122.308722,44.94203,0
                -122.371033,44.963458,0
                -122.394074,44.817532,0
                -122.39588,44.783425,0
                -122.395875,44.783303,0
                -122.27333,44.748054,0
                -122.226011,44.747609,0
                -122.221527,44.747885,0
              </coordinates>
            </LinearRing>
          </outerBoundaryIs>
        </Polygon>
      </Placemark>
      <Placemark id="mthood.156">
        <name>Area157: 369 obs</name>
        <description>24 Calypso bulbosa
14 Anemone oregana
10 Nymphalis californica
10 Pseudacris regilla
10 Quercus garryana
9 Pinus ponderosa
8 Purshia tridentata
8 Trillium ovatum
7 Abies grandis
7 Pterospora andromedea

Cluster 2 standouts:
2.32 Calypso bulbosa
2.15 Corallorhiza maculata
2.05 Cornus nuttallii
1.84 Moehringia macrophylla
1.83 Lonicera ciliosa</description>
        <Style>
          <LineStyle>
            <width>2</width>
          </LineStyle>
          <PolyStyle>
            <color>ff628dfc</color>
          </PolyStyle>
        </Style>
        <ExtendedData>
          <SchemaData schemaUrl="#mthood.schema">
            <SimpleData name="grid_id">157</SimpleData>
            <SimpleData name="n_obs">369</SimpleData>
            <SimpleData name="cluster">2</SimpleData>
            <SimpleData name="cluster_ordered">5</SimpleData>
            <SimpleData name="top_species">24 Calypso bulbosa
14 Anemone oregana
10 Nymphalis californica
10 Pseudacris regilla
10 Quercus garryana
9 Pinus ponderosa
8 Purshia tridentata
8 Trillium ovatum
7 Abies grandis
7 Pterospora andromedea</SimpleData>
            <SimpleData name="standouts">2.32 Calypso bulbosa
2.15 Corallorhiza maculata
2.05 Cornus nuttallii
1.84 Moehringia macrophylla
1.83 Lonicera ciliosa</SimpleData>
            <SimpleData name="OGR_STYLE">PEN(fc:#FF666666,w:2px);BRUSH(fc:#FC8D62FF)</SimpleData>
          </SchemaData>
        </ExtendedData>
        <Polygon>
          <outerBoundaryIs>
            <LinearRing>
              <coordinates>
                -121.369025,44.824225,0
                -121.248002,45.130937,0
                -121.326766,45.202884,0
                -121.462675,45.192641,0
                -121.51977,45.178055,0
                -121.579848,45.147526,0
                -121.584359,45.144892,0
                -121.586333,45.143658,0
                -121.597105,45.136019,0
                -121.579384,44.904785,0
                -121.543263,44.824522,0
                -121.369025,44.824225,0
              </coordinates>
            </LinearRing>
          </outerBoundaryIs>
        </Polygon>
      </Placemark>
      <Placemark id="mthood.157">
        <name>Area158: 372 obs</name>
        <description>63 Thaleichthys pacificus
13 Cytisus scoparius
12 Monadenia fidelis
9 Ardea herodias
8 Haliaeetus leucocephalus
8 Pseudacris regilla
7 Mergus merganser
7 Populus trichocarpa
7 Thamnophis sirtalis
6 Aquilegia formosa

Cluster 7 standouts:
2.20 Haliaeetus leucocephalus
2.20 Pandion haliaetus
1.92 Turdus migratorius
1.88 Pseudacris regilla
1.82 Cathartes aura</description>
        <Style>
          <LineStyle>
            <width>2</width>
          </LineStyle>
          <PolyStyle>
            <color>ff94c4e5</color>
          </PolyStyle>
        </Style>
        <ExtendedData>
          <SchemaData schemaUrl="#mthood.schema">
            <SimpleData name="grid_id">158</SimpleData>
            <SimpleData name="n_obs">372</SimpleData>
            <SimpleData name="cluster">7</SimpleData>
            <SimpleData name="cluster_ordered">6</SimpleData>
            <SimpleData name="top_species">63 Thaleichthys pacificus
13 Cytisus scoparius
12 Monadenia fidelis
9 Ardea herodias
8 Haliaeetus leucocephalus
8 Pseudacris regilla
7 Mergus merganser
7 Populus trichocarpa
7 Thamnophis sirtalis
6 Aquilegia formosa</SimpleData>
            <SimpleData name="standouts">2.20 Haliaeetus leucocephalus
2.20 Pandion haliaetus
1.92 Turdus migratorius
1.88 Pseudacris regilla
1.82 Cathartes aura</SimpleData>
            <SimpleData name="OGR_STYLE">PEN(fc:#FF666666,w:2px);BRUSH(fc:#E5C494FF)</SimpleData>
          </SchemaData>
        </ExtendedData>
        <Polygon>
          <outerBoundaryIs>
            <LinearRing>
              <coordinates>
                -122.375222,45.551308,0
                -122.374895,45.552593,0
                -122.374218,45.555771,0
                -122.380642,45.566516,0
                -122.3958335,45.5619903,0
                -122.39727,45.560978,0
                -122.3998266,45.5608007,0
                -122.399913,45.560775,0
                -122.399876,45.535462,0
                -122.390787,45.536846,0
                -122.381834,45.541578,0
                -122.376695,45.548103,0
                -122.376191,45.549093,0
                -122.375222,45.551308,0
              </coordinates>
            </LinearRing>
          </outerBoundaryIs>
        </Polygon>
      </Placemark>
      <Placemark id="mthood.158">
        <name>Area159: 420 obs</name>
        <description>25 Lunaria annua
20 Dicentra formosa
20 Tellima grandiflora
18 Ariolimax columbianus
17 Delphinium trolliifolium
12 Geranium robertianum
12 Heracleum maximum
10 Claytonia sibirica
10 Hydrophyllum tenuipes
10 Rubus parviflorus

Cluster 3 standouts:
2.10 Digitalis purpurea
1.98 Prunella vulgaris
1.96 Corydalis scouleri
1.88 Gaultheria shallon
1.83 Vaccinium parvifolium</description>
        <Style>
          <LineStyle>
            <width>2</width>
          </LineStyle>
          <PolyStyle>
            <color>ffcba08d</color>
          </PolyStyle>
        </Style>
        <ExtendedData>
          <SchemaData schemaUrl="#mthood.schema">
            <SimpleData name="grid_id">159</SimpleData>
            <SimpleData name="n_obs">420</SimpleData>
            <SimpleData name="cluster">3</SimpleData>
            <SimpleData name="cluster_ordered">4</SimpleData>
            <SimpleData name="top_species">25 Lunaria annua
20 Dicentra formosa
20 Tellima grandiflora
18 Ariolimax columbianus
17 Delphinium trolliifolium
12 Geranium robertianum
12 Heracleum maximum
10 Claytonia sibirica
10 Hydrophyllum tenuipes
10 Rubus parviflorus</SimpleData>
            <SimpleData name="standouts">2.10 Digitalis purpurea
1.98 Prunella vulgaris
1.96 Corydalis scouleri
1.88 Gaultheria shallon
1.83 Vaccinium parvifolium</SimpleData>
            <SimpleData name="OGR_STYLE">PEN(fc:#FF666666,w:2px);BRUSH(fc:#8DA0CBFF)</SimpleData>
          </SchemaData>
        </ExtendedData>
        <Polygon>
          <outerBoundaryIs>
            <LinearRing>
              <coordinates>
                -122.232353,45.561372,0
                -122.220832,45.536667,0
                -122.219334,45.537402,0
                -122.218157,45.538085,0
                -122.217574,45.538472,0
                -122.216163,45.53947,0
                -122.211267,45.549408,0
                -122.211188,45.550653,0
                -122.211167,45.567097,0
                -122.227515,45.567861,0
                -122.232353,45.561372,0
              </coordinates>
            </LinearRing>
          </outerBoundaryIs>
        </Polygon>
      </Placemark>
      <Placemark id="mthood.159">
        <name>Area160: 336 obs</name>
        <description>35 Pulsatilla occidentalis
28 Erythronium montanum
21 Gentiana calycosa
19 Erythranthe lewisii
18 Luetkea pectinata
15 Castilleja parviflora
14 Calochortus subalpinus
14 Spiraea splendens
11 Veratrum viride
11 Xerophyllum tenax

Cluster 5 standouts:
2.39 Calochortus subalpinus
2.33 Tsuga mertensiana
2.32 Sorbus sitchensis
2.22 Valeriana sitchensis
1.97 Lomatium martindalei</description>
        <Style>
          <LineStyle>
            <width>2</width>
          </LineStyle>
          <PolyStyle>
            <color>ff54d8a6</color>
          </PolyStyle>
        </Style>
        <ExtendedData>
          <SchemaData schemaUrl="#mthood.schema">
            <SimpleData name="grid_id">160</SimpleData>
            <SimpleData name="n_obs">336</SimpleData>
            <SimpleData name="cluster">5</SimpleData>
            <SimpleData name="cluster_ordered">1</SimpleData>
            <SimpleData name="top_species">35 Pulsatilla occidentalis
28 Erythronium montanum
21 Gentiana calycosa
19 Erythranthe lewisii
18 Luetkea pectinata
15 Castilleja parviflora
14 Calochortus subalpinus
14 Spiraea splendens
11 Veratrum viride
11 Xerophyllum tenax</SimpleData>
            <SimpleData name="standouts">2.39 Calochortus subalpinus
2.33 Tsuga mertensiana
2.32 Sorbus sitchensis
2.22 Valeriana sitchensis
1.97 Lomatium martindalei</SimpleData>
            <SimpleData name="OGR_STYLE">PEN(fc:#FF666666,w:2px);BRUSH(fc:#A6D854FF)</SimpleData>
          </SchemaData>
        </ExtendedData>
        <Polygon>
          <outerBoundaryIs>
            <LinearRing>
              <coordinates>
                -121.71935,45.415599,0
                -121.719405,45.415645,0
                -121.738826,45.410671,0
                -121.7410491,45.4072545,0
                -121.7450264,45.381959,0
                -121.744592,45.380695,0
                -121.74253,45.376992,0
                -121.741005,45.375592,0
                -121.740521,45.375534,0
                -121.735308,45.378577,0
                -121.722519,45.390914,0
                -121.720603,45.403928,0
                -121.71935,45.415599,0
              </coordinates>
            </LinearRing>
          </outerBoundaryIs>
        </Polygon>
      </Placemark>
      <Placemark id="mthood.160">
        <name>Area161: 370 obs</name>
        <description>59 Calochortus subalpinus
35 Polemonium californicum
30 Valeriana sitchensis
19 Erythranthe lewisii
15 Chamaenerion angustifolium
14 Anaphalis margaritacea
14 Xerophyllum tenax
13 Veratrum viride
12 Achillea millefolium
11 Castilleja suksdorfii

Cluster 5 standouts:
2.39 Calochortus subalpinus
2.33 Tsuga mertensiana
2.32 Sorbus sitchensis
2.22 Valeriana sitchensis
1.97 Lomatium martindalei</description>
        <Style>
          <LineStyle>
            <width>2</width>
          </LineStyle>
          <PolyStyle>
            <color>ff54d8a6</color>
          </PolyStyle>
        </Style>
        <ExtendedData>
          <SchemaData schemaUrl="#mthood.schema">
            <SimpleData name="grid_id">161</SimpleData>
            <SimpleData name="n_obs">370</SimpleData>
            <SimpleData name="cluster">5</SimpleData>
            <SimpleData name="cluster_ordered">1</SimpleData>
            <SimpleData name="top_species">59 Calochortus subalpinus
35 Polemonium californicum
30 Valeriana sitchensis
19 Erythranthe lewisii
15 Chamaenerion angustifolium
14 Anaphalis margaritacea
14 Xerophyllum tenax
13 Veratrum viride
12 Achillea millefolium
11 Castilleja suksdorfii</SimpleData>
            <SimpleData name="standouts">2.39 Calochortus subalpinus
2.33 Tsuga mertensiana
2.32 Sorbus sitchensis
2.22 Valeriana sitchensis
1.97 Lomatium martindalei</SimpleData>
            <SimpleData name="OGR_STYLE">PEN(fc:#FF666666,w:2px);BRUSH(fc:#A6D854FF)</SimpleData>
          </SchemaData>
        </ExtendedData>
        <Polygon>
          <outerBoundaryIs>
            <LinearRing>
              <coordinates>
                -121.659238,45.328525,0
                -121.66015,45.330455,0
                -121.662239,45.331261,0
                -121.665793,45.329716,0
                -121.665855,45.32968,0
                -121.666108,45.329525,0
                -121.667816,45.327411,0
                -121.674407,45.305254,0
                -121.674317,45.305022,0
                -121.673732,45.303748,0
                -121.67343,45.303695,0
                -121.668167,45.303368,0
                -121.666428,45.303367,0
                -121.65635,45.312553,0
                -121.655458,45.314152,0
                -121.657915,45.324304,0
                -121.659238,45.328525,0
              </coordinates>
            </LinearRing>
          </outerBoundaryIs>
        </Polygon>
      </Placemark>
      <Placemark id="mthood.161">
        <name>Area162: 445 obs</name>
        <description>39 Olsynium douglasii
35 Lewisia rediviva
27 Toxicoscordion venenosum
25 Lomatium klickitatense
20 Triteleia grandiflora
19 Pinus ponderosa
17 Erodium cicutarium
15 Centaurea cyanus
15 Hydrophyllum capitatum
13 Acer macrophyllum

Cluster 4 standouts:
2.19 Valeriana congesta
2.14 Lomatium klickitatense
2.02 Lithophragma glabrum
1.97 Crocidium multicaule
1.86 Olsynium douglasii</description>
        <Style>
          <LineStyle>
            <width>2</width>
          </LineStyle>
          <PolyStyle>
            <color>ffc38ae7</color>
          </PolyStyle>
        </Style>
        <ExtendedData>
          <SchemaData schemaUrl="#mthood.schema">
            <SimpleData name="grid_id">162</SimpleData>
            <SimpleData name="n_obs">445</SimpleData>
            <SimpleData name="cluster">4</SimpleData>
            <SimpleData name="cluster_ordered">8</SimpleData>
            <SimpleData name="top_species">39 Olsynium douglasii
35 Lewisia rediviva
27 Toxicoscordion venenosum
25 Lomatium klickitatense
20 Triteleia grandiflora
19 Pinus ponderosa
17 Erodium cicutarium
15 Centaurea cyanus
15 Hydrophyllum capitatum
13 Acer macrophyllum</SimpleData>
            <SimpleData name="standouts">2.19 Valeriana congesta
2.14 Lomatium klickitatense
2.02 Lithophragma glabrum
1.97 Crocidium multicaule
1.86 Olsynium douglasii</SimpleData>
            <SimpleData name="OGR_STYLE">PEN(fc:#FF666666,w:2px);BRUSH(fc:#E78AC3FF)</SimpleData>
          </SchemaData>
        </ExtendedData>
        <Polygon>
          <outerBoundaryIs>
            <LinearRing>
              <coordinates>
                -121.364753,45.712445,0
                -121.364853,45.71223,0
                -121.36491,45.711627,0
                -121.364457,45.710359,0
                -121.36437,45.71012,0
                -121.36413,45.7097,0
                -121.363443,45.708614,0
                -121.363188,45.708512,0
                -121.363065,45.708491,0
                -121.362881,45.708521,0
                -121.362822,45.708558,0
                -121.361933,45.709136,0
                -121.361725,45.70928,0
                -121.361707,45.7093405,0
                -121.361706,45.709605,0
                -121.36162,45.71034,0
                -121.361412,45.71087,0
                -121.36113,45.7113,0
                -121.3611197,45.7113099,0
                -121.36104,45.711577,0
                -121.361047,45.711588,0
                -121.362992,45.71393,0
                -121.363549,45.71406,0
                -121.364022,45.713882,0
                -121.364399,45.713151,0
                -121.364753,45.712445,0
              </coordinates>
            </LinearRing>
          </outerBoundaryIs>
        </Polygon>
      </Placemark>
      <Placemark id="mthood.162">
        <name>Area163: 370 obs</name>
        <description>21 Lomatium columbianum
16 Fritillaria affinis
14 Lomatium nudicaule
14 Olsynium douglasii
13 Ceanothus integerrimus
13 Erythronium grandiflorum
12 Lomatium klickitatense
12 Triteleia grandiflora
11 Lithospermum ruderale
10 Erynnis propertius

Cluster 6 standouts:
2.06 Lomatium nudicaule
2.00 Castilleja hispida
1.93 Erythronium grandiflorum
1.93 Lomatium triternatum
1.81 Hydrophyllum capitatum</description>
        <Style>
          <LineStyle>
            <width>2</width>
          </LineStyle>
          <PolyStyle>
            <color>ff2fd9ff</color>
          </PolyStyle>
        </Style>
        <ExtendedData>
          <SchemaData schemaUrl="#mthood.schema">
            <SimpleData name="grid_id">163</SimpleData>
            <SimpleData name="n_obs">370</SimpleData>
            <SimpleData name="cluster">6</SimpleData>
            <SimpleData name="cluster_ordered">7</SimpleData>
            <SimpleData name="top_species">21 Lomatium columbianum
16 Fritillaria affinis
14 Lomatium nudicaule
14 Olsynium douglasii
13 Ceanothus integerrimus
13 Erythronium grandiflorum
12 Lomatium klickitatense
12 Triteleia grandiflora
11 Lithospermum ruderale
10 Erynnis propertius</SimpleData>
            <SimpleData name="standouts">2.06 Lomatium nudicaule
2.00 Castilleja hispida
1.93 Erythronium grandiflorum
1.93 Lomatium triternatum
1.81 Hydrophyllum capitatum</SimpleData>
            <SimpleData name="OGR_STYLE">PEN(fc:#FF666666,w:2px);BRUSH(fc:#FFD92FFF)</SimpleData>
          </SchemaData>
        </ExtendedData>
        <Polygon>
          <outerBoundaryIs>
            <LinearRing>
              <coordinates>
                -121.26555,45.71473,0
                -121.267481,45.712154,0
                -121.267915,45.710549,0
                -121.268242,45.695988,0
                -121.267433,45.691295,0
                -121.266918,45.689719,0
                -121.265962,45.687277,0
                -121.26563,45.686555,0
                -121.265589,45.686485,0
                -121.26538,45.686192,0
                -121.244748,45.667244,0
                -121.240723,45.667844,0
                -121.238396,45.668268,0
                -121.234563,45.675983,0
                -121.233819,45.678053,0
                -121.231967,45.6995,0
                -121.231811,45.702127,0
                -121.255303,45.72768,0
                -121.26555,45.71473,0
              </coordinates>
            </LinearRing>
          </outerBoundaryIs>
        </Polygon>
      </Placemark>
      <Placemark id="mthood.163">
        <name>Area164: 394 obs</name>
        <description>33 Corydalis scouleri
24 Ariolimax columbianus
14 Maianthemum racemosum
13 Maianthemum dilatatum
13 Prunella vulgaris
11 Adiantum aleuticum
11 Trillium ovatum
10 Rubus spectabilis
9 Heracleum maximum
8 Claytonia sibirica

Cluster 3 standouts:
2.10 Digitalis purpurea
1.98 Prunella vulgaris
1.96 Corydalis scouleri
1.88 Gaultheria shallon
1.83 Vaccinium parvifolium</description>
        <Style>
          <LineStyle>
            <width>2</width>
          </LineStyle>
          <PolyStyle>
            <color>ffcba08d</color>
          </PolyStyle>
        </Style>
        <ExtendedData>
          <SchemaData schemaUrl="#mthood.schema">
            <SimpleData name="grid_id">164</SimpleData>
            <SimpleData name="n_obs">394</SimpleData>
            <SimpleData name="cluster">3</SimpleData>
            <SimpleData name="cluster_ordered">4</SimpleData>
            <SimpleData name="top_species">33 Corydalis scouleri
24 Ariolimax columbianus
14 Maianthemum racemosum
13 Maianthemum dilatatum
13 Prunella vulgaris
11 Adiantum aleuticum
11 Trillium ovatum
10 Rubus spectabilis
9 Heracleum maximum
8 Claytonia sibirica</SimpleData>
            <SimpleData name="standouts">2.10 Digitalis purpurea
1.98 Prunella vulgaris
1.96 Corydalis scouleri
1.88 Gaultheria shallon
1.83 Vaccinium parvifolium</SimpleData>
            <SimpleData name="OGR_STYLE">PEN(fc:#FF666666,w:2px);BRUSH(fc:#8DA0CBFF)</SimpleData>
          </SchemaData>
        </ExtendedData>
        <Polygon>
          <outerBoundaryIs>
            <LinearRing>
              <coordinates>
                -121.926238,45.27877,0
                -121.926147,45.278812,0
                -121.924055,45.28123,0
                -121.909195,45.307449,0
                -121.94301,45.30857,0
                -121.943227,45.308573,0
                -121.943405,45.30843,0
                -121.944512,45.307348,0
                -121.942595,45.289538,0
                -121.926238,45.27877,0
              </coordinates>
            </LinearRing>
          </outerBoundaryIs>
        </Polygon>
      </Placemark>
      <Placemark id="mthood.164">
        <name>Area165: 374 obs</name>
        <description>24 Rhododendron macrophyllum
15 Chamaenerion angustifolium
13 Rhododendron menziesii
12 Cornus unalaschkensis
12 Nothochelone nemorosa
11 Occidryas colon
10 Corallorhiza mertensiana
10 Rubus lasiococcus
9 Chrysolepis chrysophylla
9 Sorbus sitchensis

Cluster 1 standouts:
2.42 Rhododendron macrophyllum
2.37 Cornus unalaschkensis
2.11 Oplopanax horridus
1.91 Lysichiton americanus
1.84 Tsuga heterophylla</description>
        <Style>
          <LineStyle>
            <width>2</width>
          </LineStyle>
          <PolyStyle>
            <color>ffa5c266</color>
          </PolyStyle>
        </Style>
        <ExtendedData>
          <SchemaData schemaUrl="#mthood.schema">
            <SimpleData name="grid_id">165</SimpleData>
            <SimpleData name="n_obs">374</SimpleData>
            <SimpleData name="cluster">1</SimpleData>
            <SimpleData name="cluster_ordered">2</SimpleData>
            <SimpleData name="top_species">24 Rhododendron macrophyllum
15 Chamaenerion angustifolium
13 Rhododendron menziesii
12 Cornus unalaschkensis
12 Nothochelone nemorosa
11 Occidryas colon
10 Corallorhiza mertensiana
10 Rubus lasiococcus
9 Chrysolepis chrysophylla
9 Sorbus sitchensis</SimpleData>
            <SimpleData name="standouts">2.42 Rhododendron macrophyllum
2.37 Cornus unalaschkensis
2.11 Oplopanax horridus
1.91 Lysichiton americanus
1.84 Tsuga heterophylla</SimpleData>
            <SimpleData name="OGR_STYLE">PEN(fc:#FF666666,w:2px);BRUSH(fc:#66C2A5FF)</SimpleData>
          </SchemaData>
        </ExtendedData>
        <Polygon>
          <outerBoundaryIs>
            <LinearRing>
              <coordinates>
                -121.777348,45.401682,0
                -121.7767392,45.4018416,0
                -121.774819,45.40428,0
                -121.744103,45.417003,0
                -121.742042,45.417392,0
                -121.740174,45.41282,0
                -121.7404028,45.4113645,0
                -121.719499,45.416843,0
                -121.719495,45.416853,0
                -121.7183,45.457145,0
                -121.724045,45.457233,0
                -121.771702,45.440538,0
                -121.77903,45.422417,0
                -121.778345,45.405278,0
                -121.777603,45.401925,0
                -121.777563,45.401747,0
                -121.777447,45.401692,0
                -121.777348,45.401682,0
              </coordinates>
            </LinearRing>
          </outerBoundaryIs>
        </Polygon>
      </Placemark>
      <Placemark id="mthood.165">
        <name>Area166: 371 obs</name>
        <description>15 Calypso bulbosa
8 Lathyrus latifolius
7 Camassia quamash
7 Odocoileus hemionus
7 Paranemone deltoidea
6 Adenocaulon bicolor
6 Goodyera oblongifolia
6 Linnaea borealis
6 Lonicera ciliosa
6 Monotropa uniflora

Cluster 2 standouts:
2.32 Calypso bulbosa
2.15 Corallorhiza maculata
2.05 Cornus nuttallii
1.84 Moehringia macrophylla
1.83 Lonicera ciliosa</description>
        <Style>
          <LineStyle>
            <width>2</width>
          </LineStyle>
          <PolyStyle>
            <color>ff628dfc</color>
          </PolyStyle>
        </Style>
        <ExtendedData>
          <SchemaData schemaUrl="#mthood.schema">
            <SimpleData name="grid_id">166</SimpleData>
            <SimpleData name="n_obs">371</SimpleData>
            <SimpleData name="cluster">2</SimpleData>
            <SimpleData name="cluster_ordered">5</SimpleData>
            <SimpleData name="top_species">15 Calypso bulbosa
8 Lathyrus latifolius
7 Camassia quamash
7 Odocoileus hemionus
7 Paranemone deltoidea
6 Adenocaulon bicolor
6 Goodyera oblongifolia
6 Linnaea borealis
6 Lonicera ciliosa
6 Monotropa uniflora</SimpleData>
            <SimpleData name="standouts">2.32 Calypso bulbosa
2.15 Corallorhiza maculata
2.05 Cornus nuttallii
1.84 Moehringia macrophylla
1.83 Lonicera ciliosa</SimpleData>
            <SimpleData name="OGR_STYLE">PEN(fc:#FF666666,w:2px);BRUSH(fc:#FC8D62FF)</SimpleData>
          </SchemaData>
        </ExtendedData>
        <Polygon>
          <outerBoundaryIs>
            <LinearRing>
              <coordinates>
                -121.913422,45.820847,0
                -121.9137077,45.8204426,0
                -121.91835,45.808544,0
                -121.928053,45.792906,0
                -121.9412347,45.7814862,0
                -121.969825,45.741025,0
                -121.906111,45.699481,0
                -121.886761,45.691523,0
                -121.883088,45.690926,0
                -121.84617,45.690013,0
                -121.842082,45.6907,0
                -121.821555,45.694553,0
                -121.815414,45.69672,0
                -121.782761,45.712085,0
                -121.781236,45.713199,0
                -121.779747,45.718048,0
                -121.847855,45.830545,0
                -121.861345,45.84892,0
                -121.913422,45.820847,0
              </coordinates>
            </LinearRing>
          </outerBoundaryIs>
        </Polygon>
      </Placemark>
      <Placemark id="mthood.166">
        <name>Area167: 438 obs</name>
        <description>21 Geranium robertianum
18 Tellima grandiflora
14 Chamaenerion angustifolium
14 Rubus parviflorus
12 Dicentra formosa
12 Heracleum maximum
11 Adiantum aleuticum
10 Penstemon serrulatus
9 Sedum spathulifolium
8 Heuchera micrantha

Cluster 8 standouts:
2.07 Tellima grandiflora
2.00 Adiantum aleuticum
1.92 Geranium robertianum
1.90 Sedum spathulifolium
1.87 Heracleum maximum</description>
        <Style>
          <LineStyle>
            <width>2</width>
          </LineStyle>
          <PolyStyle>
            <color>ffb3b3b3</color>
          </PolyStyle>
        </Style>
        <ExtendedData>
          <SchemaData schemaUrl="#mthood.schema">
            <SimpleData name="grid_id">167</SimpleData>
            <SimpleData name="n_obs">438</SimpleData>
            <SimpleData name="cluster">8</SimpleData>
            <SimpleData name="cluster_ordered">3</SimpleData>
            <SimpleData name="top_species">21 Geranium robertianum
18 Tellima grandiflora
14 Chamaenerion angustifolium
14 Rubus parviflorus
12 Dicentra formosa
12 Heracleum maximum
11 Adiantum aleuticum
10 Penstemon serrulatus
9 Sedum spathulifolium
8 Heuchera micrantha</SimpleData>
            <SimpleData name="standouts">2.07 Tellima grandiflora
2.00 Adiantum aleuticum
1.92 Geranium robertianum
1.90 Sedum spathulifolium
1.87 Heracleum maximum</SimpleData>
            <SimpleData name="OGR_STYLE">PEN(fc:#FF666666,w:2px);BRUSH(fc:#B3B3B3FF)</SimpleData>
          </SchemaData>
        </ExtendedData>
        <Polygon>
          <outerBoundaryIs>
            <LinearRing>
              <coordinates>
                -122.066618,45.589815,0
                -122.067186,45.59012,0
                -122.06817,45.590554,0
                -122.068761,45.590728,0
                -122.068992,45.59044,0
                -122.08058,45.56473,0
                -122.080688,45.564259,0
                -122.079842,45.558938,0
                -122.068597,45.53882,0
                -122.068267,45.538922,0
                -122.062882,45.542699,0
                -122.061005,45.545063,0
                -122.061342,45.566295,0
                -122.065413,45.589078,0
                -122.066618,45.589815,0
              </coordinates>
            </LinearRing>
          </outerBoundaryIs>
        </Polygon>
      </Placemark>
      <Placemark id="mthood.167">
        <name>Area168: 369 obs</name>
        <description>17 Eriogonum compositum
16 Lomatium macrocarpum
16 Trifolium macrocephalum
15 Fritillaria pudica
14 Lomatium klickitatense
13 Erynnis propertius
12 Pituophis catenifer
10 Frasera albicaulis
10 Lomatium nudicaule
9 Triteleia grandiflora

Cluster 6 standouts:
2.06 Lomatium nudicaule
2.00 Castilleja hispida
1.93 Erythronium grandiflorum
1.93 Lomatium triternatum
1.81 Hydrophyllum capitatum</description>
        <Style>
          <LineStyle>
            <width>2</width>
          </LineStyle>
          <PolyStyle>
            <color>ff2fd9ff</color>
          </PolyStyle>
        </Style>
        <ExtendedData>
          <SchemaData schemaUrl="#mthood.schema">
            <SimpleData name="grid_id">168</SimpleData>
            <SimpleData name="n_obs">369</SimpleData>
            <SimpleData name="cluster">6</SimpleData>
            <SimpleData name="cluster_ordered">7</SimpleData>
            <SimpleData name="top_species">17 Eriogonum compositum
16 Lomatium macrocarpum
16 Trifolium macrocephalum
15 Fritillaria pudica
14 Lomatium klickitatense
13 Erynnis propertius
12 Pituophis catenifer
10 Frasera albicaulis
10 Lomatium nudicaule
9 Triteleia grandiflora</SimpleData>
            <SimpleData name="standouts">2.06 Lomatium nudicaule
2.00 Castilleja hispida
1.93 Erythronium grandiflorum
1.93 Lomatium triternatum
1.81 Hydrophyllum capitatum</SimpleData>
            <SimpleData name="OGR_STYLE">PEN(fc:#FF666666,w:2px);BRUSH(fc:#FFD92FFF)</SimpleData>
          </SchemaData>
        </ExtendedData>
        <Polygon>
          <outerBoundaryIs>
            <LinearRing>
              <coordinates>
                -121.09658,45.709083,0
                -121.088216,45.696636,0
                -121.066698,45.6804,0
                -121.01288,45.64667,0
                -120.97984,45.640401,0
                -120.955617,45.650455,0
                -120.96329,45.800607,0
                -121.000243,45.836931,0
                -121.01085,45.843197,0
                -121.041808,45.846256,0
                -121.067198,45.847586,0
                -121.115831,45.823925,0
                -121.116637,45.823213,0
                -121.117308,45.822497,0
                -121.120108,45.818228,0
                -121.116493,45.755602,0
                -121.107353,45.725717,0
                -121.09658,45.709083,0
              </coordinates>
            </LinearRing>
          </outerBoundaryIs>
        </Polygon>
      </Placemark>
      <Placemark id="mthood.168">
        <name>Area169: 373 obs</name>
        <description>38 Lomatium columbianum
19 Eriogonum compositum
15 Acer macrophyllum
13 Centaurea cyanus
13 Lomatium papilioniferum
12 Lomatium triternatum
12 Olsynium douglasii
11 Quercus garryana
11 Vicia villosa
10 Eriophyllum lanatum

Cluster 6 standouts:
2.06 Lomatium nudicaule
2.00 Castilleja hispida
1.93 Erythronium grandiflorum
1.93 Lomatium triternatum
1.81 Hydrophyllum capitatum</description>
        <Style>
          <LineStyle>
            <width>2</width>
          </LineStyle>
          <PolyStyle>
            <color>ff2fd9ff</color>
          </PolyStyle>
        </Style>
        <ExtendedData>
          <SchemaData schemaUrl="#mthood.schema">
            <SimpleData name="grid_id">169</SimpleData>
            <SimpleData name="n_obs">373</SimpleData>
            <SimpleData name="cluster">6</SimpleData>
            <SimpleData name="cluster_ordered">7</SimpleData>
            <SimpleData name="top_species">38 Lomatium columbianum
19 Eriogonum compositum
15 Acer macrophyllum
13 Centaurea cyanus
13 Lomatium papilioniferum
12 Lomatium triternatum
12 Olsynium douglasii
11 Quercus garryana
11 Vicia villosa
10 Eriophyllum lanatum</SimpleData>
            <SimpleData name="standouts">2.06 Lomatium nudicaule
2.00 Castilleja hispida
1.93 Erythronium grandiflorum
1.93 Lomatium triternatum
1.81 Hydrophyllum capitatum</SimpleData>
            <SimpleData name="OGR_STYLE">PEN(fc:#FF666666,w:2px);BRUSH(fc:#FFD92FFF)</SimpleData>
          </SchemaData>
        </ExtendedData>
        <Polygon>
          <outerBoundaryIs>
            <LinearRing>
              <coordinates>
                -121.300003,45.689999,0
                -121.301336,45.689093,0
                -121.300758,45.68452,0
                -121.30065,45.683998,0
                -121.300263,45.682319,0
                -121.300152,45.682101,0
                -121.296312,45.675217,0
                -121.29602,45.675267,0
                -121.295173,45.675422,0
                -121.290343,45.676434,0
                -121.29005,45.67664,0
                -121.277428,45.688872,0
                -121.277176,45.689852,0
                -121.278402,45.690954,0
                -121.300003,45.689999,0
              </coordinates>
            </LinearRing>
          </outerBoundaryIs>
        </Polygon>
      </Placemark>
      <Placemark id="mthood.169">
        <name>Area170: 428 obs</name>
        <description>17 Chrysolepis chrysophylla
13 Lysimachia latifolia
13 Pinus ponderosa
12 Ceanothus velutinus
11 Lilium washingtonianum
11 Pseudotsuga menziesii
11 Pterospora andromedea
11 Purshia tridentata
10 Nymphalis californica
9 Amelanchier alnifolia

Cluster 2 standouts:
2.32 Calypso bulbosa
2.15 Corallorhiza maculata
2.05 Cornus nuttallii
1.84 Moehringia macrophylla
1.83 Lonicera ciliosa</description>
        <Style>
          <LineStyle>
            <width>2</width>
          </LineStyle>
          <PolyStyle>
            <color>ff628dfc</color>
          </PolyStyle>
        </Style>
        <ExtendedData>
          <SchemaData schemaUrl="#mthood.schema">
            <SimpleData name="grid_id">170</SimpleData>
            <SimpleData name="n_obs">428</SimpleData>
            <SimpleData name="cluster">2</SimpleData>
            <SimpleData name="cluster_ordered">5</SimpleData>
            <SimpleData name="top_species">17 Chrysolepis chrysophylla
13 Lysimachia latifolia
13 Pinus ponderosa
12 Ceanothus velutinus
11 Lilium washingtonianum
11 Pseudotsuga menziesii
11 Pterospora andromedea
11 Purshia tridentata
10 Nymphalis californica
9 Amelanchier alnifolia</SimpleData>
            <SimpleData name="standouts">2.32 Calypso bulbosa
2.15 Corallorhiza maculata
2.05 Cornus nuttallii
1.84 Moehringia macrophylla
1.83 Lonicera ciliosa</SimpleData>
            <SimpleData name="OGR_STYLE">PEN(fc:#FF666666,w:2px);BRUSH(fc:#FC8D62FF)</SimpleData>
          </SchemaData>
        </ExtendedData>
        <Polygon>
          <outerBoundaryIs>
            <LinearRing>
              <coordinates>
                -121.743584,44.5022727,0
                -121.741344,44.502338,0
                -121.669518,44.505543,0
                -121.661233,44.506672,0
                -121.62832,44.529972,0
                -121.626676,44.531497,0
                -121.61669,44.583875,0
                -121.617645,44.58807,0
                -121.650087,44.643333,0
                -121.786697,44.585545,0
                -121.7960969,44.5750301,0
                -121.8142763,44.5088513,0
                -121.8143392,44.5022085,0
                -121.743584,44.5022727,0
              </coordinates>
            </LinearRing>
          </outerBoundaryIs>
        </Polygon>
      </Placemark>
      <Placemark id="mthood.170">
        <name>Area171: 367 obs</name>
        <description>15 Ceanothus integerrimus
14 Lomatium triternatum
11 Sedum spathulifolium
10 Eriogonum compositum
9 Holodiscus discolor
9 Olsynium douglasii
9 Quercus garryana
8 Cardamine nuttallii
8 Centaurea cyanus
8 Crocidium multicaule

Cluster 6 standouts:
2.06 Lomatium nudicaule
2.00 Castilleja hispida
1.93 Erythronium grandiflorum
1.93 Lomatium triternatum
1.81 Hydrophyllum capitatum</description>
        <Style>
          <LineStyle>
            <width>2</width>
          </LineStyle>
          <PolyStyle>
            <color>ff2fd9ff</color>
          </PolyStyle>
        </Style>
        <ExtendedData>
          <SchemaData schemaUrl="#mthood.schema">
            <SimpleData name="grid_id">171</SimpleData>
            <SimpleData name="n_obs">367</SimpleData>
            <SimpleData name="cluster">6</SimpleData>
            <SimpleData name="cluster_ordered">7</SimpleData>
            <SimpleData name="top_species">15 Ceanothus integerrimus
14 Lomatium triternatum
11 Sedum spathulifolium
10 Eriogonum compositum
9 Holodiscus discolor
9 Olsynium douglasii
9 Quercus garryana
8 Cardamine nuttallii
8 Centaurea cyanus
8 Crocidium multicaule</SimpleData>
            <SimpleData name="standouts">2.06 Lomatium nudicaule
2.00 Castilleja hispida
1.93 Erythronium grandiflorum
1.93 Lomatium triternatum
1.81 Hydrophyllum capitatum</SimpleData>
            <SimpleData name="OGR_STYLE">PEN(fc:#FF666666,w:2px);BRUSH(fc:#FFD92FFF)</SimpleData>
          </SchemaData>
        </ExtendedData>
        <Polygon>
          <outerBoundaryIs>
            <LinearRing>
              <coordinates>
                -121.466156,45.662012,0
                -121.465175,45.661847,0
                -121.457633,45.660713,0
                -121.454125,45.668828,0
                -121.456594,45.693142,0
                -121.456725,45.693255,0
                -121.459016,45.694693,0
                -121.475413,45.704191,0
                -121.476377,45.704625,0
                -121.477692,45.70467,0
                -121.486486,45.704917,0
                -121.486927,45.704084,0
                -121.487729,45.702393,0
                -121.484795,45.678263,0
                -121.473909,45.666484,0
                -121.471386,45.664174,0
                -121.466453,45.662083,0
                -121.466156,45.662012,0
              </coordinates>
            </LinearRing>
          </outerBoundaryIs>
        </Polygon>
      </Placemark>
      <Placemark id="mthood.171">
        <name>Area172: 371 obs</name>
        <description>30 Ericameria nauseosa
26 Eriogonum compositum
19 Sceloporus occidentalis
15 Lomatium nudicaule
12 Eriogonum niveum
10 Odocoileus hemionus
10 Purshia tridentata
10 Quercus garryana
9 Lomatium papilioniferum
9 Penstemon richardsonii

Cluster 7 standouts:
2.20 Haliaeetus leucocephalus
2.20 Pandion haliaetus
1.92 Turdus migratorius
1.88 Pseudacris regilla
1.82 Cathartes aura</description>
        <Style>
          <LineStyle>
            <width>2</width>
          </LineStyle>
          <PolyStyle>
            <color>ff94c4e5</color>
          </PolyStyle>
        </Style>
        <ExtendedData>
          <SchemaData schemaUrl="#mthood.schema">
            <SimpleData name="grid_id">172</SimpleData>
            <SimpleData name="n_obs">371</SimpleData>
            <SimpleData name="cluster">7</SimpleData>
            <SimpleData name="cluster_ordered">6</SimpleData>
            <SimpleData name="top_species">30 Ericameria nauseosa
26 Eriogonum compositum
19 Sceloporus occidentalis
15 Lomatium nudicaule
12 Eriogonum niveum
10 Odocoileus hemionus
10 Purshia tridentata
10 Quercus garryana
9 Lomatium papilioniferum
9 Penstemon richardsonii</SimpleData>
            <SimpleData name="standouts">2.20 Haliaeetus leucocephalus
2.20 Pandion haliaetus
1.92 Turdus migratorius
1.88 Pseudacris regilla
1.82 Cathartes aura</SimpleData>
            <SimpleData name="OGR_STYLE">PEN(fc:#FF666666,w:2px);BRUSH(fc:#E5C494FF)</SimpleData>
          </SchemaData>
        </ExtendedData>
        <Polygon>
          <outerBoundaryIs>
            <LinearRing>
              <coordinates>
                -121.057312,45.190235,0
                -120.983108,45.259647,0
                -120.952217,45.304122,0
                -120.950317,45.31565,0
                -120.950805,45.335983,0
                -120.95604,45.53097,0
                -121.004998,45.623121,0
                -121.010391,45.623073,0
                -121.119909,45.58081,0
                -121.178497,45.540258,0
                -121.243613,45.432567,0
                -121.271812,45.314301,0
                -121.271549,45.254092,0
                -121.271311,45.240606,0
                -121.260993,45.205043,0
                -121.209744,45.151676,0
                -121.076981,45.177505,0
                -121.057312,45.190235,0
              </coordinates>
            </LinearRing>
          </outerBoundaryIs>
        </Polygon>
      </Placemark>
      <Placemark id="mthood.172">
        <name>Area173: 387 obs</name>
        <description>15 Adiantum aleuticum
13 Dipsacus fullonum
11 Dicentra formosa
11 Tellima grandiflora
10 Impatiens capensis
8 Equisetum telmateia
8 Haliaeetus leucocephalus
8 Pyrrharctia isabella
8 Rubus spectabilis
8 Tiarella trifoliata

Cluster 3 standouts:
2.10 Digitalis purpurea
1.98 Prunella vulgaris
1.96 Corydalis scouleri
1.88 Gaultheria shallon
1.83 Vaccinium parvifolium</description>
        <Style>
          <LineStyle>
            <width>2</width>
          </LineStyle>
          <PolyStyle>
            <color>ffcba08d</color>
          </PolyStyle>
        </Style>
        <ExtendedData>
          <SchemaData schemaUrl="#mthood.schema">
            <SimpleData name="grid_id">173</SimpleData>
            <SimpleData name="n_obs">387</SimpleData>
            <SimpleData name="cluster">3</SimpleData>
            <SimpleData name="cluster_ordered">4</SimpleData>
            <SimpleData name="top_species">15 Adiantum aleuticum
13 Dipsacus fullonum
11 Dicentra formosa
11 Tellima grandiflora
10 Impatiens capensis
8 Equisetum telmateia
8 Haliaeetus leucocephalus
8 Pyrrharctia isabella
8 Rubus spectabilis
8 Tiarella trifoliata</SimpleData>
            <SimpleData name="standouts">2.10 Digitalis purpurea
1.98 Prunella vulgaris
1.96 Corydalis scouleri
1.88 Gaultheria shallon
1.83 Vaccinium parvifolium</SimpleData>
            <SimpleData name="OGR_STYLE">PEN(fc:#FF666666,w:2px);BRUSH(fc:#8DA0CBFF)</SimpleData>
          </SchemaData>
        </ExtendedData>
        <Polygon>
          <outerBoundaryIs>
            <LinearRing>
              <coordinates>
                -122.399967,45.560791,0
                -122.39727,45.560978,0
                -122.372765,45.578247,0
                -122.371553,45.588172,0
                -122.372498,45.592506,0
                -122.387863,45.601375,0
                -122.390555,45.60113,0
                -122.390962,45.60082,0
                -122.399492,45.589972,0
                -122.399967,45.560791,0
              </coordinates>
            </LinearRing>
          </outerBoundaryIs>
        </Polygon>
      </Placemark>
      <Placemark id="mthood.173">
        <name>Area174: 386 obs</name>
        <description>14 Geranium robertianum
13 Sedum spathulifolium
10 Aquilegia formosa
10 Mahonia nervosa
9 Prunella vulgaris
9 Ribes sanguineum
8 Dicentra formosa
8 Rubus parviflorus
8 Trifolium pratense
7 Erythranthe alsinoides

Cluster 8 standouts:
2.07 Tellima grandiflora
2.00 Adiantum aleuticum
1.92 Geranium robertianum
1.90 Sedum spathulifolium
1.87 Heracleum maximum</description>
        <Style>
          <LineStyle>
            <width>2</width>
          </LineStyle>
          <PolyStyle>
            <color>ffb3b3b3</color>
          </PolyStyle>
        </Style>
        <ExtendedData>
          <SchemaData schemaUrl="#mthood.schema">
            <SimpleData name="grid_id">174</SimpleData>
            <SimpleData name="n_obs">386</SimpleData>
            <SimpleData name="cluster">8</SimpleData>
            <SimpleData name="cluster_ordered">3</SimpleData>
            <SimpleData name="top_species">14 Geranium robertianum
13 Sedum spathulifolium
10 Aquilegia formosa
10 Mahonia nervosa
9 Prunella vulgaris
9 Ribes sanguineum
8 Dicentra formosa
8 Rubus parviflorus
8 Trifolium pratense
7 Erythranthe alsinoides</SimpleData>
            <SimpleData name="standouts">2.07 Tellima grandiflora
2.00 Adiantum aleuticum
1.92 Geranium robertianum
1.90 Sedum spathulifolium
1.87 Heracleum maximum</SimpleData>
            <SimpleData name="OGR_STYLE">PEN(fc:#FF666666,w:2px);BRUSH(fc:#B3B3B3FF)</SimpleData>
          </SchemaData>
        </ExtendedData>
        <Polygon>
          <outerBoundaryIs>
            <LinearRing>
              <coordinates>
                -122.081011,45.587177,0
                -122.077347,45.588,0
                -122.076382,45.588256,0
                -122.073128,45.589255,0
                -122.068231,45.591164,0
                -122.039117,45.615875,0
                -122.032333,45.64168,0
                -122.032386,45.641695,0
                -122.092996,45.650432,0
                -122.093278,45.650313,0
                -122.112167,45.605913,0
                -122.112546,45.599478,0
                -122.088759,45.586178,0
                -122.084442,45.586638,0
                -122.082017,45.587006,0
                -122.081011,45.587177,0
              </coordinates>
            </LinearRing>
          </outerBoundaryIs>
        </Polygon>
      </Placemark>
      <Placemark id="mthood.174">
        <name>Area175: 368 obs</name>
        <description>23 Ariolimax columbianus
22 Trillium ovatum
14 Taricha granulosa
12 Oplopanax horridus
11 Dicentra formosa
10 Corydalis scouleri
9 Claytonia sibirica
8 Polystichum munitum
8 Rubus spectabilis
7 Geranium robertianum

Cluster 3 standouts:
2.10 Digitalis purpurea
1.98 Prunella vulgaris
1.96 Corydalis scouleri
1.88 Gaultheria shallon
1.83 Vaccinium parvifolium</description>
        <Style>
          <LineStyle>
            <width>2</width>
          </LineStyle>
          <PolyStyle>
            <color>ffcba08d</color>
          </PolyStyle>
        </Style>
        <ExtendedData>
          <SchemaData schemaUrl="#mthood.schema">
            <SimpleData name="grid_id">175</SimpleData>
            <SimpleData name="n_obs">368</SimpleData>
            <SimpleData name="cluster">3</SimpleData>
            <SimpleData name="cluster_ordered">4</SimpleData>
            <SimpleData name="top_species">23 Ariolimax columbianus
22 Trillium ovatum
14 Taricha granulosa
12 Oplopanax horridus
11 Dicentra formosa
10 Corydalis scouleri
9 Claytonia sibirica
8 Polystichum munitum
8 Rubus spectabilis
7 Geranium robertianum</SimpleData>
            <SimpleData name="standouts">2.10 Digitalis purpurea
1.98 Prunella vulgaris
1.96 Corydalis scouleri
1.88 Gaultheria shallon
1.83 Vaccinium parvifolium</SimpleData>
            <SimpleData name="OGR_STYLE">PEN(fc:#FF666666,w:2px);BRUSH(fc:#8DA0CBFF)</SimpleData>
          </SchemaData>
        </ExtendedData>
        <Polygon>
          <outerBoundaryIs>
            <LinearRing>
              <coordinates>
                -122.186692,45.511733,0
                -122.213417,45.529306,0
                -122.219567,45.532525,0
                -122.219802,45.532406,0
                -122.220392,45.531812,0
                -122.225087,45.524363,0
                -122.2322129,45.5004572,0
                -122.234488,45.48668,0
                -122.2396383,45.4755464,0
                -122.247078,45.450588,0
                -122.245995,45.447156,0
                -122.244688,45.443583,0
                -122.235663,45.430022,0
                -122.22406,45.412979,0
                -122.175767,45.437656,0
                -122.160958,45.446083,0
                -122.175367,45.49081,0
                -122.181941,45.506212,0
                -122.183972,45.509675,0
                -122.186692,45.511733,0
              </coordinates>
            </LinearRing>
          </outerBoundaryIs>
        </Polygon>
      </Placemark>
      <Placemark id="mthood.175">
        <name>Area176: 370 obs</name>
        <description>16 Turdus migratorius
12 Falco sparverius
12 Verbascum blattaria
10 Odocoileus hemionus
10 Pandion haliaetus
9 Tanacetum vulgare
8 Branta canadensis
8 Pyrrharctia isabella
7 Daucus carota
7 Dipsacus fullonum

Cluster 3 standouts:
2.10 Digitalis purpurea
1.98 Prunella vulgaris
1.96 Corydalis scouleri
1.88 Gaultheria shallon
1.83 Vaccinium parvifolium</description>
        <Style>
          <LineStyle>
            <width>2</width>
          </LineStyle>
          <PolyStyle>
            <color>ffcba08d</color>
          </PolyStyle>
        </Style>
        <ExtendedData>
          <SchemaData schemaUrl="#mthood.schema">
            <SimpleData name="grid_id">176</SimpleData>
            <SimpleData name="n_obs">370</SimpleData>
            <SimpleData name="cluster">3</SimpleData>
            <SimpleData name="cluster_ordered">4</SimpleData>
            <SimpleData name="top_species">16 Turdus migratorius
12 Falco sparverius
12 Verbascum blattaria
10 Odocoileus hemionus
10 Pandion haliaetus
9 Tanacetum vulgare
8 Branta canadensis
8 Pyrrharctia isabella
7 Daucus carota
7 Dipsacus fullonum</SimpleData>
            <SimpleData name="standouts">2.10 Digitalis purpurea
1.98 Prunella vulgaris
1.96 Corydalis scouleri
1.88 Gaultheria shallon
1.83 Vaccinium parvifolium</SimpleData>
            <SimpleData name="OGR_STYLE">PEN(fc:#FF666666,w:2px);BRUSH(fc:#8DA0CBFF)</SimpleData>
          </SchemaData>
        </ExtendedData>
        <Polygon>
          <outerBoundaryIs>
            <LinearRing>
              <coordinates>
                -122.333283,45.560517,0
                -122.319753,45.564593,0
                -122.318286,45.565517,0
                -122.315756,45.567381,0
                -122.314267,45.570591,0
                -122.302228,45.61857,0
                -122.302581,45.619011,0
                -122.31636,45.620871,0
                -122.34057,45.616345,0
                -122.355385,45.611077,0
                -122.34188,45.56942,0
                -122.340347,45.5666,0
                -122.338844,45.565001,0
                -122.333283,45.560517,0
              </coordinates>
            </LinearRing>
          </outerBoundaryIs>
        </Polygon>
      </Placemark>
      <Placemark id="mthood.176">
        <name>Area177: 370 obs</name>
        <description>32 Calochortus subalpinus
29 Calyptridium umbellatum
27 Luetkea pectinata
24 Penstemon davidsonii
21 Koenigia davisiae
17 Castilleja parviflora
17 Pedicularis racemosa
14 Xerophyllum tenax
13 Sorbus sitchensis
12 Eriogonum umbellatum

Cluster 5 standouts:
2.39 Calochortus subalpinus
2.33 Tsuga mertensiana
2.32 Sorbus sitchensis
2.22 Valeriana sitchensis
1.97 Lomatium martindalei</description>
        <Style>
          <LineStyle>
            <width>2</width>
          </LineStyle>
          <PolyStyle>
            <color>ff54d8a6</color>
          </PolyStyle>
        </Style>
        <ExtendedData>
          <SchemaData schemaUrl="#mthood.schema">
            <SimpleData name="grid_id">177</SimpleData>
            <SimpleData name="n_obs">370</SimpleData>
            <SimpleData name="cluster">5</SimpleData>
            <SimpleData name="cluster_ordered">1</SimpleData>
            <SimpleData name="top_species">32 Calochortus subalpinus
29 Calyptridium umbellatum
27 Luetkea pectinata
24 Penstemon davidsonii
21 Koenigia davisiae
17 Castilleja parviflora
17 Pedicularis racemosa
14 Xerophyllum tenax
13 Sorbus sitchensis
12 Eriogonum umbellatum</SimpleData>
            <SimpleData name="standouts">2.39 Calochortus subalpinus
2.33 Tsuga mertensiana
2.32 Sorbus sitchensis
2.22 Valeriana sitchensis
1.97 Lomatium martindalei</SimpleData>
            <SimpleData name="OGR_STYLE">PEN(fc:#FF666666,w:2px);BRUSH(fc:#A6D854FF)</SimpleData>
          </SchemaData>
        </ExtendedData>
        <Polygon>
          <outerBoundaryIs>
            <LinearRing>
              <coordinates>
                -121.708855,45.340047,0
                -121.708847,45.340395,0
                -121.708946,45.342735,0
                -121.709148,45.344831,0
                -121.711625,45.348492,0
                -121.740136,45.352401,0
                -121.741828,45.350051,0
                -121.743819,45.341533,0
                -121.743622,45.341328,0
                -121.726184,45.329059,0
                -121.7203438,45.3327622,0
                -121.720413,45.333722,0
                -121.720213,45.334872,0
                -121.713516,45.340116,0
                -121.710094,45.340169,0
                -121.7091479,45.3398613,0
                -121.708855,45.340047,0
              </coordinates>
            </LinearRing>
          </outerBoundaryIs>
        </Polygon>
      </Placemark>
      <Placemark id="mthood.177">
        <name>Area178: 450 obs</name>
        <description>24 Geranium robertianum
14 Marah oregana
13 Chamaenerion angustifolium
12 Aquilegia formosa
12 Ribes sanguineum
12 Sedum spathulifolium
11 Castilleja hispida
11 Pentagramma triangularis
10 Rubus parviflorus
10 Selaginella douglasii

Cluster 8 standouts:
2.07 Tellima grandiflora
2.00 Adiantum aleuticum
1.92 Geranium robertianum
1.90 Sedum spathulifolium
1.87 Heracleum maximum</description>
        <Style>
          <LineStyle>
            <width>2</width>
          </LineStyle>
          <PolyStyle>
            <color>ffb3b3b3</color>
          </PolyStyle>
        </Style>
        <ExtendedData>
          <SchemaData schemaUrl="#mthood.schema">
            <SimpleData name="grid_id">178</SimpleData>
            <SimpleData name="n_obs">450</SimpleData>
            <SimpleData name="cluster">8</SimpleData>
            <SimpleData name="cluster_ordered">3</SimpleData>
            <SimpleData name="top_species">24 Geranium robertianum
14 Marah oregana
13 Chamaenerion angustifolium
12 Aquilegia formosa
12 Ribes sanguineum
12 Sedum spathulifolium
11 Castilleja hispida
11 Pentagramma triangularis
10 Rubus parviflorus
10 Selaginella douglasii</SimpleData>
            <SimpleData name="standouts">2.07 Tellima grandiflora
2.00 Adiantum aleuticum
1.92 Geranium robertianum
1.90 Sedum spathulifolium
1.87 Heracleum maximum</SimpleData>
            <SimpleData name="OGR_STYLE">PEN(fc:#FF666666,w:2px);BRUSH(fc:#B3B3B3FF)</SimpleData>
          </SchemaData>
        </ExtendedData>
        <Polygon>
          <outerBoundaryIs>
            <LinearRing>
              <coordinates>
                -122.126594,45.573537,0
                -122.126463,45.573342,0
                -122.126334,45.573199,0
                -122.123871,45.571053,0
                -122.122763,45.570956,0
                -122.1200556,45.5733147,0
                -122.117428,45.5773975,0
                -122.117424,45.577429,0
                -122.117401,45.577617,0
                -122.117364,45.577922,0
                -122.117355,45.578083,0
                -122.117369,45.578693,0
                -122.117958,45.579175,0
                -122.118172,45.579224,0
                -122.11895,45.579322,0
                -122.123574,45.57961,0
                -122.123939,45.579619,0
                -122.124109,45.579552,0
                -122.125384,45.57849,0
                -122.126624,45.573886,0
                -122.126642,45.5737,0
                -122.126594,45.573537,0
              </coordinates>
            </LinearRing>
          </outerBoundaryIs>
        </Polygon>
      </Placemark>
      <Placemark id="mthood.178">
        <name>Area179: 417 obs</name>
        <description>39 Tsuga mertensiana
38 Luetkea pectinata
34 Phlox diffusa
32 Calyptridium umbellatum
30 Eriogonum umbellatum
26 Callospermophilus lateralis
22 Pinus albicaulis
21 Calochortus subalpinus
19 Eucephalus ledophyllus
19 Koenigia davisiae

Cluster 5 standouts:
2.39 Calochortus subalpinus
2.33 Tsuga mertensiana
2.32 Sorbus sitchensis
2.22 Valeriana sitchensis
1.97 Lomatium martindalei</description>
        <Style>
          <LineStyle>
            <width>2</width>
          </LineStyle>
          <PolyStyle>
            <color>ff54d8a6</color>
          </PolyStyle>
        </Style>
        <ExtendedData>
          <SchemaData schemaUrl="#mthood.schema">
            <SimpleData name="grid_id">179</SimpleData>
            <SimpleData name="n_obs">417</SimpleData>
            <SimpleData name="cluster">5</SimpleData>
            <SimpleData name="cluster_ordered">1</SimpleData>
            <SimpleData name="top_species">39 Tsuga mertensiana
38 Luetkea pectinata
34 Phlox diffusa
32 Calyptridium umbellatum
30 Eriogonum umbellatum
26 Callospermophilus lateralis
22 Pinus albicaulis
21 Calochortus subalpinus
19 Eucephalus ledophyllus
19 Koenigia davisiae</SimpleData>
            <SimpleData name="standouts">2.39 Calochortus subalpinus
2.33 Tsuga mertensiana
2.32 Sorbus sitchensis
2.22 Valeriana sitchensis
1.97 Lomatium martindalei</SimpleData>
            <SimpleData name="OGR_STYLE">PEN(fc:#FF666666,w:2px);BRUSH(fc:#A6D854FF)</SimpleData>
          </SchemaData>
        </ExtendedData>
        <Polygon>
          <outerBoundaryIs>
            <LinearRing>
              <coordinates>
                -121.708671,45.334904,0
                -121.70862,45.335338,0
                -121.708582,45.335687,0
                -121.708892,45.339778,0
                -121.710094,45.340169,0
                -121.713516,45.340116,0
                -121.720213,45.334872,0
                -121.720413,45.333722,0
                -121.720297,45.332114,0
                -121.716538,45.33127,0
                -121.713341,45.331238,0
                -121.712105,45.331267,0
                -121.711891,45.331283,0
                -121.708671,45.334904,0
              </coordinates>
            </LinearRing>
          </outerBoundaryIs>
        </Polygon>
      </Placemark>
      <Placemark id="mthood.179">
        <name>Area180: 368 obs</name>
        <description>15 Erythronium grandiflorum
12 Aquilegia formosa
10 Trillium ovatum
9 Anemone oregana
9 Xerophyllum tenax
8 Ariolimax columbianus
8 Campanula scouleri
8 Lonicera ciliosa
7 Cryptogramma acrostichoides
7 Sedum spathulifolium

Cluster 8 standouts:
2.07 Tellima grandiflora
2.00 Adiantum aleuticum
1.92 Geranium robertianum
1.90 Sedum spathulifolium
1.87 Heracleum maximum</description>
        <Style>
          <LineStyle>
            <width>2</width>
          </LineStyle>
          <PolyStyle>
            <color>ffb3b3b3</color>
          </PolyStyle>
        </Style>
        <ExtendedData>
          <SchemaData schemaUrl="#mthood.schema">
            <SimpleData name="grid_id">180</SimpleData>
            <SimpleData name="n_obs">368</SimpleData>
            <SimpleData name="cluster">8</SimpleData>
            <SimpleData name="cluster_ordered">3</SimpleData>
            <SimpleData name="top_species">15 Erythronium grandiflorum
12 Aquilegia formosa
10 Trillium ovatum
9 Anemone oregana
9 Xerophyllum tenax
8 Ariolimax columbianus
8 Campanula scouleri
8 Lonicera ciliosa
7 Cryptogramma acrostichoides
7 Sedum spathulifolium</SimpleData>
            <SimpleData name="standouts">2.07 Tellima grandiflora
2.00 Adiantum aleuticum
1.92 Geranium robertianum
1.90 Sedum spathulifolium
1.87 Heracleum maximum</SimpleData>
            <SimpleData name="OGR_STYLE">PEN(fc:#FF666666,w:2px);BRUSH(fc:#B3B3B3FF)</SimpleData>
          </SchemaData>
        </ExtendedData>
        <Polygon>
          <outerBoundaryIs>
            <LinearRing>
              <coordinates>
                -121.893327,45.62113,0
                -121.887031,45.613001,0
                -121.883544,45.608733,0
                -121.881556,45.606304,0
                -121.864067,45.592695,0
                -121.812804,45.583606,0
                -121.80372,45.582462,0
                -121.802178,45.58247,0
                -121.796237,45.584822,0
                -121.795355,45.594742,0
                -121.7966,45.635687,0
                -121.796867,45.639555,0
                -121.798972,45.644825,0
                -121.800362,45.646542,0
                -121.818231,45.668303,0
                -121.819275,45.668357,0
                -121.870858,45.649017,0
                -121.888186,45.637867,0
                -121.897626,45.628562,0
                -121.897575,45.628372,0
                -121.897347,45.627842,0
                -121.896657,45.62653,0
                -121.895715,45.624825,0
                -121.895189,45.623886,0
                -121.89423,45.622329,0
                -121.893327,45.62113,0
              </coordinates>
            </LinearRing>
          </outerBoundaryIs>
        </Polygon>
      </Placemark>
      <Placemark id="mthood.180">
        <name>Area181: 403 obs</name>
        <description>30 Petasites frigidus
13 Dicentra cucullaria
12 Adiantum aleuticum
12 Penstemon serrulatus
12 Sedum spathulifolium
10 Crocidium multicaule
9 Acer macrophyllum
9 Allium acuminatum
9 Pyrrharctia isabella
9 Valeriana congesta

Cluster 8 standouts:
2.07 Tellima grandiflora
2.00 Adiantum aleuticum
1.92 Geranium robertianum
1.90 Sedum spathulifolium
1.87 Heracleum maximum</description>
        <Style>
          <LineStyle>
            <width>2</width>
          </LineStyle>
          <PolyStyle>
            <color>ffb3b3b3</color>
          </PolyStyle>
        </Style>
        <ExtendedData>
          <SchemaData schemaUrl="#mthood.schema">
            <SimpleData name="grid_id">181</SimpleData>
            <SimpleData name="n_obs">403</SimpleData>
            <SimpleData name="cluster">8</SimpleData>
            <SimpleData name="cluster_ordered">3</SimpleData>
            <SimpleData name="top_species">30 Petasites frigidus
13 Dicentra cucullaria
12 Adiantum aleuticum
12 Penstemon serrulatus
12 Sedum spathulifolium
10 Crocidium multicaule
9 Acer macrophyllum
9 Allium acuminatum
9 Pyrrharctia isabella
9 Valeriana congesta</SimpleData>
            <SimpleData name="standouts">2.07 Tellima grandiflora
2.00 Adiantum aleuticum
1.92 Geranium robertianum
1.90 Sedum spathulifolium
1.87 Heracleum maximum</SimpleData>
            <SimpleData name="OGR_STYLE">PEN(fc:#FF666666,w:2px);BRUSH(fc:#B3B3B3FF)</SimpleData>
          </SchemaData>
        </ExtendedData>
        <Polygon>
          <outerBoundaryIs>
            <LinearRing>
              <coordinates>
                -121.955178,45.579963,0
                -121.946445,45.583181,0
                -121.913967,45.609215,0
                -121.911347,45.612267,0
                -121.906824,45.631165,0
                -121.906967,45.631758,0
                -121.908075,45.633623,0
                -121.913688,45.634122,0
                -121.953123,45.624865,0
                -121.955178,45.579963,0
              </coordinates>
            </LinearRing>
          </outerBoundaryIs>
        </Polygon>
      </Placemark>
      <Placemark id="mthood.181">
        <name>Area182: 482 obs</name>
        <description>21 Xerophyllum tenax
16 Cornus unalaschkensis
15 Rhododendron macrophyllum
14 Chimaphila umbellata
14 Linnaea borealis
14 Paxistima myrsinites
12 Chrysolepis chrysophylla
12 Nymphalis californica
11 Anaphalis margaritacea
11 Anas platyrhynchos

Cluster 1 standouts:
2.42 Rhododendron macrophyllum
2.37 Cornus unalaschkensis
2.11 Oplopanax horridus
1.91 Lysichiton americanus
1.84 Tsuga heterophylla</description>
        <Style>
          <LineStyle>
            <width>2</width>
          </LineStyle>
          <PolyStyle>
            <color>ffa5c266</color>
          </PolyStyle>
        </Style>
        <ExtendedData>
          <SchemaData schemaUrl="#mthood.schema">
            <SimpleData name="grid_id">182</SimpleData>
            <SimpleData name="n_obs">482</SimpleData>
            <SimpleData name="cluster">1</SimpleData>
            <SimpleData name="cluster_ordered">2</SimpleData>
            <SimpleData name="top_species">21 Xerophyllum tenax
16 Cornus unalaschkensis
15 Rhododendron macrophyllum
14 Chimaphila umbellata
14 Linnaea borealis
14 Paxistima myrsinites
12 Chrysolepis chrysophylla
12 Nymphalis californica
11 Anaphalis margaritacea
11 Anas platyrhynchos</SimpleData>
            <SimpleData name="standouts">2.42 Rhododendron macrophyllum
2.37 Cornus unalaschkensis
2.11 Oplopanax horridus
1.91 Lysichiton americanus
1.84 Tsuga heterophylla</SimpleData>
            <SimpleData name="OGR_STYLE">PEN(fc:#FF666666,w:2px);BRUSH(fc:#66C2A5FF)</SimpleData>
          </SchemaData>
        </ExtendedData>
        <Polygon>
          <outerBoundaryIs>
            <LinearRing>
              <coordinates>
                -121.87,45.003,0
                -121.773482,45.129678,0
                -121.769346,45.13635,0
                -121.770753,45.137417,0
                -121.780335,45.141328,0
                -121.894256,45.167799,0
                -121.971599,45.135784,0
                -122.007753,45.089531,0
                -122.008371,45.07962,0
                -121.897995,45.009977,0
                -121.87,45.003,0
              </coordinates>
            </LinearRing>
          </outerBoundaryIs>
        </Polygon>
      </Placemark>
      <Placemark id="mthood.182">
        <name>Area183: 373 obs</name>
        <description>23 Sedum spathulifolium
15 Fritillaria affinis
13 Mahonia nervosa
13 Valeriana congesta
11 Anaphalis margaritacea
10 Adenocaulon bicolor
10 Eriogonum compositum
10 Goodyera oblongifolia
9 Holodiscus discolor
9 Lysimachia latifolia

Cluster 8 standouts:
2.07 Tellima grandiflora
2.00 Adiantum aleuticum
1.92 Geranium robertianum
1.90 Sedum spathulifolium
1.87 Heracleum maximum</description>
        <Style>
          <LineStyle>
            <width>2</width>
          </LineStyle>
          <PolyStyle>
            <color>ffb3b3b3</color>
          </PolyStyle>
        </Style>
        <ExtendedData>
          <SchemaData schemaUrl="#mthood.schema">
            <SimpleData name="grid_id">183</SimpleData>
            <SimpleData name="n_obs">373</SimpleData>
            <SimpleData name="cluster">8</SimpleData>
            <SimpleData name="cluster_ordered">3</SimpleData>
            <SimpleData name="top_species">23 Sedum spathulifolium
15 Fritillaria affinis
13 Mahonia nervosa
13 Valeriana congesta
11 Anaphalis margaritacea
10 Adenocaulon bicolor
10 Eriogonum compositum
10 Goodyera oblongifolia
9 Holodiscus discolor
9 Lysimachia latifolia</SimpleData>
            <SimpleData name="standouts">2.07 Tellima grandiflora
2.00 Adiantum aleuticum
1.92 Geranium robertianum
1.90 Sedum spathulifolium
1.87 Heracleum maximum</SimpleData>
            <SimpleData name="OGR_STYLE">PEN(fc:#FF666666,w:2px);BRUSH(fc:#B3B3B3FF)</SimpleData>
          </SchemaData>
        </ExtendedData>
        <Polygon>
          <outerBoundaryIs>
            <LinearRing>
              <coordinates>
                -122.008023,45.646684,0
                -122.010263,45.646956,0
                -122.010758,45.646728,0
                -122.015963,45.643904,0
                -122.017267,45.635883,0
                -122.016538,45.635513,0
                -122.01653,45.635511,0
                -122.016487,45.635509,0
                -122.016425,45.635522,0
                -122.009469,45.64325,0
                -122.009408,45.64332,0
                -122.008621,45.644913,0
                -122.008023,45.646684,0
              </coordinates>
            </LinearRing>
          </outerBoundaryIs>
        </Polygon>
      </Placemark>
      <Placemark id="mthood.183">
        <name>Area184: 388 obs</name>
        <description>24 Impatiens capensis
24 Taricha granulosa
15 Digitalis purpurea
15 Trillium ovatum
12 Polystichum munitum
12 Spiraea douglasii
11 Corydalis scouleri
10 Lysichiton americanus
10 Mahonia nervosa
9 Ariolimax columbianus

Cluster 3 standouts:
2.10 Digitalis purpurea
1.98 Prunella vulgaris
1.96 Corydalis scouleri
1.88 Gaultheria shallon
1.83 Vaccinium parvifolium</description>
        <Style>
          <LineStyle>
            <width>2</width>
          </LineStyle>
          <PolyStyle>
            <color>ffcba08d</color>
          </PolyStyle>
        </Style>
        <ExtendedData>
          <SchemaData schemaUrl="#mthood.schema">
            <SimpleData name="grid_id">184</SimpleData>
            <SimpleData name="n_obs">388</SimpleData>
            <SimpleData name="cluster">3</SimpleData>
            <SimpleData name="cluster_ordered">4</SimpleData>
            <SimpleData name="top_species">24 Impatiens capensis
24 Taricha granulosa
15 Digitalis purpurea
15 Trillium ovatum
12 Polystichum munitum
12 Spiraea douglasii
11 Corydalis scouleri
10 Lysichiton americanus
10 Mahonia nervosa
9 Ariolimax columbianus</SimpleData>
            <SimpleData name="standouts">2.10 Digitalis purpurea
1.98 Prunella vulgaris
1.96 Corydalis scouleri
1.88 Gaultheria shallon
1.83 Vaccinium parvifolium</SimpleData>
            <SimpleData name="OGR_STYLE">PEN(fc:#FF666666,w:2px);BRUSH(fc:#8DA0CBFF)</SimpleData>
          </SchemaData>
        </ExtendedData>
        <Polygon>
          <outerBoundaryIs>
            <LinearRing>
              <coordinates>
                -121.97038,45.350067,0
                -121.971481,45.354649,0
                -121.97682,45.360989,0
                -121.981935,45.363469,0
                -121.982411,45.36367,0
                -121.986825,45.363047,0
                -121.996169,45.346772,0
                -121.996117,45.3455,0
                -121.974,45.338005,0
                -121.97038,45.350067,0
              </coordinates>
            </LinearRing>
          </outerBoundaryIs>
        </Polygon>
      </Placemark>
      <Placemark id="mthood.184">
        <name>Area185: 428 obs</name>
        <description>21 Aquilegia formosa
20 Xerophyllum tenax
16 Corallorhiza mertensiana
14 Lilium washingtonianum
13 Oplopanax horridus
11 Chamaenerion angustifolium
11 Sedum oreganum
10 Gilia capitata
9 Erythronium montanum
9 Occidryas colon

Cluster 1 standouts:
2.42 Rhododendron macrophyllum
2.37 Cornus unalaschkensis
2.11 Oplopanax horridus
1.91 Lysichiton americanus
1.84 Tsuga heterophylla</description>
        <Style>
          <LineStyle>
            <width>2</width>
          </LineStyle>
          <PolyStyle>
            <color>ffa5c266</color>
          </PolyStyle>
        </Style>
        <ExtendedData>
          <SchemaData schemaUrl="#mthood.schema">
            <SimpleData name="grid_id">185</SimpleData>
            <SimpleData name="n_obs">428</SimpleData>
            <SimpleData name="cluster">1</SimpleData>
            <SimpleData name="cluster_ordered">2</SimpleData>
            <SimpleData name="top_species">21 Aquilegia formosa
20 Xerophyllum tenax
16 Corallorhiza mertensiana
14 Lilium washingtonianum
13 Oplopanax horridus
11 Chamaenerion angustifolium
11 Sedum oreganum
10 Gilia capitata
9 Erythronium montanum
9 Occidryas colon</SimpleData>
            <SimpleData name="standouts">2.42 Rhododendron macrophyllum
2.37 Cornus unalaschkensis
2.11 Oplopanax horridus
1.91 Lysichiton americanus
1.84 Tsuga heterophylla</SimpleData>
            <SimpleData name="OGR_STYLE">PEN(fc:#FF666666,w:2px);BRUSH(fc:#66C2A5FF)</SimpleData>
          </SchemaData>
        </ExtendedData>
        <Polygon>
          <outerBoundaryIs>
            <LinearRing>
              <coordinates>
                -121.740174,45.41282,0
                -121.742042,45.417392,0
                -121.744103,45.417003,0
                -121.774819,45.40428,0
                -121.776742,45.401838,0
                -121.782516,45.387844,0
                -121.783608,45.38383,0
                -121.784036,45.379692,0
                -121.748458,45.379155,0
                -121.74547,45.379138,0
                -121.740174,45.41282,0
              </coordinates>
            </LinearRing>
          </outerBoundaryIs>
        </Polygon>
      </Placemark>
      <Placemark id="mthood.185">
        <name>Area186: 357 obs</name>
        <description>11 Cornus unalaschkensis
10 Chamaenerion angustifolium
10 Vaccinium membranaceum
9 Luetkea pectinata
8 Pseudacris regilla
7 Mahonia nervosa
7 Thamnophis sirtalis
7 Tsuga mertensiana
7 Xerophyllum tenax
6 Calypso bulbosa

Cluster 1 standouts:
2.42 Rhododendron macrophyllum
2.37 Cornus unalaschkensis
2.11 Oplopanax horridus
1.91 Lysichiton americanus
1.84 Tsuga heterophylla</description>
        <Style>
          <LineStyle>
            <width>2</width>
          </LineStyle>
          <PolyStyle>
            <color>ffa5c266</color>
          </PolyStyle>
        </Style>
        <ExtendedData>
          <SchemaData schemaUrl="#mthood.schema">
            <SimpleData name="grid_id">186</SimpleData>
            <SimpleData name="n_obs">357</SimpleData>
            <SimpleData name="cluster">1</SimpleData>
            <SimpleData name="cluster_ordered">2</SimpleData>
            <SimpleData name="top_species">11 Cornus unalaschkensis
10 Chamaenerion angustifolium
10 Vaccinium membranaceum
9 Luetkea pectinata
8 Pseudacris regilla
7 Mahonia nervosa
7 Thamnophis sirtalis
7 Tsuga mertensiana
7 Xerophyllum tenax
6 Calypso bulbosa</SimpleData>
            <SimpleData name="standouts">2.42 Rhododendron macrophyllum
2.37 Cornus unalaschkensis
2.11 Oplopanax horridus
1.91 Lysichiton americanus
1.84 Tsuga heterophylla</SimpleData>
            <SimpleData name="OGR_STYLE">PEN(fc:#FF666666,w:2px);BRUSH(fc:#66C2A5FF)</SimpleData>
          </SchemaData>
        </ExtendedData>
        <Polygon>
          <outerBoundaryIs>
            <LinearRing>
              <coordinates>
                -121.8161026,44.5022063,0
                -121.79235,44.58867,0
                -121.787947,44.620272,0
                -121.788146,44.621915,0
                -121.834762,44.650677,0
                -121.84285,44.652583,0
                -121.85057,44.653609,0
                -121.866425,44.655022,0
                -121.922254,44.650547,0
                -121.944528,44.640397,0
                -121.978806,44.617465,0
                -121.977802,44.602132,0
                -121.956428,44.557062,0
                -121.926911,44.512574,0
                -121.8850751,44.5021007,0
                -121.8161026,44.5022063,0
              </coordinates>
            </LinearRing>
          </outerBoundaryIs>
        </Polygon>
      </Placemark>
      <Placemark id="mthood.186">
        <name>Area187: 353 obs</name>
        <description>25 Calypso bulbosa
14 Gaultheria shallon
12 Trillium ovatum
11 Dicentra formosa
9 Adiantum aleuticum
9 Linnaea borealis
9 Petasites frigidus
9 Rubus spectabilis
8 Ariolimax columbianus
8 Corydalis scouleri

Cluster 3 standouts:
2.10 Digitalis purpurea
1.98 Prunella vulgaris
1.96 Corydalis scouleri
1.88 Gaultheria shallon
1.83 Vaccinium parvifolium</description>
        <Style>
          <LineStyle>
            <width>2</width>
          </LineStyle>
          <PolyStyle>
            <color>ffcba08d</color>
          </PolyStyle>
        </Style>
        <ExtendedData>
          <SchemaData schemaUrl="#mthood.schema">
            <SimpleData name="grid_id">187</SimpleData>
            <SimpleData name="n_obs">353</SimpleData>
            <SimpleData name="cluster">3</SimpleData>
            <SimpleData name="cluster_ordered">4</SimpleData>
            <SimpleData name="top_species">25 Calypso bulbosa
14 Gaultheria shallon
12 Trillium ovatum
11 Dicentra formosa
9 Adiantum aleuticum
9 Linnaea borealis
9 Petasites frigidus
9 Rubus spectabilis
8 Ariolimax columbianus
8 Corydalis scouleri</SimpleData>
            <SimpleData name="standouts">2.10 Digitalis purpurea
1.98 Prunella vulgaris
1.96 Corydalis scouleri
1.88 Gaultheria shallon
1.83 Vaccinium parvifolium</SimpleData>
            <SimpleData name="OGR_STYLE">PEN(fc:#FF666666,w:2px);BRUSH(fc:#8DA0CBFF)</SimpleData>
          </SchemaData>
        </ExtendedData>
        <Polygon>
          <outerBoundaryIs>
            <LinearRing>
              <coordinates>
                -122.300678,45.495781,0
                -122.301095,45.495603,0
                -122.304604,45.48983,0
                -122.2986,45.488075,0
                -122.294764,45.486976,0
                -122.293113,45.487408,0
                -122.2913438,45.488344,0
                -122.2929297,45.497003,0
                -122.29297,45.497088,0
                -122.296342,45.496587,0
                -122.300678,45.495781,0
              </coordinates>
            </LinearRing>
          </outerBoundaryIs>
        </Polygon>
      </Placemark>
      <Placemark id="mthood.187">
        <name>Area188: 367 obs</name>
        <description>43 Odocoileus hemionus
37 Ericameria nauseosa
35 Sceloporus occidentalis
23 Cathartes aura
22 Buteo jamaicensis
22 Falco sparverius
11 Haliaeetus leucocephalus
11 Pandion haliaetus
9 Balsamorhiza careyana
9 Fritillaria pudica

Cluster 7 standouts:
2.20 Haliaeetus leucocephalus
2.20 Pandion haliaetus
1.92 Turdus migratorius
1.88 Pseudacris regilla
1.82 Cathartes aura</description>
        <Style>
          <LineStyle>
            <width>2</width>
          </LineStyle>
          <PolyStyle>
            <color>ff94c4e5</color>
          </PolyStyle>
        </Style>
        <ExtendedData>
          <SchemaData schemaUrl="#mthood.schema">
            <SimpleData name="grid_id">188</SimpleData>
            <SimpleData name="n_obs">367</SimpleData>
            <SimpleData name="cluster">7</SimpleData>
            <SimpleData name="cluster_ordered">6</SimpleData>
            <SimpleData name="top_species">43 Odocoileus hemionus
37 Ericameria nauseosa
35 Sceloporus occidentalis
23 Cathartes aura
22 Buteo jamaicensis
22 Falco sparverius
11 Haliaeetus leucocephalus
11 Pandion haliaetus
9 Balsamorhiza careyana
9 Fritillaria pudica</SimpleData>
            <SimpleData name="standouts">2.20 Haliaeetus leucocephalus
2.20 Pandion haliaetus
1.92 Turdus migratorius
1.88 Pseudacris regilla
1.82 Cathartes aura</SimpleData>
            <SimpleData name="OGR_STYLE">PEN(fc:#FF666666,w:2px);BRUSH(fc:#E5C494FF)</SimpleData>
          </SchemaData>
        </ExtendedData>
        <Polygon>
          <outerBoundaryIs>
            <LinearRing>
              <coordinates>
                -121.1459533,44.5010721,0
                -121.014969,44.514983,0
                -120.954528,44.632137,0
                -120.975533,44.732192,0
                -120.975617,44.732539,0
                -120.991407,44.760895,0
                -121.003469,44.766013,0
                -121.086054,44.77439,0
                -121.19587,44.720013,0
                -121.236595,44.673122,0
                -121.274352,44.600222,0
                -121.287476,44.535326,0
                -121.28755,44.534927,0
                -121.288125,44.529503,0
                -121.280335,44.524416,0
                -121.220157,44.502553,0
                -121.210733,44.50186,0
                -121.1925237,44.5012776,0
                -121.1459533,44.5010721,0
              </coordinates>
            </LinearRing>
          </outerBoundaryIs>
        </Polygon>
      </Placemark>
      <Placemark id="mthood.188">
        <name>Area189: 416 obs</name>
        <description>19 Odocoileus hemionus
12 Synthyris reniformis
11 Hydrophyllum tenuipes
10 Achlys triphylla
10 Gaultheria shallon
9 Claytonia sibirica
9 Corydalis scouleri
8 Ariolimax columbianus
8 Calypso bulbosa
8 Dicentra formosa

Cluster 3 standouts:
2.10 Digitalis purpurea
1.98 Prunella vulgaris
1.96 Corydalis scouleri
1.88 Gaultheria shallon
1.83 Vaccinium parvifolium</description>
        <Style>
          <LineStyle>
            <width>2</width>
          </LineStyle>
          <PolyStyle>
            <color>ffcba08d</color>
          </PolyStyle>
        </Style>
        <ExtendedData>
          <SchemaData schemaUrl="#mthood.schema">
            <SimpleData name="grid_id">189</SimpleData>
            <SimpleData name="n_obs">416</SimpleData>
            <SimpleData name="cluster">3</SimpleData>
            <SimpleData name="cluster_ordered">4</SimpleData>
            <SimpleData name="top_species">19 Odocoileus hemionus
12 Synthyris reniformis
11 Hydrophyllum tenuipes
10 Achlys triphylla
10 Gaultheria shallon
9 Claytonia sibirica
9 Corydalis scouleri
8 Ariolimax columbianus
8 Calypso bulbosa
8 Dicentra formosa</SimpleData>
            <SimpleData name="standouts">2.10 Digitalis purpurea
1.98 Prunella vulgaris
1.96 Corydalis scouleri
1.88 Gaultheria shallon
1.83 Vaccinium parvifolium</SimpleData>
            <SimpleData name="OGR_STYLE">PEN(fc:#FF666666,w:2px);BRUSH(fc:#8DA0CBFF)</SimpleData>
          </SchemaData>
        </ExtendedData>
        <Polygon>
          <outerBoundaryIs>
            <LinearRing>
              <coordinates>
                -122.288529,45.482921,0
                -122.271362,45.461638,0
                -122.261222,45.450017,0
                -122.24923,45.454812,0
                -122.234488,45.48668,0
                -122.232025,45.501595,0
                -122.235046,45.509556,0
                -122.242683,45.524958,0
                -122.246878,45.530512,0
                -122.292953,45.49713,0
                -122.290909,45.48597,0
                -122.288529,45.482921,0
              </coordinates>
            </LinearRing>
          </outerBoundaryIs>
        </Polygon>
      </Placemark>
      <Placemark id="mthood.189">
        <name>Area190: 365 obs</name>
        <description>16 Adelinia grandis
13 Trifolium macrocephalum
12 Toxicodendron diversilobum
11 Ceanothus integerrimus
11 Quercus garryana
10 Apocynum androsaemifolium
8 Aphyllon uniflorum
8 Erynnis propertius
8 Sceloporus occidentalis
6 Acer macrophyllum

Cluster 2 standouts:
2.32 Calypso bulbosa
2.15 Corallorhiza maculata
2.05 Cornus nuttallii
1.84 Moehringia macrophylla
1.83 Lonicera ciliosa</description>
        <Style>
          <LineStyle>
            <width>2</width>
          </LineStyle>
          <PolyStyle>
            <color>ff628dfc</color>
          </PolyStyle>
        </Style>
        <ExtendedData>
          <SchemaData schemaUrl="#mthood.schema">
            <SimpleData name="grid_id">190</SimpleData>
            <SimpleData name="n_obs">365</SimpleData>
            <SimpleData name="cluster">2</SimpleData>
            <SimpleData name="cluster_ordered">5</SimpleData>
            <SimpleData name="top_species">16 Adelinia grandis
13 Trifolium macrocephalum
12 Toxicodendron diversilobum
11 Ceanothus integerrimus
11 Quercus garryana
10 Apocynum androsaemifolium
8 Aphyllon uniflorum
8 Erynnis propertius
8 Sceloporus occidentalis
6 Acer macrophyllum</SimpleData>
            <SimpleData name="standouts">2.32 Calypso bulbosa
2.15 Corallorhiza maculata
2.05 Cornus nuttallii
1.84 Moehringia macrophylla
1.83 Lonicera ciliosa</SimpleData>
            <SimpleData name="OGR_STYLE">PEN(fc:#FF666666,w:2px);BRUSH(fc:#FC8D62FF)</SimpleData>
          </SchemaData>
        </ExtendedData>
        <Polygon>
          <outerBoundaryIs>
            <LinearRing>
              <coordinates>
                -121.514985,45.77833,0
                -121.460576,45.76793,0
                -121.447678,45.795055,0
                -121.447388,45.797237,0
                -121.471855,45.838383,0
                -121.50528,45.848969,0
                -121.509239,45.849991,0
                -121.509491,45.849976,0
                -121.544899,45.837345,0
                -121.544898,45.837021,0
                -121.542572,45.815995,0
                -121.540388,45.81003,0
                -121.538719,45.806194,0
                -121.537591,45.804464,0
                -121.516962,45.78003,0
                -121.514985,45.77833,0
              </coordinates>
            </LinearRing>
          </outerBoundaryIs>
        </Polygon>
      </Placemark>
      <Placemark id="mthood.190">
        <name>Area191: 369 obs</name>
        <description>13 Anemone oregana
12 Pinus monticola
10 Mahonia nervosa
9 Cornus unalaschkensis
8 Gaultheria shallon
8 Taricha granulosa
8 Tsuga heterophylla
7 Clintonia uniflora
7 Corallorhiza mertensiana
7 Cornus nuttallii

Cluster 1 standouts:
2.42 Rhododendron macrophyllum
2.37 Cornus unalaschkensis
2.11 Oplopanax horridus
1.91 Lysichiton americanus
1.84 Tsuga heterophylla</description>
        <Style>
          <LineStyle>
            <width>2</width>
          </LineStyle>
          <PolyStyle>
            <color>ffa5c266</color>
          </PolyStyle>
        </Style>
        <ExtendedData>
          <SchemaData schemaUrl="#mthood.schema">
            <SimpleData name="grid_id">191</SimpleData>
            <SimpleData name="n_obs">369</SimpleData>
            <SimpleData name="cluster">1</SimpleData>
            <SimpleData name="cluster_ordered">2</SimpleData>
            <SimpleData name="top_species">13 Anemone oregana
12 Pinus monticola
10 Mahonia nervosa
9 Cornus unalaschkensis
8 Gaultheria shallon
8 Taricha granulosa
8 Tsuga heterophylla
7 Clintonia uniflora
7 Corallorhiza mertensiana
7 Cornus nuttallii</SimpleData>
            <SimpleData name="standouts">2.42 Rhododendron macrophyllum
2.37 Cornus unalaschkensis
2.11 Oplopanax horridus
1.91 Lysichiton americanus
1.84 Tsuga heterophylla</SimpleData>
            <SimpleData name="OGR_STYLE">PEN(fc:#FF666666,w:2px);BRUSH(fc:#66C2A5FF)</SimpleData>
          </SchemaData>
        </ExtendedData>
        <Polygon>
          <outerBoundaryIs>
            <LinearRing>
              <coordinates>
                -121.913612,45.820688,0
                -121.915985,45.8242,0
                -121.931237,45.829217,0
                -121.961395,45.839128,0
                -121.988838,45.846728,0
                -122.002507,45.844469,0
                -122.015019,45.840597,0
                -122.015358,45.840469,0
                -122.01825,45.837008,0
                -122.028786,45.766144,0
                -122.027983,45.765012,0
                -122.019067,45.755213,0
                -122.016472,45.752583,0
                -122.015839,45.752103,0
                -121.98327,45.746155,0
                -121.98043,45.74753,0
                -121.928053,45.792906,0
                -121.91835,45.808544,0
                -121.913612,45.820688,0
              </coordinates>
            </LinearRing>
          </outerBoundaryIs>
        </Polygon>
      </Placemark>
      <Placemark id="mthood.191">
        <name>Area192: 371 obs</name>
        <description>28 Eriogonum compositum
24 Lomatium papilioniferum
22 Ailanthus altissima
20 Lomatium columbianum
14 Ericameria nauseosa
14 Eriogonum niveum
14 Eschscholzia californica
14 Purshia tridentata
13 Pinus ponderosa
12 Asclepias fascicularis

Cluster 7 standouts:
2.20 Haliaeetus leucocephalus
2.20 Pandion haliaetus
1.92 Turdus migratorius
1.88 Pseudacris regilla
1.82 Cathartes aura</description>
        <Style>
          <LineStyle>
            <width>2</width>
          </LineStyle>
          <PolyStyle>
            <color>ff94c4e5</color>
          </PolyStyle>
        </Style>
        <ExtendedData>
          <SchemaData schemaUrl="#mthood.schema">
            <SimpleData name="grid_id">192</SimpleData>
            <SimpleData name="n_obs">371</SimpleData>
            <SimpleData name="cluster">7</SimpleData>
            <SimpleData name="cluster_ordered">6</SimpleData>
            <SimpleData name="top_species">28 Eriogonum compositum
24 Lomatium papilioniferum
22 Ailanthus altissima
20 Lomatium columbianum
14 Ericameria nauseosa
14 Eriogonum niveum
14 Eschscholzia californica
14 Purshia tridentata
13 Pinus ponderosa
12 Asclepias fascicularis</SimpleData>
            <SimpleData name="standouts">2.20 Haliaeetus leucocephalus
2.20 Pandion haliaetus
1.92 Turdus migratorius
1.88 Pseudacris regilla
1.82 Cathartes aura</SimpleData>
            <SimpleData name="OGR_STYLE">PEN(fc:#FF666666,w:2px);BRUSH(fc:#E5C494FF)</SimpleData>
          </SchemaData>
        </ExtendedData>
        <Polygon>
          <outerBoundaryIs>
            <LinearRing>
              <coordinates>
                -121.219447,45.6131,0
                -121.198853,45.603417,0
                -121.187837,45.652503,0
                -121.194246,45.65899,0
                -121.20723,45.670447,0
                -121.224983,45.682877,0
                -121.231301,45.677362,0
                -121.231939,45.676549,0
                -121.232667,45.667047,0
                -121.232912,45.636666,0
                -121.231958,45.628422,0
                -121.219447,45.6131,0
              </coordinates>
            </LinearRing>
          </outerBoundaryIs>
        </Polygon>
      </Placemark>
      <Placemark id="mthood.192">
        <name>Area193: 496 obs</name>
        <description>23 Dicentra formosa
23 Trillium ovatum
18 Taricha granulosa
11 Ariolimax columbianus
11 Oemleria cerasiformis
11 Petasites frigidus
10 Erythronium oregonum
9 Rubus spectabilis
8 Corydalis scouleri
8 Lysimachia latifolia

Cluster 3 standouts:
2.10 Digitalis purpurea
1.98 Prunella vulgaris
1.96 Corydalis scouleri
1.88 Gaultheria shallon
1.83 Vaccinium parvifolium</description>
        <Style>
          <LineStyle>
            <width>2</width>
          </LineStyle>
          <PolyStyle>
            <color>ffcba08d</color>
          </PolyStyle>
        </Style>
        <ExtendedData>
          <SchemaData schemaUrl="#mthood.schema">
            <SimpleData name="grid_id">193</SimpleData>
            <SimpleData name="n_obs">496</SimpleData>
            <SimpleData name="cluster">3</SimpleData>
            <SimpleData name="cluster_ordered">4</SimpleData>
            <SimpleData name="top_species">23 Dicentra formosa
23 Trillium ovatum
18 Taricha granulosa
11 Ariolimax columbianus
11 Oemleria cerasiformis
11 Petasites frigidus
10 Erythronium oregonum
9 Rubus spectabilis
8 Corydalis scouleri
8 Lysimachia latifolia</SimpleData>
            <SimpleData name="standouts">2.10 Digitalis purpurea
1.98 Prunella vulgaris
1.96 Corydalis scouleri
1.88 Gaultheria shallon
1.83 Vaccinium parvifolium</SimpleData>
            <SimpleData name="OGR_STYLE">PEN(fc:#FF666666,w:2px);BRUSH(fc:#8DA0CBFF)</SimpleData>
          </SchemaData>
        </ExtendedData>
        <Polygon>
          <outerBoundaryIs>
            <LinearRing>
              <coordinates>
                -122.224825,45.305507,0
                -122.225922,45.307051,0
                -122.228555,45.309424,0
                -122.28991,45.35138,0
                -122.300484,45.352493,0
                -122.324442,45.348682,0
                -122.309831,45.26364,0
                -122.295777,45.245745,0
                -122.263153,45.228067,0
                -122.240461,45.23449,0
                -122.223245,45.240147,0
                -122.224825,45.305507,0
              </coordinates>
            </LinearRing>
          </outerBoundaryIs>
        </Polygon>
      </Placemark>
      <Placemark id="mthood.193">
        <name>Area194: 676 obs</name>
        <description>42 Dipsacus fullonum
32 Tanacetum vulgare
24 Pseudacris regilla
20 Quercus garryana
19 Papilio rutulus
18 Verbascum blattaria
17 Mahonia aquifolium
16 Monadenia fidelis
16 Thamnophis sirtalis
14 Lonicera involucrata

Cluster 7 standouts:
2.20 Haliaeetus leucocephalus
2.20 Pandion haliaetus
1.92 Turdus migratorius
1.88 Pseudacris regilla
1.82 Cathartes aura</description>
        <Style>
          <LineStyle>
            <width>2</width>
          </LineStyle>
          <PolyStyle>
            <color>ff94c4e5</color>
          </PolyStyle>
        </Style>
        <ExtendedData>
          <SchemaData schemaUrl="#mthood.schema">
            <SimpleData name="grid_id">194</SimpleData>
            <SimpleData name="n_obs">676</SimpleData>
            <SimpleData name="cluster">7</SimpleData>
            <SimpleData name="cluster_ordered">6</SimpleData>
            <SimpleData name="top_species">42 Dipsacus fullonum
32 Tanacetum vulgare
24 Pseudacris regilla
20 Quercus garryana
19 Papilio rutulus
18 Verbascum blattaria
17 Mahonia aquifolium
16 Monadenia fidelis
16 Thamnophis sirtalis
14 Lonicera involucrata</SimpleData>
            <SimpleData name="standouts">2.20 Haliaeetus leucocephalus
2.20 Pandion haliaetus
1.92 Turdus migratorius
1.88 Pseudacris regilla
1.82 Cathartes aura</SimpleData>
            <SimpleData name="OGR_STYLE">PEN(fc:#FF666666,w:2px);BRUSH(fc:#E5C494FF)</SimpleData>
          </SchemaData>
        </ExtendedData>
        <Polygon>
          <outerBoundaryIs>
            <LinearRing>
              <coordinates>
                -122.341112,45.567439,0
                -122.341888,45.56942,0
                -122.344604,45.571379,0
                -122.374612,45.550669,0
                -122.374725,45.550568,0
                -122.374642,45.549887,0
                -122.374498,45.549222,0
                -122.370797,45.541747,0
                -122.368338,45.53996,0
                -122.345005,45.542073,0
                -122.341112,45.567439,0
              </coordinates>
            </LinearRing>
          </outerBoundaryIs>
        </Polygon>
      </Placemark>
      <Placemark id="mthood.194">
        <name>Area195: 373 obs</name>
        <description>14 Chrysolepis chrysophylla
13 Cornus unalaschkensis
10 Arctostaphylos nevadensis
10 Clintonia uniflora
10 Lobaria oregana
9 Rhododendron menziesii
9 Trillium ovatum
8 Goodyera oblongifolia
8 Rhododendron macrophyllum
8 Tsuga heterophylla

Cluster 1 standouts:
2.42 Rhododendron macrophyllum
2.37 Cornus unalaschkensis
2.11 Oplopanax horridus
1.91 Lysichiton americanus
1.84 Tsuga heterophylla</description>
        <Style>
          <LineStyle>
            <width>2</width>
          </LineStyle>
          <PolyStyle>
            <color>ffa5c266</color>
          </PolyStyle>
        </Style>
        <ExtendedData>
          <SchemaData schemaUrl="#mthood.schema">
            <SimpleData name="grid_id">195</SimpleData>
            <SimpleData name="n_obs">373</SimpleData>
            <SimpleData name="cluster">1</SimpleData>
            <SimpleData name="cluster_ordered">2</SimpleData>
            <SimpleData name="top_species">14 Chrysolepis chrysophylla
13 Cornus unalaschkensis
10 Arctostaphylos nevadensis
10 Clintonia uniflora
10 Lobaria oregana
9 Rhododendron menziesii
9 Trillium ovatum
8 Goodyera oblongifolia
8 Rhododendron macrophyllum
8 Tsuga heterophylla</SimpleData>
            <SimpleData name="standouts">2.42 Rhododendron macrophyllum
2.37 Cornus unalaschkensis
2.11 Oplopanax horridus
1.91 Lysichiton americanus
1.84 Tsuga heterophylla</SimpleData>
            <SimpleData name="OGR_STYLE">PEN(fc:#FF666666,w:2px);BRUSH(fc:#66C2A5FF)</SimpleData>
          </SchemaData>
        </ExtendedData>
        <Polygon>
          <outerBoundaryIs>
            <LinearRing>
              <coordinates>
                -121.828865,45.387934,0
                -121.858788,45.393208,0
                -121.866003,45.393752,0
                -121.871102,45.388434,0
                -121.856063,45.3431,0
                -121.814413,45.349872,0
                -121.807319,45.363031,0
                -121.828865,45.387934,0
              </coordinates>
            </LinearRing>
          </outerBoundaryIs>
        </Polygon>
      </Placemark>
      <Placemark id="mthood.195">
        <name>Area196: 405 obs</name>
        <description>32 Geranium robertianum
32 Rubus parviflorus
20 Claytonia sibirica
16 Acer macrophyllum
15 Symphoricarpos albus
14 Tellima grandiflora
13 Dicentra formosa
12 Polystichum munitum
11 Chamaenerion angustifolium
11 Lilium columbianum

Cluster 8 standouts:
2.07 Tellima grandiflora
2.00 Adiantum aleuticum
1.92 Geranium robertianum
1.90 Sedum spathulifolium
1.87 Heracleum maximum</description>
        <Style>
          <LineStyle>
            <width>2</width>
          </LineStyle>
          <PolyStyle>
            <color>ffb3b3b3</color>
          </PolyStyle>
        </Style>
        <ExtendedData>
          <SchemaData schemaUrl="#mthood.schema">
            <SimpleData name="grid_id">196</SimpleData>
            <SimpleData name="n_obs">405</SimpleData>
            <SimpleData name="cluster">8</SimpleData>
            <SimpleData name="cluster_ordered">3</SimpleData>
            <SimpleData name="top_species">32 Geranium robertianum
32 Rubus parviflorus
20 Claytonia sibirica
16 Acer macrophyllum
15 Symphoricarpos albus
14 Tellima grandiflora
13 Dicentra formosa
12 Polystichum munitum
11 Chamaenerion angustifolium
11 Lilium columbianum</SimpleData>
            <SimpleData name="standouts">2.07 Tellima grandiflora
2.00 Adiantum aleuticum
1.92 Geranium robertianum
1.90 Sedum spathulifolium
1.87 Heracleum maximum</SimpleData>
            <SimpleData name="OGR_STYLE">PEN(fc:#FF666666,w:2px);BRUSH(fc:#B3B3B3FF)</SimpleData>
          </SchemaData>
        </ExtendedData>
        <Polygon>
          <outerBoundaryIs>
            <LinearRing>
              <coordinates>
                -122.116994,45.577209,0
                -122.117189,45.57735,0
                -122.117382,45.577469,0
                -122.121161,45.571597,0
                -122.121566,45.568608,0
                -122.121392,45.568412,0
                -122.120784,45.568247,0
                -122.119583,45.568345,0
                -122.117667,45.568534,0
                -122.115293,45.569368,0
                -122.114455,45.572667,0
                -122.116148,45.576438,0
                -122.116294,45.576612,0
                -122.116516,45.576811,0
                -122.116828,45.577087,0
                -122.116994,45.577209,0
              </coordinates>
            </LinearRing>
          </outerBoundaryIs>
        </Polygon>
      </Placemark>
      <Placemark id="mthood.196">
        <name>Area197: 368 obs</name>
        <description>17 Geranium robertianum
15 Pseudotsuga menziesii
13 Euphagus cyanocephalus
12 Chamaenerion angustifolium
11 Prunella vulgaris
10 Lilium columbianum
8 Claytonia sibirica
8 Lathyrus latifolius
8 Oemleria cerasiformis
8 Trillium ovatum

Cluster 3 standouts:
2.10 Digitalis purpurea
1.98 Prunella vulgaris
1.96 Corydalis scouleri
1.88 Gaultheria shallon
1.83 Vaccinium parvifolium</description>
        <Style>
          <LineStyle>
            <width>2</width>
          </LineStyle>
          <PolyStyle>
            <color>ffcba08d</color>
          </PolyStyle>
        </Style>
        <ExtendedData>
          <SchemaData schemaUrl="#mthood.schema">
            <SimpleData name="grid_id">197</SimpleData>
            <SimpleData name="n_obs">368</SimpleData>
            <SimpleData name="cluster">3</SimpleData>
            <SimpleData name="cluster_ordered">4</SimpleData>
            <SimpleData name="top_species">17 Geranium robertianum
15 Pseudotsuga menziesii
13 Euphagus cyanocephalus
12 Chamaenerion angustifolium
11 Prunella vulgaris
10 Lilium columbianum
8 Claytonia sibirica
8 Lathyrus latifolius
8 Oemleria cerasiformis
8 Trillium ovatum</SimpleData>
            <SimpleData name="standouts">2.10 Digitalis purpurea
1.98 Prunella vulgaris
1.96 Corydalis scouleri
1.88 Gaultheria shallon
1.83 Vaccinium parvifolium</SimpleData>
            <SimpleData name="OGR_STYLE">PEN(fc:#FF666666,w:2px);BRUSH(fc:#8DA0CBFF)</SimpleData>
          </SchemaData>
        </ExtendedData>
        <Polygon>
          <outerBoundaryIs>
            <LinearRing>
              <coordinates>
                -121.8961,45.670727,0
                -121.909744,45.656806,0
                -121.917123,45.64716,0
                -121.912896,45.643727,0
                -121.908058,45.641696,0
                -121.907463,45.64148,0
                -121.893822,45.63932,0
                -121.885733,45.657445,0
                -121.886147,45.659141,0
                -121.8865,45.659859,0
                -121.895578,45.670312,0
                -121.8961,45.670727,0
              </coordinates>
            </LinearRing>
          </outerBoundaryIs>
        </Polygon>
      </Placemark>
      <Placemark id="mthood.197">
        <name>Area198: 363 obs</name>
        <description>42 Lewisia rediviva
33 Triteleia grandiflora
24 Olsynium douglasii
21 Crocidium multicaule
19 Lomatium klickitatense
18 Centaurea cyanus
18 Valeriana congesta
14 Camassia quamash
13 Lomatium columbianum
12 Lithophragma glabrum

Cluster 4 standouts:
2.19 Valeriana congesta
2.14 Lomatium klickitatense
2.02 Lithophragma glabrum
1.97 Crocidium multicaule
1.86 Olsynium douglasii</description>
        <Style>
          <LineStyle>
            <width>2</width>
          </LineStyle>
          <PolyStyle>
            <color>ffc38ae7</color>
          </PolyStyle>
        </Style>
        <ExtendedData>
          <SchemaData schemaUrl="#mthood.schema">
            <SimpleData name="grid_id">198</SimpleData>
            <SimpleData name="n_obs">363</SimpleData>
            <SimpleData name="cluster">4</SimpleData>
            <SimpleData name="cluster_ordered">8</SimpleData>
            <SimpleData name="top_species">42 Lewisia rediviva
33 Triteleia grandiflora
24 Olsynium douglasii
21 Crocidium multicaule
19 Lomatium klickitatense
18 Centaurea cyanus
18 Valeriana congesta
14 Camassia quamash
13 Lomatium columbianum
12 Lithophragma glabrum</SimpleData>
            <SimpleData name="standouts">2.19 Valeriana congesta
2.14 Lomatium klickitatense
2.02 Lithophragma glabrum
1.97 Crocidium multicaule
1.86 Olsynium douglasii</SimpleData>
            <SimpleData name="OGR_STYLE">PEN(fc:#FF666666,w:2px);BRUSH(fc:#E78AC3FF)</SimpleData>
          </SchemaData>
        </ExtendedData>
        <Polygon>
          <outerBoundaryIs>
            <LinearRing>
              <coordinates>
                -121.36113,45.7113,0
                -121.361412,45.71087,0
                -121.36162,45.71034,0
                -121.361706,45.709605,0
                -121.361707,45.709328,0
                -121.361676,45.709093,0
                -121.361619,45.708818,0
                -121.361391,45.708224,0
                -121.360975,45.707901,0
                -121.3585,45.70795,0
                -121.358729,45.70937,0
                -121.358781,45.709559,0
                -121.359735,45.711084,0
                -121.360161,45.711717,0
                -121.360414,45.71166,0
                -121.360878,45.711541,0
                -121.36113,45.7113,0
              </coordinates>
            </LinearRing>
          </outerBoundaryIs>
        </Polygon>
      </Placemark>
      <Placemark id="mthood.198">
        <name>Area199: 368 obs</name>
        <description>11 Polystichum munitum
10 Gaultheria shallon
10 Trillium ovatum
9 Dicentra formosa
9 Mergus merganser
8 Holodiscus discolor
8 Iris tenax
7 Corydalis scouleri
7 Lilium columbianum
7 Prunella vulgaris

Cluster 3 standouts:
2.10 Digitalis purpurea
1.98 Prunella vulgaris
1.96 Corydalis scouleri
1.88 Gaultheria shallon
1.83 Vaccinium parvifolium</description>
        <Style>
          <LineStyle>
            <width>2</width>
          </LineStyle>
          <PolyStyle>
            <color>ffcba08d</color>
          </PolyStyle>
        </Style>
        <ExtendedData>
          <SchemaData schemaUrl="#mthood.schema">
            <SimpleData name="grid_id">199</SimpleData>
            <SimpleData name="n_obs">368</SimpleData>
            <SimpleData name="cluster">3</SimpleData>
            <SimpleData name="cluster_ordered">4</SimpleData>
            <SimpleData name="top_species">11 Polystichum munitum
10 Gaultheria shallon
10 Trillium ovatum
9 Dicentra formosa
9 Mergus merganser
8 Holodiscus discolor
8 Iris tenax
7 Corydalis scouleri
7 Lilium columbianum
7 Prunella vulgaris</SimpleData>
            <SimpleData name="standouts">2.10 Digitalis purpurea
1.98 Prunella vulgaris
1.96 Corydalis scouleri
1.88 Gaultheria shallon
1.83 Vaccinium parvifolium</SimpleData>
            <SimpleData name="OGR_STYLE">PEN(fc:#FF666666,w:2px);BRUSH(fc:#8DA0CBFF)</SimpleData>
          </SchemaData>
        </ExtendedData>
        <Polygon>
          <outerBoundaryIs>
            <LinearRing>
              <coordinates>
                -122.399108,45.287392,0
                -122.39617,45.19432,0
                -122.365342,45.195513,0
                -122.34105,45.197099,0
                -122.313774,45.203931,0
                -122.29278,45.219312,0
                -122.29729,45.239304,0
                -122.300853,45.245502,0
                -122.312896,45.264594,0
                -122.314044,45.266302,0
                -122.329833,45.280647,0
                -122.35173,45.294405,0
                -122.36169,45.298019,0
                -122.377092,45.302137,0
                -122.394888,45.301797,0
                -122.399108,45.287392,0
              </coordinates>
            </LinearRing>
          </outerBoundaryIs>
        </Polygon>
      </Placemark>
      <Placemark id="mthood.199">
        <name>Area200: 370 obs</name>
        <description>14 Trillium ovatum
13 Araneus diadematus
12 Digitalis purpurea
11 Ariolimax columbianus
11 Rubus spectabilis
8 Monadenia fidelis
7 Corvus corax
7 Dicentra formosa
7 Junco hyemalis
7 Oemleria cerasiformis

Cluster 3 standouts:
2.10 Digitalis purpurea
1.98 Prunella vulgaris
1.96 Corydalis scouleri
1.88 Gaultheria shallon
1.83 Vaccinium parvifolium</description>
        <Style>
          <LineStyle>
            <width>2</width>
          </LineStyle>
          <PolyStyle>
            <color>ffcba08d</color>
          </PolyStyle>
        </Style>
        <ExtendedData>
          <SchemaData schemaUrl="#mthood.schema">
            <SimpleData name="grid_id">200</SimpleData>
            <SimpleData name="n_obs">370</SimpleData>
            <SimpleData name="cluster">3</SimpleData>
            <SimpleData name="cluster_ordered">4</SimpleData>
            <SimpleData name="top_species">14 Trillium ovatum
13 Araneus diadematus
12 Digitalis purpurea
11 Ariolimax columbianus
11 Rubus spectabilis
8 Monadenia fidelis
7 Corvus corax
7 Dicentra formosa
7 Junco hyemalis
7 Oemleria cerasiformis</SimpleData>
            <SimpleData name="standouts">2.10 Digitalis purpurea
1.98 Prunella vulgaris
1.96 Corydalis scouleri
1.88 Gaultheria shallon
1.83 Vaccinium parvifolium</SimpleData>
            <SimpleData name="OGR_STYLE">PEN(fc:#FF666666,w:2px);BRUSH(fc:#8DA0CBFF)</SimpleData>
          </SchemaData>
        </ExtendedData>
        <Polygon>
          <outerBoundaryIs>
            <LinearRing>
              <coordinates>
                -122.273553,45.406912,0
                -122.263531,45.382794,0
                -122.250588,45.381203,0
                -122.241508,45.386312,0
                -122.237431,45.396983,0
                -122.2353,45.420771,0
                -122.235292,45.421367,0
                -122.23568,45.423408,0
                -122.246338,45.443649,0
                -122.248037,45.445839,0
                -122.249647,45.447045,0
                -122.251247,45.447689,0
                -122.266755,45.438721,0
                -122.275237,45.412033,0
                -122.273553,45.406912,0
              </coordinates>
            </LinearRing>
          </outerBoundaryIs>
        </Polygon>
      </Placemark>
    </Document>
  </Document>
</kml>
